data,sample,sattr,strategy,n_sg,anony_mode,info_loss,alpha_adm,alpha_dm,k,w,l,reset_w,calgo,enforcer_str,enforcer,enforcer_name,max_dist,t,algo,galgo,adm,dm,am,radm,num_anonymized_fake_entities,num_anonymized_real_entities,num_real_edges,num_fake_edges,num_raw_entities,num_anonymized_entities,num_raw_edges,num_anonymized_edges,anonymized_anonymity,anonymized_attribute_anonymity,anonymized_degree_anonymity,num_removed_entities,num_removed_edges
icews14,-1,MakeStatement,mean,10,all,adm,0.5,0.5,4,-1,1,-1,km,gs#0.25,gs,gs,0.25,5,tanga,ad2,0.404269710410982,0.404085680517402,0.404453740304559,0.000394689830879258,0,854,697,2230,1433,854,3578,2927,1,4,1,579,2881
icews14,-1,MakeStatement,mean,10,all,adm,0.5,0.5,2,-1,1,-1,km,gs#0.25,gs,gs,0.25,7,tanga,ad2,0.321127181229868,0.321015734947188,0.321238627512543,0.000228693567883617,0,1136,1363,1427,1673,1136,4576,2790,1,2,1,537,3213
icews14,-1,MakeStatement,mean,10,all,adm,0.5,0.5,2,-1,1,-1,km,gs#0.25,gs,gs,0.25,3,tanga,ad2,0.363070229842349,0.362981460025618,0.363158999659078,0.000201698243501808,0,760,820,867,1193,760,2685,1687,1,2,1,433,1865
icews14,-1,MakeStatement,mean,10,all,adm,0.5,0.5,10,-1,2,-1,km,gs#0.25,gs,gs,0.25,3,tanga,ad2,0.642298443952681,0.642100925417828,0.642495962487532,0.000669149577786003,0,427,241,2236,1193,427,2685,2477,1,10,1,766,2444
icews14,-1,MakeStatement,mean,10,all,adm,0.5,0.5,4,-1,1,-1,km,gs#0.25,gs,gs,0.25,2,tanga,ad2,0.38781822587203,0.38767858645794,0.387957865286121,0.000310025907526921,0,654,524,1600,1068,654,2212,2124,1,4,1,414,1688
icews14,-1,MakeStatement,mean,10,all,adm,0.5,0.5,10,-1,4,-1,km,gs#0.25,gs,gs,0.25,9,tanga,ad2,0.603023830179449,0.602841890027359,0.603205770331538,0.000582229675722622,0,734,420,3807,1848,734,5594,4227,1,4,1,1114,5174
icews14,-1,MakeStatement,mean,10,all,adm,0.5,0.5,10,-1,4,-1,km,gs#0.00,gs,gs,0,1,tanga,ad2,0.538832282752621,0.538666371845291,0.53899819365995,0.0099531888838873,4,418,220,2028,902,422,1702,2248,1,10,1,484,1482
icews14,-1,MakeStatement,mean,10,all,adm,0.5,0.5,10,-1,3,-1,km,gs#0.25,gs,gs,0.25,7,tanga,ad2,0.609874387507793,0.609715537621714,0.610033237393872,0.000554515526696136,0,653,341,3033,1673,653,4576,3374,1,10,1,1020,4235
icews14,-1,MakeStatement,mean,10,all,adm,0.5,0.5,4,-1,1,-1,km,gs#0.25,gs,gs,0.25,4,tanga,ad2,0.396258645365201,0.396075277455683,0.396442013274715,0.000382040998517714,0,793,640,2012,1313,793,3146,2652,1,4,1,520,2506
icews14,-1,MakeStatement,mean,10,all,adm,0.5,0.5,10,-1,3,-1,km,gs#0.25,gs,gs,0.25,5,tanga,ad2,0.601743098289941,0.601571642214788,0.601914554365094,0.000590601653408995,0,571,289,2535,1433,571,3578,2824,1,10,1,862,3289
icews14,-1,MakeStatement,mean,10,all,adm,0.5,0.5,10,-1,3,-1,km,gs#0.25,gs,gs,0.25,9,tanga,ad2,0.594931883857782,0.594733645007588,0.595130122707969,0.000645987802592389,0,749,435,3931,1848,749,5594,4366,1,10,1,1099,5159
icews14,-1,MakeStatement,mean,10,all,adm,0.5,0.5,10,-1,3,-1,km,gs#0.25,gs,gs,0.25,4,tanga,ad2,0.604159819047368,0.604001725089024,0.604317913005711,0.000583114430064792,0,520,262,2288,1313,520,3146,2550,1,10,1,793,2884
icews14,-1,MakeStatement,mean,10,all,adm,0.5,0.5,10,-1,4,-1,km,gs#0.25,gs,gs,0.25,3,tanga,ad2,0.63303843863025,0.632885918064933,0.633190959195567,0.000555281041616733,0,438,223,2054,1193,438,2685,2277,1,10,1,755,2462
icews14,-1,MakeStatement,mean,10,all,adm,0.5,0.5,8,-1,1,-1,km,gs#0.25,gs,gs,0.25,5,tanga,ad2,0.569672018643742,0.569458614095329,0.569885423192156,0.000587704996730009,0,617,395,2866,1433,617,3578,3261,1,8,1,816,3183
icews14,-1,MakeStatement,mean,10,all,adm,0.5,0.5,8,-1,1,-1,km,gs#0.25,gs,gs,0.25,2,tanga,ad2,0.577912377833645,0.577739465415423,0.578085290251871,0.000505615963142273,0,451,285,2130,1068,451,2212,2415,1,8,1,617,1927
icews14,-1,MakeStatement,mean,10,all,adm,0.5,0.5,8,-1,1,-1,km,gs#0.25,gs,gs,0.25,0,tanga,ad2,0.0284913662912925,0.0279612482853224,0.0290214842972627,0.000736672649930098,0,525,522,3525,540,525,847,4047,1,8,1,15,325
icews14,-1,MakeStatement,mean,10,all,adm,0.5,0.5,10,-1,4,-1,km,gs#0.00,gs,gs,0,3,tanga,ad2,0.639372664178625,0.639196875000001,0.639548453357248,0.0165420541648423,7,433,264,2356,1193,440,2685,2620,1,10,1,760,2421
icews14,-1,MakeStatement,mean,10,all,adm,0.5,0.5,10,-1,3,-1,km,gs#0.25,gs,gs,0.25,2,tanga,ad2,0.628460462107971,0.628302578237878,0.628618345978063,0.000550933707197267,0,397,222,2063,1068,397,2212,2285,1,10,1,671,1990
icews14,-1,MakeStatement,mean,10,all,adm,0.5,0.5,4,-1,1,-1,km,gs#0.25,gs,gs,0.25,9,tanga,ad2,0.383903716438309,0.383700174284588,0.384107258592029,0.00041994757161947,0,1139,1062,3342,1848,1139,5594,4404,1,4,1,709,4532
icews14,-1,MakeStatement,mean,10,all,adm,0.5,0.5,10,-1,2,-1,km,gs#0.25,gs,gs,0.25,4,tanga,ad2,0.628570240665156,0.628372812968214,0.628767668362098,0.00073350766133949,0,488,279,2415,1313,488,3146,2694,1,8,1,825,2867
icews14,-1,MakeStatement,mean,10,all,adm,0.5,0.5,8,-1,1,-1,km,gs#0.25,gs,gs,0.25,6,tanga,ad2,0.560275053564666,0.560050697335769,0.560499409793565,0.000601948679415537,0,678,448,3272,1541,678,4068,3720,1,8,1,863,3620
icews14,-1,MakeStatement,mean,10,all,adm,0.5,0.5,10,-1,3,-1,km,gs#0.25,gs,gs,0.25,0,tanga,ad2,0.0285734733922115,0.0279629629629631,0.0291839838214601,0.000821150863281514,0,525,443,4141,540,525,847,4584,1,10,1,15,404
icews14,-1,MakeStatement,mean,10,all,adm,0.5,0.5,10,-1,1,-1,km,gs#0.25,gs,gs,0.25,2,tanga,ad2,0.618189192499684,0.617996596599757,0.618381788399613,0.000594434845973947,0,408,250,2349,1068,408,2212,2599,1,10,1,660,1962
icews14,-1,MakeStatement,mean,10,all,adm,0.5,0.5,10,-1,2,-1,km,gs#0.25,gs,gs,0.25,9,tanga,ad2,0.607410753844475,0.607166282490956,0.60765522519799,0.000727995181370801,0,726,439,4049,1848,726,5594,4488,1,10,1,1122,5155
icews14,-1,MakeStatement,mean,10,all,adm,0.5,0.5,10,-1,1,-1,km,gs#0.25,gs,gs,0.25,6,tanga,ad2,0.614137125628096,0.613909720926728,0.614364530329466,0.000694182665682076,0,595,369,3437,1541,595,4068,3806,1,10,1,946,3699
icews14,-1,MakeStatement,mean,10,all,adm,0.5,0.5,10,-1,2,-1,km,gs#0.25,gs,gs,0.25,0,tanga,ad2,0.047151962677301,0.0464926268861455,0.0478112984684563,0.000902200215058387,0,515,429,4430,540,515,847,4859,1,10,1,25,418
icews14,-1,MakeStatement,mean,10,all,adm,0.5,0.5,8,-1,1,-1,km,gs#0.25,gs,gs,0.25,8,tanga,ad2,0.560114045593612,0.559887605728061,0.560340485459165,0.000598160792105731,0,783,514,3738,1779,783,5128,4252,1,8,1,996,4614
icews14,-1,MakeStatement,mean,10,all,adm,0.5,0.5,10,-1,3,-1,km,gs#0.25,gs,gs,0.25,3,tanga,ad2,0.633885017668341,0.633727654120957,0.634042381215724,0.000587894017842902,0,437,232,2124,1193,437,2685,2356,1,10,1,756,2453
icews14,-1,MakeStatement,mean,10,all,adm,0.5,0.5,2,-1,1,-1,km,gs#0.25,gs,gs,0.25,9,tanga,ad2,0.303197379908648,0.303070126122073,0.303324633695219,0.000252140190558455,0,1288,1667,1750,1848,1288,5594,3417,1,2,1,560,3927
icews14,-1,MakeStatement,mean,10,all,adm,0.5,0.5,10,-1,4,-1,km,gs#0.00,gs,gs,0,8,tanga,ad2,0.588760829879014,0.588506443672258,0.589015216085769,0.0102127387001816,7,735,497,4598,1779,742,5128,5095,1,10,1,1044,4631
icews14,-1,MakeStatement,mean,10,all,adm,0.5,0.5,4,-1,1,-1,km,gs#0.25,gs,gs,0.25,1,tanga,ad2,0.374886421310618,0.374771080279841,0.375001762341396,0.000284735665355122,0,564,411,1260,902,564,1702,1671,1,4,1,338,1291
icews14,-1,MakeStatement,mean,10,all,adm,0.5,0.5,10,-1,4,-1,km,gs#0.25,gs,gs,0.25,2,tanga,ad2,0.628432658985351,0.628298852207214,0.62856646576349,0.000467667512188175,0,397,203,1904,1068,397,2212,2107,1,10,1,671,2009
icews14,-1,MakeStatement,mean,10,all,adm,0.5,0.5,10,-1,4,-1,km,gs#0.25,gs,gs,0.25,7,tanga,ad2,0.62061105809611,0.620466882153855,0.620755234038368,0.000497460049389053,0,635,311,2824,1673,635,4576,3135,1,10,1,1038,4265
icews14,-1,MakeStatement,mean,10,all,adm,0.5,0.5,10,-1,1,-1,km,gs#0.25,gs,gs,0.25,1,tanga,ad2,0.45145277527176,0.451268676161867,0.451636874381654,0.000461887649556069,0,495,299,2311,902,495,1702,2610,1,10,1,407,1403
icews14,-1,MakeStatement,mean,10,all,adm,0.5,0.5,2,-1,1,-1,km,gs#0.25,gs,gs,0.25,4,tanga,ad2,0.337527824141576,0.337430226413583,0.337625421869565,0.000213466545001681,0,870,977,1027,1313,870,3146,2004,1,2,1,443,2169
icews14,-1,MakeStatement,mean,10,all,adm,0.5,0.5,8,-1,1,-1,km,gs#0.25,gs,gs,0.25,3,tanga,ad2,0.571898481789228,0.571694236215869,0.572102727362584,0.000578718224426518,0,511,315,2305,1193,511,2685,2620,1,8,1,682,2370
icews14,-1,MakeStatement,mean,10,all,adm,0.5,0.5,10,-1,3,-1,km,gs#0.25,gs,gs,0.25,6,tanga,ad2,0.597879454364234,0.597702912517513,0.598055996210956,0.000607973334901496,0,620,328,2959,1541,620,4068,3287,1,10,1,921,3740
icews14,-1,MakeStatement,mean,10,all,adm,0.5,0.5,10,-1,2,-1,km,gs#0.25,gs,gs,0.25,1,tanga,ad2,0.51244234604269,0.512254425986106,0.512630266099274,0.000570635355061971,0,440,231,2136,902,440,1702,2367,1,10,1,462,1471
icews14,-1,MakeStatement,mean,10,all,adm,0.5,0.5,10,-1,2,-1,km,gs#0.25,gs,gs,0.25,6,tanga,ad2,0.612201629406375,0.611968512823407,0.612434745989341,0.000730755604810836,0,598,354,3230,1541,598,4068,3584,1,10,1,943,3714
icews14,-1,MakeStatement,mean,10,all,adm,0.5,0.5,10,-1,2,-1,km,gs#0.25,gs,gs,0.25,7,tanga,ad2,0.609922404585717,0.609708392031384,0.610136417140051,0.000663238225007622,0,653,356,3263,1673,653,4576,3619,1,10,1,1020,4220
icews14,-1,MakeStatement,mean,10,all,adm,0.5,0.5,10,-1,4,-1,km,gs#0.25,gs,gs,0.25,5,tanga,ad2,0.607993298920936,0.607843650489486,0.608142947352388,0.000507750785919203,0,562,258,2267,1433,562,3578,2525,1,10,1,871,3320
icews14,-1,MakeStatement,mean,10,all,adm,0.5,0.5,10,-1,4,-1,km,gs#0.00,gs,gs,0,7,tanga,ad2,0.609759967977521,0.609542765022675,0.609977170932366,0.0111933189912253,7,656,388,3495,1673,663,4576,3883,1,10,1,1017,4188
icews14,-1,MakeStatement,mean,10,all,adm,0.5,0.5,8,-1,1,-1,km,gs#0.25,gs,gs,0.25,4,tanga,ad2,0.553955933277673,0.553721818663792,0.554190047891551,0.000626169595193705,0,586,370,2618,1313,586,3146,2988,1,8,1,727,2776
icews14,-1,MakeStatement,mean,10,all,adm,0.5,0.5,10,-1,4,-1,km,gs#0.25,gs,gs,0.25,1,tanga,ad2,0.517937243316354,0.517775232176833,0.518099254455873,0.000453440271769801,0,435,213,2007,902,435,1702,2220,1,10,1,467,1489
icews14,-1,MakeStatement,mean,10,all,adm,0.5,0.5,10,-1,4,-1,km,gs#0.25,gs,gs,0.25,8,tanga,ad2,0.60670503356923,0.606542240194689,0.606867826943773,0.000511484584774312,0,700,352,3258,1779,700,5128,3610,1,10,1,1079,4776
icews14,-1,MakeStatement,mean,10,all,adm,0.5,0.5,2,-1,1,-1,km,gs#0.25,gs,gs,0.25,5,tanga,ad2,0.332306636118757,0.332206308385386,0.332406963852124,0.000217609286296317,0,957,1071,1119,1433,957,3578,2190,1,2,1,476,2507
icews14,-1,MakeStatement,mean,10,all,adm,0.5,0.5,10,-1,4,-1,km,gs#0.00,gs,gs,0,4,tanga,ad2,0.625991327510404,0.625780245638202,0.626202409382609,0.0146367492020091,7,494,285,2568,1313,501,3146,2853,1,10,1,819,2861
icews14,-1,MakeStatement,mean,10,all,adm,0.5,0.5,8,-1,1,-1,km,gs#0.25,gs,gs,0.25,1,tanga,ad2,0.432592181638227,0.432436725974798,0.432747637301656,0.000430097292327735,0,512,302,1918,902,512,1702,2220,1,8,1,390,1400
icews14,-1,MakeStatement,mean,10,all,adm,0.5,0.5,10,-1,4,-1,km,gs#0.00,gs,gs,0,2,tanga,ad2,0.591876756919824,0.591664467279611,0.592089046560038,0.0163570134459035,7,439,293,2565,1068,446,2212,2858,1,10,1,629,1919
icews14,-1,MakeStatement,mean,10,all,adm,0.5,0.5,10,-1,2,-1,km,gs#0.25,gs,gs,0.25,8,tanga,ad2,0.605094817736134,0.604861982007943,0.605327653464327,0.000713423415665,0,703,412,3728,1779,703,5128,4140,1,10,1,1076,4716
icews14,-1,MakeStatement,mean,10,all,adm,0.5,0.5,10,-1,2,-1,km,gs#0.25,gs,gs,0.25,2,tanga,ad2,0.628444244789185,0.628300824811683,0.628587664766686,0.000503319957667876,0,397,210,1932,1068,397,2212,2142,1,10,1,671,2002
icews14,-1,MakeStatement,mean,10,all,adm,0.5,0.5,8,-1,1,-1,km,gs#0.25,gs,gs,0.25,7,tanga,ad2,0.56389087557093,0.563680697152377,0.564101053989485,0.000566922712345779,0,730,468,3415,1673,730,4576,3883,1,8,1,943,4108
icews14,-1,MakeStatement,mean,10,all,adm,0.5,0.5,10,-1,1,-1,km,gs#0.25,gs,gs,0.25,5,tanga,ad2,0.625490556555029,0.625277880719109,0.625703232390953,0.000646787783564996,0,537,311,2814,1433,537,3578,3125,1,10,1,896,3267
icews14,-1,MakeStatement,mean,10,all,adm,0.5,0.5,10,-1,4,-1,km,gs#0.25,gs,gs,0.25,0,tanga,ad2,0.0322377240513199,0.0317215363511661,0.0327539117514738,0.000784852349935869,0,523,411,3856,540,523,847,4267,1,10,1,17,436
icews14,-1,MakeStatement,mean,10,all,adm,0.5,0.5,4,-1,1,-1,km,gs#0.25,gs,gs,0.25,3,tanga,ad2,0.444464329535191,0.444287506964699,0.444641152105684,0.000392055659475693,0,663,555,1768,1193,663,2685,2323,1,4,1,530,2130
icews14,-1,MakeStatement,mean,10,all,adm,0.5,0.5,10,-1,4,-1,km,gs#0.00,gs,gs,0,0,tanga,ad2,0.1589312645454,0.158620077571076,0.159242451519723,0.0196604862751217,9,462,278,2668,540,471,847,2946,1,10,1,78,569
icews14,-1,MakeStatement,mean,10,all,adm,0.5,0.5,10,-1,1,-1,km,gs#0.25,gs,gs,0.25,7,tanga,ad2,0.615885740293168,0.615681480309078,0.616090000277261,0.000629812635004968,0,643,376,3467,1673,643,4576,3843,1,10,1,1030,4200
icews14,-1,MakeStatement,mean,10,all,adm,0.5,0.5,10,-1,4,-1,km,gs#0.00,gs,gs,0,6,tanga,ad2,0.60427479904546,0.604036361830554,0.604513236260367,0.0120218179412732,7,613,361,3263,1541,620,4068,3624,1,10,1,928,3707
icews14,-1,MakeStatement,mean,10,all,adm,0.5,0.5,4,-1,1,-1,km,gs#0.25,gs,gs,0.25,7,tanga,ad2,0.409063701342558,0.408882379653075,0.409245023032041,0.000388672451437914,0,989,853,2731,1673,989,4576,3584,1,4,1,684,3723
icews14,-1,MakeStatement,mean,10,all,adm,0.5,0.5,10,-1,3,-1,km,gs#0.25,gs,gs,0.25,1,tanga,ad2,0.484715899502353,0.484529943313946,0.484901855690756,0.000506151768699512,0,465,232,2161,902,465,1702,2393,1,10,1,437,1470
icews14,-1,MakeStatement,mean,10,all,adm,0.5,0.5,4,-1,1,-1,km,gs#0.25,gs,gs,0.25,8,tanga,ad2,0.393708937390757,0.393518663338854,0.393899211442661,0.000399267089828036,0,1079,971,3018,1779,1079,5128,3989,1,4,1,700,4157
icews14,-1,MakeStatement,mean,10,all,adm,0.5,0.5,10,-1,4,-1,km,gs#0.25,gs,gs,0.25,4,tanga,ad2,0.617827934605968,0.61770571280574,0.617950156406195,0.000491092981438214,0,502,241,2086,1313,502,3146,2327,1,10,1,811,2905
icews14,-1,MakeStatement,mean,10,all,adm,0.5,0.5,4,-1,1,-1,km,gs#0.25,gs,gs,0.25,6,tanga,ad2,0.416187182060657,0.415999664797081,0.416374699324231,0.000404673143688774,0,900,775,2448,1541,900,4068,3223,1,4,1,641,3293
icews14,-1,MakeStatement,mean,10,all,adm,0.5,0.5,10,-1,1,-1,km,gs#0.25,gs,gs,0.25,0,tanga,ad2,0.0471459103400585,0.0465294924554185,0.0477623282246985,0.000896792307076372,0,515,432,4227,540,515,847,4659,1,10,1,25,415
icews14,-1,MakeStatement,mean,10,all,adm,0.5,0.5,2,-1,1,-1,km,gs#0.25,gs,gs,0.25,0,tanga,ad2,0.0593958473850076,0.0593278463648834,0.0594638484051317,0.000147488403062228,0,508,547,520,540,508,847,1067,1,2,1,32,300
icews14,-1,MakeStatement,mean,10,all,adm,0.5,0.5,8,-1,1,-1,km,gs#0.25,gs,gs,0.25,9,tanga,ad2,0.552216254606674,0.5519711844793,0.552461324734047,0.000630397787764588,0,828,562,4115,1848,828,5594,4677,1,8,1,1020,5032
icews14,-1,MakeStatement,mean,10,all,adm,0.5,0.5,10,-1,1,-1,km,gs#0.25,gs,gs,0.25,8,tanga,ad2,0.596640196593503,0.596420641668887,0.59685975151812,0.000622271250831338,0,718,414,3808,1779,718,5128,4222,1,6,1,1061,4714
icews14,-1,MakeStatement,mean,10,all,adm,0.5,0.5,10,-1,4,-1,km,gs#0.00,gs,gs,0,5,tanga,ad2,0.608568952410242,0.608356963734568,0.608780941085917,0.0128987473944764,7,564,322,2864,1433,571,3578,3186,1,10,1,869,3256
icews14,-1,MakeStatement,mean,10,all,adm,0.5,0.5,10,-1,3,-1,km,gs#0.25,gs,gs,0.25,8,tanga,ad2,0.596613839216893,0.596432332619554,0.596795345814231,0.000578367550421007,0,718,395,3536,1779,718,5128,3931,1,10,1,1061,4733
icews14,-1,MakeStatement,mean,10,all,adm,0.5,0.5,10,-1,1,-1,km,gs#0.25,gs,gs,0.25,4,tanga,ad2,0.603466579492252,0.603224448931506,0.603708710052995,0.000724058657465874,0,521,304,2676,1313,521,3146,2980,1,10,1,792,2842
icews14,-1,MakeStatement,mean,10,all,adm,0.5,0.5,10,-1,1,-1,km,gs#0.25,gs,gs,0.25,9,tanga,ad2,0.592257816277486,0.592018939979572,0.5924966925754,0.000702180291339036,0,754,476,4448,1848,754,5594,4924,1,10,1,1094,5118
icews14,-1,MakeStatement,mean,10,all,adm,0.5,0.5,2,-1,1,-1,km,gs#0.25,gs,gs,0.25,6,tanga,ad2,0.338234151175484,0.338129521396768,0.338338780954195,0.000228956497224591,0,1020,1178,1235,1541,1020,4068,2413,1,2,1,521,2890
icews14,-1,MakeStatement,mean,10,all,adm,0.5,0.5,2,-1,1,-1,km,gs#0.25,gs,gs,0.25,1,tanga,ad2,0.299428474418069,0.299366460833526,0.299490488002613,0.000143325830097511,0,632,599,609,902,632,1702,1208,1,2,1,270,1103
icews14,-1,MakeStatement,mean,10,all,adm,0.5,0.5,10,-1,4,-1,km,gs#0.00,gs,gs,0,9,tanga,ad2,0.596584564545203,0.596251916216827,0.596917212873582,0.0101835326118167,7,749,628,5763,1848,756,5594,6391,1,10,1,1099,4966
icews14,-1,MakeStatement,mean,10,all,adm,0.5,0.5,4,-1,1,-1,km,gs#0.25,gs,gs,0.25,0,tanga,ad2,0.024399784581224,0.0242035322359397,0.0245960369265082,0.000335381232326702,0,527,548,1517,540,527,847,2065,1,4,1,13,299
icews14,-1,MakeStatement,mean,10,all,adm,0.5,0.5,2,-1,1,-1,km,gs#0.25,gs,gs,0.25,8,tanga,ad2,0.318874381045479,0.318755270801915,0.31899349128904,0.00024164578632053,0,1212,1531,1601,1779,1212,5128,3132,1,2,1,567,3597
icews14,-1,MakeStatement,mean,10,all,adm,0.5,0.5,10,-1,1,-1,km,gs#0.25,gs,gs,0.25,3,tanga,ad2,0.634736272364445,0.634557270020916,0.634915274707972,0.000604721584889164,0,436,248,2229,1193,436,2685,2477,1,10,1,757,2437
icews14,-1,MakeStatement,mean,10,all,adm,0.5,0.5,10,-1,4,-1,km,gs#0.25,gs,gs,0.25,6,tanga,ad2,0.629662173639178,0.629481601949905,0.629842745328453,0.000588208054667723,0,571,303,2878,1541,571,4068,3181,1,10,1,970,3765
icews14,-1,MakeStatement,mean,10,all,adm,0.5,0.5,10,-1,2,-1,km,gs#0.25,gs,gs,0.25,5,tanga,ad2,0.622729835607863,0.622494812487432,0.622964858728298,0.000740781983949471,0,541,291,2689,1433,541,3578,2980,1,10,1,892,3287
icews14,-1,MakeStatement,mean,10,all,adm,0.5,0.5,2,-1,1,-1,km,gs#0.25,gs,gs,0.25,2,tanga,ad2,0.36995645675525,0.369881968115699,0.370030945394799,0.000183442035890191,0,673,709,751,1068,673,2212,1460,1,2,1,395,1503
icews14,-1,MakeStatement,mean,10,all,adm,0.5,0.5,6,-1,4,3,km,gs#0.25,gs,gs,0.25,9,tanga,ad2,0.0133590756345696,0.012567626051798,0.0141505252173411,0.000925473649540895,0,1825,3336,17243,1848,1825,5594,20579,1,6,1,23,2258
icews14,-1,MakeStatement,mean,10,all,adm,0.5,0.5,6,-1,4,2,km,gs#0.25,gs,gs,0.25,4,tanga,ad2,0.00985889490251978,0.00928743498287966,0.01043035482216,0.000726845163693733,0,1301,2056,9575,1313,1301,3146,11631,1,6,1,12,1090
icews14,-1,MakeStatement,mean,10,all,adm,0.5,0.5,6,-1,1,-1,km,gs#0.25,gs,gs,0.25,5,tanga,ad2,0.491515205076701,0.491306137992461,0.491724272160941,0.000495777501953907,0,729,538,2886,1433,729,3578,3424,1,6,1,704,3040
icews14,-1,MakeStatement,mean,10,all,adm,0.5,0.5,6,-1,1,-1,km,gs#0.25,gs,gs,0.25,0,tanga,ad2,0.0264249091883767,0.0260725308641976,0.0267772875125558,0.000514267130264929,0,526,495,2465,540,526,847,2960,1,6,1,14,352
icews14,-1,MakeStatement,mean,10,all,adm,0.5,0.5,6,-1,2,-1,km,gs#0.25,gs,gs,0.25,0,tanga,ad2,0.0264122233022145,0.0260519547325103,0.0267724918719187,0.000500962481927959,0,526,508,2463,540,526,847,2971,1,6,1,14,339
icews14,-1,MakeStatement,mean,10,all,adm,0.5,0.5,6,-1,3,-1,km,gs#0.25,gs,gs,0.25,9,tanga,ad2,0.465623155096905,0.465401932122709,0.465844378071101,0.000504969424229058,0,988,735,3776,1848,988,5594,4511,1,6,1,860,4859
icews14,-1,MakeStatement,mean,10,all,adm,0.5,0.5,6,-1,4,3,km,gs#0.25,gs,gs,0.25,8,tanga,ad2,0.45276411827544,0.452521469482985,0.453006767067897,0.000494986491609239,0,974,714,3690,1779,974,5128,4404,1,6,1,805,4414
icews14,-1,MakeStatement,mean,10,all,adm,0.5,0.5,6,-1,4,3,km,gs#0.25,gs,gs,0.25,7,tanga,ad2,0.466470106118345,0.466246553592465,0.466693658644227,0.000467862135527836,0,893,647,3333,1673,893,4576,3980,1,2,1,780,3929
icews14,-1,MakeStatement,mean,10,all,adm,0.5,0.5,6,-1,2,-1,km,gs#0.25,gs,gs,0.25,1,tanga,ad2,0.44363612959535,0.44350076941608,0.44377148977462,0.000348219980451971,0,502,288,1488,902,502,1702,1776,1,6,1,400,1414
icews14,-1,MakeStatement,mean,10,all,adm,0.5,0.5,6,-1,4,-1,km,gs#0.00,gs,gs,0,8,tanga,ad2,0.466611380885554,0.466366810642906,0.466855951128203,0.00370018156178763,3,951,782,3976,1779,954,5128,4758,1,6,1,828,4346
icews14,-1,MakeStatement,mean,10,all,adm,0.5,0.5,6,-1,1,-1,km,gs#0.25,gs,gs,0.25,3,tanga,ad2,0.532504243085665,0.532296000207975,0.532712485963356,0.000527125215006837,0,558,401,2137,1193,558,2685,2538,1,6,1,635,2284
icews14,-1,MakeStatement,mean,10,all,adm,0.5,0.5,6,-1,4,-1,km,gs#0.25,gs,gs,0.25,4,tanga,ad2,0.481533436906964,0.481374665089684,0.481692208724243,0.000402721991939965,0,681,434,2203,1313,681,3146,2637,1,6,1,632,2712
icews14,-1,MakeStatement,mean,10,all,adm,0.5,0.5,6,-1,2,-1,km,gs#0.25,gs,gs,0.25,2,tanga,ad2,0.497391554017404,0.497215340024408,0.4975677680104,0.000422767423428271,0,537,368,1909,1068,537,2212,2277,1,6,1,531,1844
icews14,-1,MakeStatement,mean,10,all,adm,0.5,0.5,6,-1,1,-1,km,gs#0.25,gs,gs,0.25,1,tanga,ad2,0.420378876662277,0.42022746938314,0.420530283941411,0.000378806869153712,0,523,295,1575,902,523,1702,1870,1,6,1,379,1407
icews14,-1,MakeStatement,mean,10,all,adm,0.5,0.5,6,-1,4,3,km,gs#0.25,gs,gs,0.25,3,tanga,ad2,0.0392606029918281,0.0386831468000327,0.0398380591836234,0.000733118610147025,0,1147,1547,8349,1193,1147,2685,9896,1,6,1,46,1138
icews14,-1,MakeStatement,mean,10,all,adm,0.5,0.5,6,-1,4,2,km,gs#0.25,gs,gs,0.25,3,tanga,ad2,0.511536673226372,0.511334629428863,0.51173871702388,0.00047147852053517,0,583,423,2158,1193,583,2685,2581,1,6,1,610,2262
icews14,-1,MakeStatement,mean,10,all,adm,0.5,0.5,6,-1,4,1,km,gs#0.25,gs,gs,0.25,8,tanga,ad2,0.00702064639016453,0.00630150140244006,0.00773979137788898,0.000842977580745984,0,1768,3323,15141,1779,1768,5128,18464,1,6,1,11,1805
icews14,-1,MakeStatement,mean,10,all,adm,0.5,0.5,6,-1,4,4,km,gs#0.25,gs,gs,0.25,9,tanga,ad2,0.438088603849144,0.437793475689172,0.438383732009115,0.00058154453975671,0,1039,790,4078,1848,1039,5594,4868,1,6,1,809,4804
icews14,-1,MakeStatement,mean,10,all,adm,0.5,0.5,6,-1,3,-1,km,gs#0.25,gs,gs,0.25,0,tanga,ad2,0.0597826910915171,0.0594538751714679,0.0601115070115665,0.000562919669951914,0,508,437,2354,540,508,847,2791,1,6,1,32,410
icews14,-1,MakeStatement,mean,10,all,adm,0.5,0.5,6,-1,2,-1,km,gs#0.25,gs,gs,0.25,3,tanga,ad2,0.509905751869862,0.509663101818445,0.51014840192128,0.000567784999446613,0,585,405,2227,1193,585,2685,2632,1,6,1,608,2280
icews14,-1,MakeStatement,mean,10,all,adm,0.5,0.5,6,-1,1,-1,km,gs#0.25,gs,gs,0.25,2,tanga,ad2,0.532977418021475,0.532799590399642,0.533155245643308,0.000474880364295563,0,499,365,1953,1068,499,2212,2318,1,6,1,569,1847
icews14,-1,MakeStatement,mean,10,all,adm,0.5,0.5,6,-1,3,-1,km,gs#0.25,gs,gs,0.25,2,tanga,ad2,0.475816949543387,0.475689403344136,0.47594449574264,0.000337426680100125,0,560,353,1722,1068,560,2212,2075,1,6,1,508,1859
icews14,-1,MakeStatement,mean,10,all,adm,0.5,0.5,6,-1,2,-1,km,gs#0.25,gs,gs,0.25,5,tanga,ad2,0.470595278027114,0.470375906566824,0.470814649487407,0.000506778622302932,0,759,537,2886,1433,759,3578,3423,1,6,1,674,3041
icews14,-1,MakeStatement,mean,10,all,adm,0.5,0.5,6,-1,4,2,km,gs#0.25,gs,gs,0.25,9,tanga,ad2,0.434811952188638,0.434556605011149,0.435067299366127,0.000531840316791287,0,1045,787,3973,1848,1045,5594,4760,1,6,1,803,4807
icews14,-1,MakeStatement,mean,10,all,adm,0.5,0.5,6,-1,4,4,km,gs#0.25,gs,gs,0.25,3,tanga,ad2,0.538304865633268,0.538170235847697,0.538439495418837,0.000398027735588387,0,551,309,1569,1193,551,2685,1878,1,6,1,642,2376
icews14,-1,MakeStatement,mean,10,all,adm,0.5,0.5,6,-1,1,-1,km,gs#0.25,gs,gs,0.25,6,tanga,ad2,0.468122831701149,0.467908952823558,0.468336710578739,0.000485673870840658,0,820,604,3209,1541,820,4068,3813,1,6,1,721,3464
icews14,-1,MakeStatement,mean,10,all,adm,0.5,0.5,6,-1,4,4,km,gs#0.25,gs,gs,0.25,4,tanga,ad2,0.00766492677285578,0.00700795663959159,0.00832189690611994,0.000816521495800759,0,1304,2161,10381,1313,1304,3146,12542,1,6,1,9,985
icews14,-1,MakeStatement,mean,10,all,adm,0.5,0.5,6,-1,3,-1,km,gs#0.25,gs,gs,0.25,8,tanga,ad2,0.460615812738319,0.460401328218385,0.460830297258254,0.000477655636684171,0,960,668,3433,1779,960,5128,4101,1,6,1,819,4460
icews14,-1,MakeStatement,mean,10,all,adm,0.5,0.5,6,-1,4,1,km,gs#0.25,gs,gs,0.25,5,tanga,ad2,0.00775944971606357,0.00712725999506207,0.00839163943706504,0.000787098481686551,0,1423,2426,11253,1433,1423,3578,13679,1,6,1,10,1152
icews14,-1,MakeStatement,mean,10,all,adm,0.5,0.5,6,-1,4,4,km,gs#0.25,gs,gs,0.25,8,tanga,ad2,0.01044895899582,0.00968524169144667,0.0112126763001933,0.0009022745772516,0,1762,3229,16243,1779,1762,5128,19472,1,6,1,17,1899
icews14,-1,MakeStatement,mean,10,all,adm,0.5,0.5,6,-1,4,2,km,gs#0.25,gs,gs,0.25,2,tanga,ad2,0.0118753920088034,0.0113615442073812,0.0123892398102256,0.000647424965157127,0,1056,1443,6780,1068,1056,2212,8223,1,6,1,12,769
icews14,-1,MakeStatement,mean,10,all,adm,0.5,0.5,6,-1,4,2,km,gs#0.25,gs,gs,0.25,8,tanga,ad2,0.00705508275004381,0.00630797882105286,0.00780218667903462,0.000877648469706005,0,1768,3276,15658,1779,1768,5128,18934,1,6,1,11,1852
icews14,-1,MakeStatement,mean,10,all,adm,0.5,0.5,6,-1,4,4,km,gs#0.25,gs,gs,0.25,1,tanga,ad2,0.487986892051544,0.487842672848216,0.488131111254871,0.000390498694212815,0,462,266,1432,902,462,1702,1698,1,6,1,440,1436
icews14,-1,MakeStatement,mean,10,all,adm,0.5,0.5,6,-1,4,1,km,gs#0.25,gs,gs,0.25,2,tanga,ad2,0.0118709272134241,0.0113444483019821,0.0123974061248661,0.000642811193824334,0,1056,1429,7026,1068,1056,2212,8455,1,6,1,12,783
icews14,-1,MakeStatement,mean,10,all,adm,0.5,0.5,6,-1,3,-1,km,gs#0.25,gs,gs,0.25,3,tanga,ad2,0.529106125637106,0.528949783207295,0.529262468066915,0.000434929767469179,0,562,352,1770,1193,562,2685,2122,1,6,1,631,2333
icews14,-1,MakeStatement,mean,10,all,adm,0.5,0.5,6,-1,4,1,km,gs#0.25,gs,gs,0.25,0,tanga,ad2,0.0264468923036301,0.0260965363511661,0.0267972482560942,0.00053716331496226,0,526,475,2495,540,526,847,2970,1,6,1,14,372
icews14,-1,MakeStatement,mean,10,all,adm,0.5,0.5,6,-1,4,-1,km,gs#0.25,gs,gs,0.25,7,tanga,ad2,0.457475047835618,0.457295987143656,0.457654108527582,0.00041786772892109,0,908,589,3036,1673,908,4576,3625,1,6,1,765,3987
icews14,-1,MakeStatement,mean,10,all,adm,0.5,0.5,6,-1,4,1,km,gs#0.25,gs,gs,0.25,6,tanga,ad2,0.0190240882530347,0.0183291987429051,0.0197189777631646,0.00087137458638583,0,1513,2545,12843,1541,1513,4068,15388,1,6,1,28,1523
icews14,-1,MakeStatement,mean,10,all,adm,0.5,0.5,6,-1,1,-1,km,gs#0.25,gs,gs,0.25,4,tanga,ad2,0.505946717934803,0.505741692571037,0.506151743298567,0.000505255304725659,0,649,467,2469,1313,649,3146,2936,1,6,1,664,2679
icews14,-1,MakeStatement,mean,10,all,adm,0.5,0.5,6,-1,2,-1,km,gs#0.25,gs,gs,0.25,6,tanga,ad2,0.462952844439131,0.462720045345038,0.463185643533227,0.00052239805401927,0,828,605,3351,1541,828,4068,3956,1,6,1,713,3463
icews14,-1,MakeStatement,mean,10,all,adm,0.5,0.5,6,-1,4,-1,km,gs#0.00,gs,gs,0,5,tanga,ad2,0.479364760160762,0.479144278442904,0.47958524187862,0.00451549723370244,3,748,555,2811,1433,751,3578,3366,1,6,1,685,3023
icews14,-1,MakeStatement,mean,10,all,adm,0.5,0.5,6,-1,4,-1,km,gs#0.00,gs,gs,0,7,tanga,ad2,0.476987320664755,0.476765732423489,0.477208908906022,0.00392909062972182,3,877,685,3457,1673,880,4576,4142,1,6,1,796,3891
icews14,-1,MakeStatement,mean,10,all,adm,0.5,0.5,6,-1,4,-1,km,gs#0.00,gs,gs,0,4,tanga,ad2,0.479734070820849,0.47952095901738,0.479947182624319,0.00487306137346171,3,685,522,2627,1313,688,3146,3149,1,6,1,628,2624
icews14,-1,MakeStatement,mean,10,all,adm,0.5,0.5,6,-1,2,-1,km,gs#0.25,gs,gs,0.25,4,tanga,ad2,0.489207047860314,0.488985300779769,0.489428794940858,0.000516973360021797,0,671,467,2543,1313,671,3146,3010,1,6,1,642,2679
icews14,-1,MakeStatement,mean,10,all,adm,0.5,0.5,6,-1,2,-1,km,gs#0.25,gs,gs,0.25,9,tanga,ad2,0.463494077063711,0.463246214463745,0.463741939663674,0.000575746934387848,0,992,807,4362,1848,992,5594,5169,1,6,1,856,4787
icews14,-1,MakeStatement,mean,10,all,adm,0.5,0.5,6,-1,4,4,km,gs#0.25,gs,gs,0.25,7,tanga,ad2,0.452093985749969,0.451913124627314,0.452274846872625,0.000407982418616314,0,917,644,3326,1673,917,4576,3970,1,6,1,756,3932
icews14,-1,MakeStatement,mean,10,all,adm,0.5,0.5,6,-1,4,3,km,gs#0.25,gs,gs,0.25,1,tanga,ad2,0.400398389187886,0.400269049808015,0.400527728567758,0.000320864767359963,0,541,332,1591,902,541,1702,1923,1,6,1,361,1370
icews14,-1,MakeStatement,mean,10,all,adm,0.5,0.5,6,-1,4,3,km,gs#0.25,gs,gs,0.25,4,tanga,ad2,0.480068306180771,0.479840704792255,0.480295907569285,0.000503531373812663,0,683,493,2561,1313,683,3146,3054,1,6,1,630,2653
icews14,-1,MakeStatement,mean,10,all,adm,0.5,0.5,6,-1,4,-1,km,gs#0.25,gs,gs,0.25,2,tanga,ad2,0.501101696747636,0.500963726872309,0.501239666622963,0.000358906517186644,0,533,323,1687,1068,533,2212,2010,1,6,1,535,1889
icews14,-1,MakeStatement,mean,10,all,adm,0.5,0.5,6,-1,4,4,km,gs#0.25,gs,gs,0.25,2,tanga,ad2,0.52075984157796,0.520629935894739,0.520889747261182,0.000369735790959163,0,512,293,1531,1068,512,2212,1824,1,6,1,556,1919
icews14,-1,MakeStatement,mean,10,all,adm,0.5,0.5,6,-1,4,1,km,gs#0.25,gs,gs,0.25,4,tanga,ad2,0.00988300078459384,0.00929004523863253,0.0104759563305552,0.000751185539677298,0,1301,2047,9757,1313,1301,3146,11804,1,6,1,12,1099
icews14,-1,MakeStatement,mean,10,all,adm,0.5,0.5,6,-1,4,-1,km,gs#0.25,gs,gs,0.25,6,tanga,ad2,0.4674439680592,0.467263602984991,0.467624333133409,0.000431775612609479,0,821,534,2826,1541,821,4068,3360,1,6,1,720,3534
icews14,-1,MakeStatement,mean,10,all,adm,0.5,0.5,6,-1,3,-1,km,gs#0.25,gs,gs,0.25,4,tanga,ad2,0.499069761916128,0.498890351276618,0.499249172555639,0.000455949716529923,0,658,402,2037,1313,658,3146,2439,1,6,1,655,2744
icews14,-1,MakeStatement,mean,10,all,adm,0.5,0.5,6,-1,4,1,km,gs#0.25,gs,gs,0.25,9,tanga,ad2,0.0226060942955219,0.0217619287728865,0.0234502598181573,0.00098365715127179,0,1808,3344,17389,1848,1808,5594,20733,1,6,1,40,2250
icews14,-1,MakeStatement,mean,10,all,adm,0.5,0.5,6,-1,4,2,km,gs#0.25,gs,gs,0.25,6,tanga,ad2,0.00735113402456929,0.00664268169071969,0.00805958635841881,0.000867974844166155,0,1531,2794,12868,1541,1531,4068,15662,1,6,1,10,1274
icews14,-1,MakeStatement,mean,10,all,adm,0.5,0.5,6,-1,4,4,km,gs#0.25,gs,gs,0.25,6,tanga,ad2,0.455769824049014,0.455577612319296,0.455962035778732,0.000429281195110414,0,839,600,3130,1541,839,4068,3730,1,6,1,702,3468
icews14,-1,MakeStatement,mean,10,all,adm,0.5,0.5,6,-1,4,2,km,gs#0.25,gs,gs,0.25,0,tanga,ad2,0.0264399884511817,0.0260433813443073,0.0268365955580561,0.000529349495999385,0,526,519,2568,540,526,847,3087,1,6,1,14,328
icews14,-1,MakeStatement,mean,10,all,adm,0.5,0.5,6,-1,3,-1,km,gs#0.25,gs,gs,0.25,1,tanga,ad2,0.383769135347829,0.38364333262865,0.383894938067008,0.000313241065197701,0,556,334,1557,902,556,1702,1891,1,6,1,346,1368
icews14,-1,MakeStatement,mean,10,all,adm,0.5,0.5,6,-1,4,-1,km,gs#0.00,gs,gs,0,1,tanga,ad2,0.471973640727435,0.471853118036691,0.472094163418177,0.00654485805029803,3,478,270,1405,902,481,1702,1675,1,6,1,424,1432
icews14,-1,MakeStatement,mean,10,all,adm,0.5,0.5,6,-1,4,-1,km,gs#0.25,gs,gs,0.25,1,tanga,ad2,0.483550736712952,0.483404395750267,0.483697077675637,0.00038016461335598,0,466,276,1447,902,466,1702,1723,1,6,1,436,1426
icews14,-1,MakeStatement,mean,10,all,adm,0.5,0.5,6,-1,4,-1,km,gs#0.00,gs,gs,0,0,tanga,ad2,0.184317789261362,0.184191738822244,0.184443839700478,0.00691998182896924,3,443,268,1231,540,446,847,1499,1,6,1,97,579
icews14,-1,MakeStatement,mean,10,all,adm,0.5,0.5,6,-1,2,-1,km,gs#0.25,gs,gs,0.25,7,tanga,ad2,0.466483492233374,0.466262095251435,0.466704889215315,0.000505656621238245,0,893,676,3535,1673,893,4576,4211,1,6,1,780,3900
icews14,-1,MakeStatement,mean,10,all,adm,0.5,0.5,6,-1,1,-1,km,gs#0.25,gs,gs,0.25,8,tanga,ad2,0.470187726158841,0.469957021537575,0.470418430780107,0.000517176978222911,0,943,714,3835,1779,943,5128,4549,1,6,1,836,4414
icews14,-1,MakeStatement,mean,10,all,adm,0.5,0.5,6,-1,4,-1,km,gs#0.25,gs,gs,0.25,3,tanga,ad2,0.50564892093336,0.505480418394814,0.505817423471906,0.00043839393733147,0,590,360,1867,1193,590,2685,2227,1,6,1,603,2325
icews14,-1,MakeStatement,mean,10,all,adm,0.5,0.5,6,-1,4,3,km,gs#0.25,gs,gs,0.25,6,tanga,ad2,0.00728325901833908,0.00660878240066769,0.00795773563601048,0.00079954506745335,0,1531,2716,12342,1541,1531,4068,15058,1,6,1,10,1352
icews14,-1,MakeStatement,mean,10,all,adm,0.5,0.5,6,-1,4,-1,km,gs#0.00,gs,gs,0,9,tanga,ad2,0.46927510707188,0.468980220366526,0.469569993777235,0.00371639137731428,3,983,932,4800,1848,986,5594,5732,1,6,1,865,4662
icews14,-1,MakeStatement,mean,10,all,adm,0.5,0.5,6,-1,2,-1,km,gs#0.25,gs,gs,0.25,8,tanga,ad2,0.470760652501186,0.470520240985251,0.471001064017122,0.000539131122654189,0,942,716,3843,1779,942,5128,4559,1,6,1,837,4412
icews14,-1,MakeStatement,mean,10,all,adm,0.5,0.5,6,-1,4,2,km,gs#0.25,gs,gs,0.25,7,tanga,ad2,0.449759540483774,0.449522835341663,0.449996245625888,0.000509032890696146,0,921,633,3223,1673,921,4576,3856,1,6,1,752,3943
icews14,-1,MakeStatement,mean,10,all,adm,0.5,0.5,6,-1,4,2,km,gs#0.25,gs,gs,0.25,1,tanga,ad2,0.431452958216216,0.43131701663217,0.43158889980026,0.000367929446430902,0,513,323,1746,902,513,1702,2069,1,6,1,389,1379
icews14,-1,MakeStatement,mean,10,all,adm,0.5,0.5,6,-1,4,1,km,gs#0.25,gs,gs,0.25,1,tanga,ad2,0.0416114778303932,0.0411600729593266,0.0420628827014597,0.000619949193197141,0,865,944,5214,902,865,1702,6158,1,6,1,37,758
icews14,-1,MakeStatement,mean,10,all,adm,0.5,0.5,6,-1,4,2,km,gs#0.25,gs,gs,0.25,5,tanga,ad2,0.468474582242916,0.468270830766564,0.468678333719271,0.000443844930303852,0,762,557,2781,1433,762,3578,3338,1,6,1,671,3021
icews14,-1,MakeStatement,mean,10,all,adm,0.5,0.5,6,-1,4,-1,km,gs#0.00,gs,gs,0,3,tanga,ad2,0.517400128542905,0.517181421893874,0.517618835191936,0.00398975686666657,2,577,459,2407,1193,579,2685,2866,1,6,1,616,2226
icews14,-1,MakeStatement,mean,10,all,adm,0.5,0.5,6,-1,4,1,km,gs#0.25,gs,gs,0.25,7,tanga,ad2,0.0188090202895282,0.018055388328893,0.0195626522501634,0.000894326061255801,0,1643,2775,14662,1673,1643,4576,17437,1,6,1,30,1801
icews14,-1,MakeStatement,mean,10,all,adm,0.5,0.5,6,-1,4,-1,km,gs#0.25,gs,gs,0.25,5,tanga,ad2,0.464958954638473,0.464791751988933,0.465126157288016,0.000399485510513104,0,767,492,2480,1433,767,3578,2972,1,6,1,666,3086
icews14,-1,MakeStatement,mean,10,all,adm,0.5,0.5,6,-1,1,-1,km,gs#0.25,gs,gs,0.25,7,tanga,ad2,0.485590017760548,0.485383962937254,0.485796072583844,0.000481343535131981,0,861,628,3352,1673,861,4576,3980,1,6,1,812,3948
icews14,-1,MakeStatement,mean,10,all,adm,0.5,0.5,6,-1,4,3,km,gs#0.25,gs,gs,0.25,0,tanga,ad2,0.0375309142456348,0.0371664951989027,0.0378953332923669,0.000515457818965616,0,520,477,2439,540,520,847,2916,1,6,1,20,370
icews14,-1,MakeStatement,mean,10,all,adm,0.5,0.5,6,-1,1,-1,km,gs#0.25,gs,gs,0.25,9,tanga,ad2,0.471585699610691,0.471353727441388,0.471817671779991,0.000530062013876537,0,977,770,4175,1848,977,5594,4945,1,6,1,871,4824
icews14,-1,MakeStatement,mean,10,all,adm,0.5,0.5,6,-1,3,-1,km,gs#0.25,gs,gs,0.25,6,tanga,ad2,0.471347617658198,0.471156968030653,0.471538267285742,0.000454276004495678,0,815,538,2838,1541,815,4068,3376,1,6,1,726,3530
icews14,-1,MakeStatement,mean,10,all,adm,0.5,0.5,6,-1,4,-1,km,gs#0.25,gs,gs,0.25,9,tanga,ad2,0.440727917192081,0.440511108885701,0.44094472549846,0.000474459159221519,0,1034,700,3654,1848,1034,5594,4354,1,6,1,814,4894
icews14,-1,MakeStatement,mean,10,all,adm,0.5,0.5,6,-1,4,-1,km,gs#0.00,gs,gs,0,2,tanga,ad2,0.483432319428156,0.48324158707396,0.483623051782355,0.00762644785999945,4,554,436,2172,1068,558,2212,2608,1,6,1,514,1776
icews14,-1,MakeStatement,mean,10,all,adm,0.5,0.5,6,-1,4,1,km,gs#0.25,gs,gs,0.25,3,tanga,ad2,0.0292143583018274,0.0286325512963648,0.0297961653072899,0.000737753463437951,0,1159,1667,8776,1193,1159,2685,10443,1,6,1,34,1018
icews14,-1,MakeStatement,mean,10,all,adm,0.5,0.5,6,-1,4,-1,km,gs#0.25,gs,gs,0.25,8,tanga,ad2,0.444300442675634,0.444102484137434,0.444498401213835,0.000438604500905502,0,989,663,3429,1779,989,5128,4092,1,6,1,790,4465
icews14,-1,MakeStatement,mean,10,all,adm,0.5,0.5,6,-1,3,-1,km,gs#0.25,gs,gs,0.25,5,tanga,ad2,0.476840406713146,0.47665351506631,0.477027298359983,0.000443412366571335,0,750,473,2417,1433,750,3578,2890,1,6,1,683,3105
icews14,-1,MakeStatement,mean,10,all,adm,0.5,0.5,6,-1,4,4,km,gs#0.25,gs,gs,0.25,0,tanga,ad2,0.0375520755157633,0.037184499314129,0.0379196517173976,0.000537792533737539,0,520,461,2518,540,520,847,2979,1,6,1,20,386
icews14,-1,MakeStatement,mean,10,all,adm,0.5,0.5,6,-1,4,-1,km,gs#0.00,gs,gs,0,6,tanga,ad2,0.472421310353828,0.472186228992726,0.472656391714932,0.00420922839774477,3,815,630,3177,1541,818,4068,3807,1,6,1,726,3438
icews14,-1,MakeStatement,mean,10,all,adm,0.5,0.5,6,-1,4,3,km,gs#0.25,gs,gs,0.25,2,tanga,ad2,0.526404744509943,0.526242214787696,0.52656727423219,0.000425072125149317,0,506,354,1817,1068,506,2212,2171,1,6,1,562,1858
icews14,-1,MakeStatement,mean,10,all,adm,0.5,0.5,6,-1,4,-1,km,gs#0.25,gs,gs,0.25,0,tanga,ad2,0.0597818561087753,0.0594024348422497,0.0601612773753009,0.000560309864205239,0,508,456,2579,540,508,847,3035,1,6,1,32,391
icews14,-1,MakeStatement,mean,10,all,adm,0.5,0.5,6,-1,4,4,km,gs#0.25,gs,gs,0.25,5,tanga,ad2,0.455199070742505,0.455018994501554,0.455379146983455,0.00040703099617437,0,781,507,2652,1433,781,3578,3159,1,6,1,652,3071
icews14,-1,MakeStatement,mean,10,all,adm,0.5,0.5,6,-1,3,-1,km,gs#0.25,gs,gs,0.25,7,tanga,ad2,0.477209045144568,0.477018263057049,0.477399827232088,0.000450561364488287,0,875,583,3013,1673,875,4576,3596,1,6,1,798,3993
icews14,-1,MakeStatement,mean,10,all,adm,0.5,0.5,6,-1,4,3,km,gs#0.25,gs,gs,0.25,5,tanga,ad2,0.466419122625499,0.466184260056909,0.466653985194088,0.000518901276511706,0,765,534,2835,1433,765,3578,3369,1,6,1,668,3044
