<Senate_(Dominican_Republic)>	<MakeStatement>	<Police_(Dominican_Republic)>
<Pope_Francis>	<Make_an_appeal_or_request>	<Government_(Holy_See_(Vatican_City_State))>
<Defense_/_Security_Ministry_(United_States)>	<MakeStatement>	<North_Korea>
<Other_Authorities_/_Officials_(Mexico)>	<MakeStatement>	<Héctor_Beltrán_Leyva>
<Member_of_Parliament_(India)>	<MakeStatement>	<Head_of_Government_(India)>
<Panhellenic_Socialist_Movement>	<MakeStatement>	<Pakistan_Tehreek-e-Insaf>
<Employee_(Sudan)>	<MakeStatement>	<Sudan>
<Maxon_Mbendera>	<MakeStatement>	<Party_Member_(Malawi)>
<Heydar_Aliyev>	<MakeStatement>	<Air_Force_(Iraq)>
<John_Odigie-Oyegun>	<MakeStatement>	<Presidential_Candidate_(Nigeria)>
<William_Kabogo>	<MakeStatement>	<Government_(Kenya)>
<Philippines>	<MakeStatement>	<China>
<Shkelqim_Cani>	<Consult>	<International_Monetary_Fund>
<Student_(Yemen)>	<Consult>	<Mohammad_Javad_Zarif>
<Government_(Nigeria)>	<MakeStatement>	<Medical_Personnel_(Nigeria)>
<Geng_Yansheng>	<MakeStatement>	<Defense_/_Security_Ministry_(China)>
<Sergey_Viktorovich_Lavrov>	<MakeStatement>	<ITAR_TASS>
<Uhuru_Muigai_Kenyatta>	<Consult>	<Riek_Machar>
<Bala_Abdulkadir_Mohammed>	<MakeStatement>	<Media_(Nigeria)>
<Media_(Azerbaijan)>	<MakeStatement>	<Industrial_/_Textiles_/_Mining_Ministry_(Azerbaijan)>
<Philippines>	<Host_a_visit>	<Barack_Obama>
<Uhuru_Muigai_Kenyatta>	<MakeStatement>	<William_Ruto>
<Iraq>	<Arrest_detain_or_charge_with_legal_action>	<Militant_(Iraq)>
<Abdullah_Gül>	<MakeStatement>	<Businessperson_(Turkey)>
<Morocco>	<Arrest_detain_or_charge_with_legal_action>	<Men_(Morocco)>
<Mohammad_Javad_Zarif>	<MakeStatement>	<Iran>
<Japan>	<Host_a_visit>	<Caroline_Kennedy>
<Lawmaker_(United_States)>	<MakeStatement>	<Verkhovna_Rada>
<Citizen_(South_Korea)>	<MakeStatement>	<Arnaud_Montebourg>
<Arnaud_Montebourg>	<Sign_formal_agreement>	<Mauro_Borges>
<Media_(Lebanon)>	<MakeStatement>	<Military_(Lebanon)>
<James_Ongwae>	<MakeStatement>	<Kisii>
<Lawyer/Attorney_(Indonesia)>	<MakeStatement>	<City_Mayor_(Indonesia)>
<John_Kerry>	<Express_intent_to_meet_or_negotiate>	<Mexico>
<Barack_Obama>	<MakeStatement>	<North_Atlantic_Treaty_Organization>
<Other_Authorities_/_Officials_(Zimbabwe)>	<MakeStatement>	<Simon_Khaya_Moyo>
<United_Democratic_Movement>	<MakeStatement>	<New_Zealand>
<China>	<Make_an_appeal_or_request>	<Afghanistan>
<Oluṣẹgun_Ọbasanjọ>	<MakeStatement>	<Sule_Lamido>
<Alexis_Tsipras>	<MakeStatement>	<France>
<François_Hollande>	<MakeStatement>	<Boko_Haram>
<Head_of_Government_(China)>	<Consult>	<Xi_Jinping>
<Daily_Trust>	<Consult>	<Pogu_Bitrus>
<Daily_Trust>	<MakeStatement>	<Government_(Bahamas)>
<Pope_Francis>	<Make_a_visit>	<South_Korea>
<Austria_Press_Agency>	<MakeStatement>	<Rupiah_Banda>
<South_Korea>	<Make_an_appeal_or_request>	<Indigenous_People_(North_Korea)>
<Congress_(Brazil)>	<MakeStatement>	<Ministry_(Brazil)>
<Military_Personnel_(Bahrain)>	<Consult>	<Sheikh_Hamad_bin_Isa_al_Khalifah>
<Coalition_of_the_Radical_Left>	<MakeStatement>	<New_Democracy>
<Philippines>	<Arrest_detain_or_charge_with_legal_action>	<Men_(Philippines)>
<Company_-_Owner_or_Operator_(Armenia)>	<Consult>	<Foreign_Affairs_(Belarus)>
<Pope_Francis>	<MakeStatement>	<South_Korea>
<Lawyer/Attorney_(Senegal)>	<MakeStatement>	<Police_(Senegal)>
<Incheon_District_Court>	<Arrest_detain_or_charge_with_legal_action>	<Citizen_(South_Korea)>
<Dmitry_Anatolyevich_Medvedev>	<MakeStatement>	<Arseniy_Yatsenyuk>
<Police_(New_Zealand)>	<Investigate>	<Men_(New_Zealand)>
<Men_(India)>	<MakeStatement>	<South_Sudan>
<Citizen_(Tanzania)>	<MakeStatement>	<Other_Authorities_/_Officials_(Egypt)>
<Vincent_Cable>	<MakeStatement>	<Party_Member_(United_Kingdom)>
<Sheikh_Hasina_Wajed>	<Express_intent_to_meet_or_negotiate>	<Japan>
<Aliyu_Mohammed_Gusau>	<Criticize_or_denounce>	<Boko_Haram>
<Mzukisi_Fatyela>	<MakeStatement>	<Police_(South_Africa)>
<China>	<Engage_in_diplomatic_cooperation>	<Japan>
<Japan>	<Impose_embargo_boycott_or_sanctions>	<North_Korea>
<Romania>	<MakeStatement>	<Austria_Press_Agency>
<Media_(Azerbaijan)>	<MakeStatement>	<Armed_Forces_of_the_Republic_of_Armenia>
<Military_Personnel_(United_States)>	<MakeStatement>	<Domestic_Affairs_(Kenya)>
<Member_of_the_Judiciary_(Turkey)>	<Investigate>	<Lawyer/Attorney_(Turkey)>
<Dmitriy_Kiselev>	<MakeStatement>	<Andrei_Stenin>
<Police_(New_Zealand)>	<MakeStatement>	<Cleric_(Pakistan)>
<Joseph_Ole_Nkaissery>	<MakeStatement>	<Uhuru>
<Other_Authorities_/_Officials_(Greece)>	<Provide_humanitarian_aid>	<Citizen_(Greece)>
<Military_Personnel_(Libya)>	<MakeStatement>	<Armed_Gang_(Libya)>
<As'ad_Mustafa>	<Accuse>	<Government_(Syria)>
<Armed_Gang_(Al_Qaeda)>	<Use_unconventional_violence>	<Citizen_(Yemen)>
<Portugal>	<MakeStatement>	<Police_(Bulgaria)>
<City_Mayor_(Venezuela)>	<MakeStatement>	<Colombia>
<Government_(Nigeria)>	<MakeStatement>	<Court_Judge_(Nigeria)>
<Armed_Band_(Syria)>	<Sign_formal_agreement>	<Government_(Syria)>
<Lawyer/Attorney_(Australia)>	<MakeStatement>	<Police_(Australia)>
<Military_Personnel_(Philippines)>	<MakeStatement>	<Philippines>
<Director_General_(Philippines)>	<MakeStatement>	<Justice_Department/Ministery_(Philippines)>
<People's_Democratic_Party_(United_States)>	<MakeStatement>	<Government_(Kenya)>
<Other_Authorities_/_Officials_(Libya)>	<MakeStatement>	<Military_Personnel_(Libya)>
<Lulzim_Basha>	<MakeStatement>	<People_Associated_with_the_Opposition_(Albania)>
<Treasury/Finance_Ministry_(Greece)>	<MakeStatement>	<Other_Authorities_/_Officials_(Greece)>
<Peter_Lerner>	<MakeStatement>	<Israeli_Defense_Forces>
<John_Walker>	<MakeStatement>	<Dzhokhar_Tsarnaev>
<Evangelos_Venizelos>	<MakeStatement>	<North_Atlantic_Treaty_Organization>
<Other_Authorities_/_Officials_(Liberia)>	<MakeStatement>	<Martin_Spegelj>
<Thailand>	<Praise_or_endorse>	<Coup_D'etat_Leader_(Thailand)>
<Militant_(Boko_Haram)>	<MakeStatement>	<Police_(Jamaica)>
<Government_(Nigeria)>	<MakeStatement>	<Education_(Nigeria)>
<Member_of_the_Judiciary_(Turkey)>	<MakeStatement>	<Criminal_(Pakistan)>
<Defense_/_Security_Ministry_(Yemen)>	<MakeStatement>	<Military_(Central_African_Republic)>
<Police_(Australia)>	<MakeStatement>	<Sue-Ellen_Kovack>
<William_Ruto>	<MakeStatement>	<Government_(Kenya)>
<Juan_Carlos_Eguren>	<MakeStatement>	<Nadine_Heredia>
<Bukola_Saraki>	<Make_an_appeal_or_request>	<Citizen_(Nigeria)>
<Armenia>	<Consult>	<Tajikistan>
<Harsimrat_Kaur_Badal>	<MakeStatement>	<Sikh_(India)>
<Sharad_Pawar>	<Make_an_appeal_or_request>	<Citizen_(India)>
<Afghanistan>	<Express_intent_to_meet_or_negotiate>	<Iran>
<Kundy_Pahiama>	<MakeStatement>	<Angola>
<Police_(Indonesia)>	<Provide_humanitarian_aid>	<Women_(Indonesia)>
<Tarcisio_Bertone>	<MakeStatement>	<Bank_(Holy_See_(Vatican_City_State))>
<Police_(Portugal)>	<MakeStatement>	<Fighter_Bomber_(Iran)>
<Sean_Edwards>	<MakeStatement>	<Armed_Gang_(United_States)>
<Daniel_Constantin>	<MakeStatement>	<Member_of_Parliament_(Romania)>
<Armed_Gang_(Russia)>	<MakeStatement>	<Media_Personnel_(United_States)>
<Kathleen_Wynne>	<Criticize_or_denounce>	<Tim_Hudak>
<Armed_Gang_(Libya)>	<Use_unconventional_violence>	<Muslim_Cleric_(Libya)>
<Mohammad_Javad_Zarif>	<MakeStatement>	<Cabinet_/_Council_of_Ministers_/_Advisors_(United_States)>
<Shura_Council>	<MakeStatement>	<Poland>
<Iran>	<Express_intent_to_engage_in_diplomatic_cooperation_(such_as_policy_support)>	<Slovenia>
<Sergey_Viktorovich_Lavrov>	<MakeStatement>	<Foreign_Affairs_(Russia)>
<Armed_Gang_(Mexico)>	<MakeStatement>	<The_Standard>
<Toru_Hashimoto>	<MakeStatement>	<Japan>
<Tajikistan>	<Consult>	<Afghanistan>
<Other_Authorities_/_Officials_(Mexico)>	<MakeStatement>	<Kidnapper_(Mexico)>
<Kgalema_Petrus_Motlanthe>	<MakeStatement>	<Government_(South_Africa)>
<International_Monetary_Fund>	<Consult>	<Shkelqim_Cani>
<Army_Personnel_(Egypt)>	<Make_an_appeal_or_request>	<Abdel_Fattah_Al-Sisi>
<Arsen_Avakov>	<MakeStatement>	<Military_(Russia)>
<Noppadon_Pattama>	<MakeStatement>	<Thaksin_Shinawatra>
<Company_-_Owner_or_Operator_(India)>	<MakeStatement>	<Thief_(India)>
<Boko_Haram>	<MakeStatement>	<Government_(Nigeria)>
<Djoomart_Otorbaev>	<MakeStatement>	<Salvador_Sánchez_Cerén>
<Obaid_Humaid_Al_Tayer>	<MakeStatement>	<United_Arab_Emirates>
<Audu_Innocent_Ogbeh>	<MakeStatement>	<Haaretz>
<Rodrigo_Londoño-Echeverry>	<MakeStatement>	<Civic_Group_(Argentina)>
<Citizen_(Yemen)>	<MakeStatement>	<Volvo>
<Head_of_Government_(Nigeria)>	<MakeStatement>	<Ministry_(Nigeria)>
<Mark_James_Mwandosya>	<MakeStatement>	<Jakaya_Mrisho_Kikwete>
<Barack_Obama>	<MakeStatement>	<South_Korea>
<Chief_of_Staff_(Vietnam)>	<MakeStatement>	<Vietnam>
<Other_Authorities_/_Officials_(Brazil)>	<MakeStatement>	<Middle_East>
<Joseph_Ole_Lenku>	<MakeStatement>	<Burundi>
<Lawyer/Attorney_(South_Korea)>	<Arrest_detain_or_charge_with_legal_action>	<Citizen_(South_Korea)>
<Alexander_Lukashevich>	<MakeStatement>	<Other_Authorities_/_Officials_(United_States)>
<Opposition_Force_(Saudi_Arabia)>	<Make_an_appeal_or_request>	<Citizen_(Saudi_Arabia)>
<Barack_Obama>	<MakeStatement>	<Iran>
<European_Parliament>	<Make_a_visit>	<Romania>
<Citizen_(Australia)>	<MakeStatement>	<Military_(China)>
<Party_Member_(Tanzania)>	<Make_a_visit>	<Angola>
<Naval_(Thailand)>	<Arrest_detain_or_charge_with_legal_action>	<Media_Personnel_(Thailand)>
<Foreign_Affairs_(Russia)>	<MakeStatement>	<Armenia>
<Vietnam>	<Engage_in_diplomatic_cooperation>	<China>
<Lawmaker_(Nicaragua)>	<MakeStatement>	<Daniel_Ortega>
<John_Kerry>	<Consult>	<Joseph_Kabila>
<Boko_Haram>	<Express_intent_to_release_persons_or_property>	<Citizen_(Nigeria)>
<Prayuth_Chan-ocha>	<MakeStatement>	<Insurgent_(Thailand)>
<Government_(Nigeria)>	<MakeStatement>	<Ethnic_Group_(Nigeria)>
<Police_(Belgium)>	<MakeStatement>	<Lawyer/Attorney_(Belgium)>
<Lawyer/Attorney_(Argentina)>	<MakeStatement>	<Criminal_(Argentina)>
<Abu_Sayyaf>	<MakeStatement>	<Nestor_Kirchner>
<North_Atlantic_Treaty_Organization>	<MakeStatement>	<Military_(Russia)>
<Head_of_Government_(China)>	<Appeal_for_diplomatic_cooperation_(such_as_policy_support)>	<Ethiopia>
<Zsolt_Simon>	<MakeStatement>	<Ivan_Gasparovic>
<Vietnam>	<MakeStatement>	<Police_(Indonesia)>
<Oman>	<Make_a_visit>	<Iran>
<Akhilesh_Yadav>	<MakeStatement>	<Xi_Jinping>
<Hamad_bin_Ali_al-Attiyah>	<MakeStatement>	<Agence_France-Presse>
<China>	<Coerce>	<Liu_Han>
<Uhuru_Muigai_Kenyatta>	<MakeStatement>	<Domestic_Affairs_(Kenya)>
<Ministry_(Iran)>	<MakeStatement>	<Mehr_News_Agency>
<Qadri_Jamil>	<MakeStatement>	<Ukrinform>
<Media_(India)>	<Consult>	<Pinarayi_Vijayan>
<City_Mayor_(China)>	<MakeStatement>	<China>
<John_Kerry>	<MakeStatement>	<Iran>
<Rodrigo_Londoño-Echeverry>	<Sign_formal_agreement>	<National_Liberation_Army>
<Ministry_(Nigeria)>	<MakeStatement>	<Other_Authorities_/_Officials_(Nigeria)>
<Indigenous_People_(Turkey)>	<MakeStatement>	<Mauritius>
<Ministry_(Central_African_Republic)>	<MakeStatement>	<Government_(France)>
<Abu_Bakr_Abdullah_al-Qirbi>	<MakeStatement>	<Liberals_(Canada)>
<China>	<MakeStatement>	<Afghanistan>
<Government_(South_Africa)>	<Criticize_or_denounce>	<Thailand>
<Barack_Obama>	<MakeStatement>	<Head_of_Government_(Germany)>
<Military_Personnel_(Philippines)>	<MakeStatement>	<Military_(Philippines)>
<Loren_Legarda>	<MakeStatement>	<Philippines>
<Armenia>	<Host_a_visit>	<François_Hollande>
<Boko_Haram>	<Use_conventional_military_force>	<Military_Personnel_-_Special_(Nigeria)>
<Government_(Kenya)>	<MakeStatement>	<Militia_(Kenya)>
<Armed_Gang_(Al_Qaeda)>	<MakeStatement>	<Argentine_Naval_Prefecture>
<Helena_Valkova>	<MakeStatement>	<Lawyer/Attorney_(Czech_Republic)>
<Police_(Jamaica)>	<MakeStatement>	<People_Associated_with_the_Opposition_(Albania)>
<Le_Hong_Anh>	<MakeStatement>	<Criminal_(Israel)>
<Alexei_Pushkov>	<MakeStatement>	<Government_(United_States)>
<Party_Member_(Iraq)>	<MakeStatement>	<Iraq>
<Lawyer/Attorney_(Australia)>	<MakeStatement>	<Member_of_Parliament_(Australia)>
<Iraq>	<MakeStatement>	<National_Alliance_(Iraq)>
<Isaias_Afewerki>	<Make_a_visit>	<Sudan>
<Vietnam>	<MakeStatement>	<China>
<Terry_McAuliffe>	<MakeStatement>	<Business_(Canada)>
<International_Monetary_Fund>	<MakeStatement>	<Colombia>
<European_Parliament>	<MakeStatement>	<Armed_Gang_(Egypt)>
<Mohammad_Javad_Zarif>	<Halt_negotiations>	<Catherine_Ashton>
<Military_Personnel_(Bahrain)>	<MakeStatement>	<Joaquim_Barbosa>
<Lawyer/Attorney_(Australia)>	<Criticize_or_denounce>	<Police_(Australia)>
<As'ad_Mustafa>	<MakeStatement>	<Medical_Personnel_(Nigeria)>
<AB_Lithuanian_Gas>	<MakeStatement>	<Armed_Band_(Afghanistan)>
<John_Kerry>	<Express_intent_to_meet_or_negotiate>	<Riek_Machar>
<Party_Member_(Iraq)>	<MakeStatement>	<National_Alliance_(Iraq)>
<Abdolreza_Rahmani-Fazli>	<MakeStatement>	<Iran>
<Business_(Russia)>	<Express_intent_to_engage_in_diplomatic_cooperation_(such_as_policy_support)>	<Ingush>
<Robert_M._Gates>	<MakeStatement>	<Head_of_Government_(Afghanistan)>
<Sierra_Leone>	<MakeStatement>	<Armed_Forces_of_the_Republic_of_Armenia>
<Ministry_(Nigeria)>	<MakeStatement>	<Head_of_Government_(Nigeria)>
<Alexis_Tsipras>	<Make_an_appeal_or_request>	<Antonis_Samaras>
<Media_(Latvia)>	<Discuss_by_telephone>	<Party_Member_(Latvia)>
<James_Wani_Igga>	<MakeStatement>	<Guerrilla_(El_Salvador)>
<John_Kerry>	<MakeStatement>	<Foreign_Affairs_(Honduras)>
<Olisa_Agbakoba>	<MakeStatement>	<Government_(Nigeria)>
<Robert_Menendez>	<MakeStatement>	<Opposition_Supporter_(Venezuela)>
<Dzhokhar_Tsarnaev>	<Make_an_appeal_or_request>	<Member_of_the_Judiciary_(United_States)>
<Ministry_(Sudan)>	<Make_an_appeal_or_request>	<Citizen_(Sudan)>
<Barack_Obama>	<MakeStatement>	<Combatant_(Islamic_State_of_Iraq_and_the_Levant)>
<Defense_/_Security_Ministry_(Nigeria)>	<MakeStatement>	<Militant_(Boko_Haram)>
<Lawmaker_(United_States)>	<Make_an_appeal_or_request>	<North_Atlantic_Treaty_Organization>
<Michael_Fahy>	<MakeStatement>	<Canada>
<City_Manager_(United_States)>	<MakeStatement>	<Mauritius>
<Iurie_Leanca>	<MakeStatement>	<Găgăuzia>
<Jean-Yves_Le_Drian>	<MakeStatement>	<France>
<Legislature_(Greece)>	<Praise_or_endorse>	<City_Mayor_(Greece)>
<Communist_Party_of_India>	<Make_an_appeal_or_request>	<Election_Commission_(India)>
<Military_Personnel_(Philippines)>	<Use_conventional_military_force>	<Philippines>
<Information_/_Communication_/_Transparency_Ministry_(Singapore)>	<MakeStatement>	<Foreign_Affairs_(United_States)>
<China>	<Consult>	<Foreign_Affairs_(United_States)>
<Head_of_Government_(Croatia)>	<MakeStatement>	<Veterans_(Croatia)>
<Armed_Band_(Syria)>	<MakeStatement>	<Pervez_Musharraf>
<Chulalongkorn_University>	<MakeStatement>	<Prayuth_Chan-ocha>
<Emal_Faizi>	<MakeStatement>	<Ministry_(Afghanistan)>
<International_Court_of_Justice>	<MakeStatement>	<Education_(Nigeria)>
<Christine_Milne>	<MakeStatement>	<Australia_Greens>
<Other_Authorities_/_Officials_(United_States)>	<MakeStatement>	<Foreign_Affairs_(India)>
<Police_(Egypt)>	<MakeStatement>	<Agence_France-Presse>
<Kabul_University>	<MakeStatement>	<Chimed_Saikhanbileg>
<Men_(India)>	<Physically_assault>	<Citizen_(Australia)>
<Indigenous_People_(Nigeria)>	<Engage_in_negotiation>	<Amnesty_International>
<Head_of_Government_(Nigeria)>	<Reject>	<Boko_Haram>
<Citizen_(Yemen)>	<Make_an_appeal_or_request>	<Party_Member_(Yemen)>
<Military_Personnel_(Libya)>	<MakeStatement>	<Legislature_(Libya)>
<Lawyer/Attorney_(Colombia)>	<Investigate>	<Citizen_(Venezuela)>
<Oluṣẹgun_Ọbasanjọ>	<Make_optimistic_comment>	<Citizen_(Nigeria)>
<Member_of_Parliament_(Kazakhstan)>	<MakeStatement>	<Court_Judge_(Mexico)>
<Criminal_(Brazil)>	<MakeStatement>	<Police_(Senegal)>
<Oman>	<MakeStatement>	<Poland>
<Envoy_(Kazakhstan)>	<Praise_or_endorse>	<Iran>
<Cape_Verde>	<Arrest_detain_or_charge_with_legal_action>	<Citizen_(Cape_Verde)>
<UN_Security_Council>	<Engage_in_diplomatic_cooperation>	<Other_Authorities_/_Officials_(Somalia)>
<Citizen_(India)>	<Make_optimistic_comment>	<Governor_(India)>
<Police_(South_Korea)>	<MakeStatement>	<Student_(South_Korea)>
<Medical_Personnel_(Nigeria)>	<MakeStatement>	<Government_(Nigeria)>
<Head_of_Government_(Uruguay)>	<Consult>	<Barack_Obama>
<Angela_Merkel>	<MakeStatement>	<Madeleine_Albright>
<Maxon_Mbendera>	<MakeStatement>	<Malawi>
<Lin_Chia-lung>	<MakeStatement>	<Jason_C._Hu>
<Citizen_(Greece)>	<MakeStatement>	<Business_(Canada)>
<Mohammad_Javad_Zarif>	<MakeStatement>	<Iraq>
<Court_Judge_(Nigeria)>	<MakeStatement>	<Oversight_Court_(Nigeria)>
<High_Ranking_Military_Personnel_(Nigeria)>	<MakeStatement>	<Government_(Nigeria)>
<Jaber_Mubarak_Al-Sabah>	<MakeStatement>	<Kuwait>
<Association_of_Southeast_Asian_Nations>	<Express_intent_to_meet_or_negotiate>	<Japan>
<Jonathan_Greenert>	<Consult>	<Raheel_Sharif>
<Government_(Nigeria)>	<Express_intent_to_engage_in_diplomatic_cooperation_(such_as_policy_support)>	<Military_Personnel_(Nigeria)>
<Communist_Party_of_India>	<Accuse>	<Employee_(India)>
<Tony_Tan_Keng_Yam>	<Make_a_visit>	<Portugal>
<Sergey_Viktorovich_Lavrov>	<Engage_in_negotiation>	<Foreign_Affairs_(Slovakia)>
<Leopoldo_Dominico_Petilla>	<MakeStatement>	<Philippines>
<Iraq>	<MakeStatement>	<Nuri_al-Maliki>
<Defense_/_Security_Ministry_(Yemen)>	<Express_intent_to_provide_material_aid>	<Citizen_(Yemen)>
<Zoran_Zaev>	<MakeStatement>	<Social_Democratic_Union>
<China>	<Engage_in_diplomatic_cooperation>	<Ethiopia>
<Barnaba_Marial_Benjamin>	<MakeStatement>	<Defense_/_Security_Ministry_(South_Sudan)>
<Arsen_Avakov>	<MakeStatement>	<Police_(Ukraine)>
<John_Baird>	<MakeStatement>	<Canada>
<Foreign_Affairs_(Singapore)>	<Consult>	<Envoy_(Vietnam)>
<Governor_(Democratic_Republic_of_Congo)>	<MakeStatement>	<Cobra_Matata>
<Joseph_Ole_Lenku>	<MakeStatement>	<Government_(Kenya)>
<Governor_(Kenya)>	<Consult>	<Tourist_Board_(Kenya)>
<City_Mayor_(Somalia)>	<MakeStatement>	<Somali_National_Army>
<Medical_Personnel_(Zimbabwe)>	<MakeStatement>	<Ministry_(Zimbabwe)>
<Isaac_Kiprono_Ruto>	<MakeStatement>	<Government_(Kenya)>
<Agriculture_/_Fishing_/_Forestry_Ministry_(China)>	<Make_a_visit>	<Iran>
<Lawyer/Attorney_(Argentina)>	<Investigate>	<Iran>
<Xi_Jinping>	<MakeStatement>	<China>
<Lawyer/Attorney_(Holy_See_(Vatican_City_State))>	<Criticize_or_denounce>	<Joaquim_Barbosa>
<Military_Personnel_-_Special_(India)>	<MakeStatement>	<Sergey_Viktorovich_Lavrov>
<Media_(Russia)>	<MakeStatement>	<Education_(Russia)>
<Population_(Angola)>	<MakeStatement>	<Government_(Angola)>
<Davies_Ibiamu_Ikanya>	<Make_optimistic_comment>	<Secretariat_(Nigeria)>
<George_Solo>	<MakeStatement>	<Ministry_(Liberia)>
<Vietnam>	<Criticize_or_denounce>	<China>
<France>	<MakeStatement>	<Boko_Haram>
<Gabor_Vona>	<MakeStatement>	<Fidesz>
<Ministry_(Tanzania)>	<Use_conventional_military_force>	<Citizen_(Tanzania)>
<Government_(Oman)>	<MakeStatement>	<Iran>
<Nur_Ahmad_Nikbakht>	<Consult>	<Hamas>
<Barack_Obama>	<Consult>	<Eric_Ken_Shinseki>
<Andrew_Robb>	<MakeStatement>	<Julie_Bishop>
<Attacker_(Xinjiang Uyghur)>	<MakeStatement>	<Karim_Wade>
<Kim_Jong-Un>	<MakeStatement>	<North_Korea>
<Head_of_Government_(Nigeria)>	<MakeStatement>	<Fula_people>
<Peter_Lerner>	<MakeStatement>	<Iran>
<North_Ossetia-Alania>	<MakeStatement>	<Iran>
<Foreign_Affairs_(Russia)>	<MakeStatement>	<Daily_Monitor>
<House_of_Representatives_(United_States)>	<Impose_embargo_boycott_or_sanctions>	<Other_Authorities_/_Officials_(Venezuela)>
<China>	<Criticize_or_denounce>	<Lawmaker_(United_States)>
<Company_-_Owner_or_Operator_(Tonga)>	<MakeStatement>	<Business_(Tonga)>
<European_Parliament>	<Praise_or_endorse>	<Citizen_(Germany)>
<Election_Commission_(Turkey)>	<MakeStatement>	<Party_Member_(Turkey)>
<Sirichan_Ngathong>	<MakeStatement>	<Military_(Thailand)>
<Medical_Personnel_(Nigeria)>	<MakeStatement>	<Government_(United_States)>
<Justin_Trudeau>	<MakeStatement>	<Liberals_(Canada)>
<Raul_Hernandez>	<MakeStatement>	<Philippines>
<John_Baird>	<MakeStatement>	<Armed_Rebel_(Ukraine)>
<Ahmad_Zia_Abdulzai>	<MakeStatement>	<Kidnapper_(Afghanistan)>
<Police_(Philippines)>	<MakeStatement>	<National_Police>
<China>	<Accuse>	<Separatist_Militant_(Xinjiang Uyghur)>
<Romania>	<Host_a_visit>	<Joseph_Robinette_Biden>
<Nabil_Abu-Rudaynah>	<MakeStatement>	<Head_of_Government_(Egypt)>
<Abu_Bakr_Abdullah_al-Qirbi>	<Accuse>	<Iran>
<National_Coalition_for_Syrian_Revolutionary_and_Opposition_Forces>	<MakeStatement>	<Armed_Gang_(United_States)>
<Solidarity>	<Make_optimistic_comment>	<Richard_Sulík>
<Ma_Xiaoguang>	<MakeStatement>	<China>
<Liu_Jianchao>	<MakeStatement>	<China>
<Rosoboronexport>	<MakeStatement>	<Afghanistan>
<Police_(Philippines)>	<MakeStatement>	<Criminal_(Philippines)>
<Foreign_Affairs_(Russia)>	<MakeStatement>	<Foreign_Affairs_(Syria)>
<Labor_and_Employment_Ministry_(Nigeria)>	<MakeStatement>	<Labor_Union_(Nigeria)>
<National_Front_Malaysia>	<MakeStatement>	<Ahmed_Abu_Khatallah>
<Benjamin_Netanyahu>	<Express_intent_to_meet_or_negotiate>	<Japan>
<Arsen_Avakov>	<MakeStatement>	<Armed_Rebel_(Ukraine)>
<Xi_Jinping>	<MakeStatement>	<Henry_M._Paulson>
<Citizen_(Venezuela)>	<MakeStatement>	<Military_(Lebanon)>
<Joseph_Robinette_Biden>	<MakeStatement>	<Daniel_Ortega>
<Chuck_Hagel>	<MakeStatement>	<Iran>
<Barack_Obama>	<MakeStatement>	<Japan>
<Attorney_General_(Argentina)>	<MakeStatement>	<Lawyer/Attorney_(Argentina)>
<Foreign_Affairs_(Russia)>	<MakeStatement>	<Defense_/_Security_Ministry_(Malaysia)>
<Bala_Abdulkadir_Mohammed>	<Express_intent_to_cooperate>	<Citizen_(Nigeria)>
<Member_of_Parliament_(India)>	<Sexually_assault>	<Employee_(India)>
<Lawyer/Attorney_(South_Korea)>	<MakeStatement>	<Business_(South_Korea)>
<Augustine_Alegeh>	<MakeStatement>	<Okey_Wali>
<Information_/_Communication_/_Transparency_Ministry_(Singapore)>	<MakeStatement>	<Malaysia>
<AB_Lithuanian_Gas>	<Sign_formal_agreement>	<Business_(Lithuania)>
<Carlo_Calenda>	<MakeStatement>	<Bernd_Lange>
<Election_Commission_(Afghanistan)>	<MakeStatement>	<Party_Member_(Afghanistan)>
<Fidesz>	<MakeStatement>	<Member_of_the_Judiciary_(Nigeria)>
<China>	<Consult>	<Malaysia>
<Head_of_Government_(China)>	<MakeStatement>	<Japan>
<Derek_Andre_Hanekom>	<MakeStatement>	<South_Africa>
<Communist_Party_of_India>	<MakeStatement>	<Ethnic_Group_(India)>
<Iraq>	<MakeStatement>	<Militant_(Iraq)>
<Army_Personnel_(Philippines)>	<MakeStatement>	<Philippines>
<Alexis_Tsipras>	<MakeStatement>	<Evangelos_Venizelos>
<The_Hague>	<MakeStatement>	<Immigrants_(Ethiopia)>
<Jagdish_Mukhi>	<MakeStatement>	<Head_of_Government_(India)>
<Treasury/Finance_Ministry_(Greece)>	<Consult>	<Media_Personnel_(Greece)>
<Kathleen_Wynne>	<MakeStatement>	<Police_(Bulgaria)>
<North_Atlantic_Treaty_Organization>	<Express_intent_to_engage_in_diplomatic_cooperation_(such_as_policy_support)>	<Japan>
<Japan>	<Make_a_visit>	<China>
<Conservative_Party_(United_Kingdom)>	<MakeStatement>	<Martin_McGuinness>
<Citizen_(Tanzania)>	<Conduct_suicide_car_or_other_non-military_bombing>	<Tanzania>
<Canada>	<MakeStatement>	<Liberal_Party_(Canada)>
<Media_Personnel_(Uganda)>	<MakeStatement>	<Military_(Central_African_Republic)>
<Police_(Israel)>	<MakeStatement>	<Republican_People's_Party>
<Cyprian_Awiti>	<MakeStatement>	<Government_(Kenya)>
<François_Rebsamen>	<MakeStatement>	<Government_(France)>
<Fire_Brigade_(Australia)>	<MakeStatement>	<Police_(Australia)>
<Armed_Gang_(Al_Qaeda)>	<Assassinate>	<Defense_/_Security_Ministry_(Yemen)>
<Coalition_of_the_Radical_Left>	<Accuse>	<Panhellenic_Socialist_Movement>
<Viktor_Chirkov>	<MakeStatement>	<AvtoVAZ>
<Military_Personnel_(Afghanistan)>	<Praise_or_endorse>	<Military_Personnel_-_Special_(Afghanistan)>
<Other_Authorities_/_Officials_(United_States)>	<MakeStatement>	<Hezbollah>
<Treasury/Finance_Ministry_(Nigeria)>	<MakeStatement>	<Government_(Nigeria)>
<UN_Security_Council>	<Praise_or_endorse>	<Peacekeeping_Troop_(Africa)>
<Police_(Israel)>	<Arrest_detain_or_charge_with_legal_action>	<Criminal_(Israel)>
<Sheikh_Ali_Salman>	<MakeStatement>	<Nurse_(France)>
<Government_(Africa)>	<Arrest_detain_or_charge_with_legal_action>	<Women_(Sierra_Leone)>
<Tzipi_Livni>	<Consult>	<John_Kerry>
<Government_(South_Africa)>	<MakeStatement>	<Defense_/_Security_Ministry_(Nigeria)>
<Ministry_(Sudan)>	<MakeStatement>	<Government_(Sudan)>
<France>	<Express_intent_to_engage_in_diplomatic_cooperation_(such_as_policy_support)>	<Vietnam>
<Military_Personnel_(United_States)>	<Appeal_for_diplomatic_cooperation_(such_as_policy_support)>	<South_Korea>
<Justice_Department/Ministery_(Libya)>	<MakeStatement>	<Cabinet_/_Council_of_Ministers_/_Advisors_(Libya)>
<Yunus_Qanuni>	<Make_a_visit>	<Afghanistan>
<Shigeru_Ishiba>	<MakeStatement>	<Ministry_(Jordan)>
<Abu_Sayyaf>	<Abduct_hijack_or_take_hostage>	<Businessperson_(China)>
<Defense_/_Security_Ministry_(Yemen)>	<Make_an_appeal_or_request>	<Combatant_(Yemen)>
<Barack_Obama>	<Host_a_visit>	<Angela_Merkel>
<Member_of_Parliament_(Iraq)>	<MakeStatement>	<Iran>
<Court_Judge_(India)>	<MakeStatement>	<Medical_Personnel_(India)>
<Cristina_Fernández_de_Kirchner>	<MakeStatement>	<Government_(Argentina)>
<Archbishop_(Brazil)>	<MakeStatement>	<Yemi_Osinbajo>
<Domestic_Affairs_(Panama)>	<MakeStatement>	<Government_(Panama)>
<Coalition_of_the_Radical_Left>	<Accuse>	<Evangelos_Venizelos>
<John_Kerry>	<MakeStatement>	<Sergey_Viktorovich_Lavrov>
<Military_(Thailand)>	<MakeStatement>	<Head_of_Government_(Latvia)>
<Citizen_(Togo)>	<Express_intent_to_meet_or_negotiate>	<Togo>
<Military_(Thailand)>	<Arrest_detain_or_charge_with_legal_action>	<Citizen_(Thailand)>
<Stephane_Le_Foll>	<MakeStatement>	<France>
<Media_(Azerbaijan)>	<MakeStatement>	<Iran>
<Head_of_Government_(Nigeria)>	<MakeStatement>	<Indigenous_People_(Nigeria)>
<Poland>	<MakeStatement>	<Kazakhstan>
<Government_(Nigeria)>	<Make_an_appeal_or_request>	<Citizen_(Nigeria)>
<Department_of_Transportation>	<MakeStatement>	<South_Korea>
<Government_Official_(Mali)>	<MakeStatement>	<Military_(Mali)>
<Armed_Rebel_(Syria)>	<Use_unconventional_violence>	<Activist_(Syria)>
<Robert_Pickersgill>	<MakeStatement>	<Government_(Jamaica)>
<Philippines>	<Host_a_visit>	<Foreign_Affairs_(Israel)>
<Canada>	<MakeStatement>	<Justin_Trudeau>
<Military_Personnel_(Philippines)>	<MakeStatement>	<Police_(Philippines)>
<M.K._Narayanan>	<MakeStatement>	<François_Hollande>
<Tzipi_Livni>	<MakeStatement>	<Treasury/Finance_Ministry_(Czech_Republic)>
<John_Kerry>	<MakeStatement>	<Iraq>
<Head_of_Government_(India)>	<MakeStatement>	<Company_-_Owner_or_Operator_(India)>
<Foreign_Affairs_(Russia)>	<Make_an_appeal_or_request>	<Canada>
<Ministry_(Nigeria)>	<MakeStatement>	<Medical_Personnel_(Nigeria)>
<Protester_(Vietnam)>	<Protest_violently_riot>	<China>
<International_Court_of_Justice>	<MakeStatement>	<Japan>
<Joseph_Kabila>	<MakeStatement>	<Héctor_Beltrán_Leyva>
<Jan_Mládek>	<Express_intent_to_engage_in_diplomatic_cooperation_(such_as_policy_support)>	<Vietnam>
<China>	<Provide_humanitarian_aid>	<Vietnam>
<Nestor_Kirchner>	<MakeStatement>	<Civic_Group_(Argentina)>
<Military_Personnel_(Angola)>	<MakeStatement>	<Governor_(Angola)>
<Umaru_Tanko_Al-Makura>	<MakeStatement>	<Azores>
<Abdullah_Abdullah>	<MakeStatement>	<John_Kerry>
<Uhuru_Muigai_Kenyatta>	<MakeStatement>	<Government_(Kenya)>
<Defense_/_Security_Ministry_(United_States)>	<Consult>	<Benjamin_Netanyahu>
<National_Directorate_of_Security>	<MakeStatement>	<Secret_Agent_(Afghanistan)>
<China>	<Accuse>	<Japan>
<Ministry_of_Public_Security_(Canada)>	<MakeStatement>	<Business_(Canada)>
<Lawyer/Attorney_(Holy_See_(Vatican_City_State))>	<MakeStatement>	<Villager_(Philippines)>
<China>	<MakeStatement>	<Military_(China)>
<Ministry_(Central_African_Republic)>	<Consult>	<Aristide_Sokambi>
<Head_of_Government_(India)>	<MakeStatement>	<Indigenous_People_(India)>
<Isaac_Kiprono_Ruto>	<MakeStatement>	<Uhuru_Muigai_Kenyatta>
<Sekai_Holland>	<MakeStatement>	<Employee_(Philippines)>
<Cameroon>	<Meet_at_a_'third'_location>	<Niger>
<Catherine_Ashton>	<MakeStatement>	<Iran>
<Alexander_Lukashevich>	<MakeStatement>	<Representatives_(Iraq)>
<Fidesz>	<Praise_or_endorse>	<Viktor_Orban>
<Citizen_(Tanzania)>	<Accuse>	<Police_(Tanzania)>
<Citizen_(India)>	<Criticize_or_denounce>	<New_Way_Movement>
<Court_Judge_(India)>	<Refuse_to_release_persons_or_property>	<Men_(India)>
<Citizen_(Nigeria)>	<Express_intent_to_meet_or_negotiate>	<Boko_Haram>
<Didier_Burkhalter>	<Consult>	<Sergey_Viktorovich_Lavrov>
<John_Kerry>	<MakeStatement>	<China>
<Benjamin_Netanyahu>	<MakeStatement>	<John_Kerry>
<Envoy_(Kazakhstan)>	<MakeStatement>	<Madeleine_Albright>
<Governor_(Angola)>	<Consult>	<Angola>
<Jacek_Rostowski>	<MakeStatement>	<European_Parliament>
<Government_(Nigeria)>	<Make_an_appeal_or_request>	<Company_-_Owner_or_Operator_(Nigeria)>
<Prayuth_Chan-ocha>	<MakeStatement>	<Thailand>
<Ministry_(Angola)>	<Consult>	<Paul_Kagame>
<Hashmat_Stanikzai>	<MakeStatement>	<Military_Personnel_-_Special_(Afghanistan)>
<Robert_Cazanciuc>	<MakeStatement>	<Romania>
<Lawyer/Attorney_(Cambodia)>	<MakeStatement>	<Police_(Cambodia)>
<Boko_Haram>	<fight_with_small_arms_and_light_weapons>	<Cameroon>
<Sawarmi_Khaled_Saad>	<MakeStatement>	<Sudan>
<Local_Media_(Switzerland)>	<MakeStatement>	<Other_Authorities_/_Officials_(Switzerland)>
<Police_(Australia)>	<Use_tactics_of_violent_repression>	<Citizen_(Australia)>
<Meng_Jianzhu>	<Praise_or_endorse>	<Laos>
<Chuck_Hagel>	<Make_a_visit>	<Foreign_Affairs_(South_Korea)>
<Police_(Israel)>	<MakeStatement>	<Attacker_(Palestinian_Territory_Occupied)>
<Police_(Benin)>	<Abduct_hijack_or_take_hostage>	<Citizen_(Benin)>
<Preneet_Kaur>	<MakeStatement>	<Aam_Aadmi_Party>
<Micky_Rosenfeld>	<MakeStatement>	<Police_(Israel)>
<Reserve_Personnel_(Ukraine)>	<MakeStatement>	<Military_(Russia)>
<France>	<MakeStatement>	<Guinea>
<Gurbanguly_Berdymukhammedov>	<Make_a_visit>	<Tajikistan>
<Angela_Merkel>	<MakeStatement>	<Iran>
<Barack_Obama>	<MakeStatement>	<Hamas>
<Bala_Abdulkadir_Mohammed>	<MakeStatement>	<Education_(Nigeria)>
<Republican_People's_Party>	<Engage_in_negotiation>	<Faruk_Celik>
<Citizen_(Mauritania)>	<Accede_to_requests_or_demands_for_political_reform>	<Mauritania>
<Media_Personnel_(Japan)>	<MakeStatement>	<China>
<Secretariat_(Nigeria)>	<MakeStatement>	<Foreign_Affairs_(United_States)>
<Military_Personnel_(Thailand)>	<MakeStatement>	<Thailand>
<Efkan_Ala>	<MakeStatement>	<Main_Opposition_(Turkey)>
<Barack_Obama>	<MakeStatement>	<North_Korea>
<Royal_Administration_(Jordan)>	<MakeStatement>	<Iran>
<Levon_Ter-Petrosyan>	<MakeStatement>	<Gagik_Tsarukyan>
<Foreign_Affairs_(United_States)>	<Demand>	<Malawi_Electoral_Commission>
<Armed_Gang_(Mexico)>	<Abduct_hijack_or_take_hostage>	<Priest_(Uganda)>
<Communist_Party_of_India>	<MakeStatement>	<Ruling_Party_(India)>
<Edwin_Lacierda>	<MakeStatement>	<Moro_National_Liberation_Front>
<Jens_Weidmann>	<MakeStatement>	<France>
<Militant_(Boko_Haram)>	<Abduct_hijack_or_take_hostage>	<Citizen_(Nigeria)>
<Kyriakos_Gerontopoulos>	<MakeStatement>	<Defense_/_Security_Ministry_(Ukraine)>
<Protester_(Vietnam)>	<Demonstrate_or_rally>	<China>
<John_Kerry>	<Make_a_visit>	<South_Korea>
<Daniel_Ortega>	<MakeStatement>	<Mexico>
<Angela_Merkel>	<MakeStatement>	<Malaysia>
<James_Wani_Igga>	<Accuse>	<Riek_Machar>
<Uhuru_Muigai_Kenyatta>	<MakeStatement>	<Ethiopia>
<Armed_Rebel_(Mali)>	<MakeStatement>	<Government_(Mauritania)>
<Phongthep_Thepkanjana>	<MakeStatement>	<Cabinet_/_Council_of_Ministers_/_Advisors_(Thailand)>
<Military_Personnel_(Philippines)>	<MakeStatement>	<Inspector_General_(Philippines)>
<Other_Authorities_/_Officials_(Mexico)>	<Arrest_detain_or_charge_with_legal_action>	<Men_(Mexico)>
<Police_(Libya)>	<MakeStatement>	<Mustafa_Abu_Shagur>
<Head_of_Government_(Sweden)>	<MakeStatement>	<Government_(Sweden)>
<Member_of_Parliament_(India)>	<MakeStatement>	<Medical_Personnel_(India)>
<Milliyet>	<MakeStatement>	<Lawyer/Attorney_(Turkey)>
<Foreign_Affairs_(Rwanda)>	<MakeStatement>	<UN_Security_Council>
<Jatuporn_Prompan>	<Appeal_for_diplomatic_cooperation_(such_as_policy_support)>	<Citizen_(Thailand)>
<Militant_(Nigeria)>	<Use_unconventional_violence>	<Citizen_(Nigeria)>
<Xi_Jinping>	<Make_a_visit>	<China>
<Valdis_Dombrovskis>	<MakeStatement>	<Head_of_Government_(Latvia)>
<Simos_Kedikoglou>	<MakeStatement>	<Terrorist_Leader_(Syria)>
<Devlet_Bahçeli>	<MakeStatement>	<Nationalist_Movement_Party>
<Iurie_Leanca>	<Express_intent_to_engage_in_diplomatic_cooperation_(such_as_policy_support)>	<Angela_Merkel>
<Japan>	<MakeStatement>	<China>
<Kathleen_Wynne>	<Use_conventional_military_force>	<Tim_Hudak>
<China>	<Arrest_detain_or_charge_with_legal_action>	<Liu_Han>
<Protester_(United_Kingdom)>	<MakeStatement>	<Indigenous_People_(United_Kingdom)>
<Police_(Philippines)>	<fight_with_small_arms_and_light_weapons>	<Children_(Philippines)>
<Environment_Department/Ministry_(Kenya)>	<MakeStatement>	<Government_(Angola)>
<Insurgency_(Boko_Haram)>	<MakeStatement>	<Media_Personnel_(Pakistan)>
<Police_(South_Africa)>	<Accuse>	<Businessperson_(South_Africa)>
<Police_(Kenya)>	<Impose_administrative_sanctions>	<Citizen_(Kenya)>
<China>	<Accuse>	<Philippines>
<Other_Authorities_/_Officials_(Liberia)>	<Consult>	<Qatar_Investment_Authority>
<Admiral_(Iran)>	<MakeStatement>	<Fighter_Bomber_(Iran)>
<Arsen_Avakov>	<MakeStatement>	<North_Atlantic_Treaty_Organization>
<Uganda_People's_Defence_Force>	<MakeStatement>	<Thief_(India)>
<Niger>	<Express_intent_to_cooperate>	<Citizen_(Nigeria)>
<Sudan>	<Host_a_visit>	<Isaias_Afewerki>
<Other_Authorities_/_Officials_(Jamaica)>	<MakeStatement>	<Criminal_(Jamaica)>
<Justice_Department/Ministery_(Niger)>	<MakeStatement>	<Attacker_(Niger)>
<John_Kerry>	<Consult>	<Foreign_Affairs_(Singapore)>
<Sergey_Viktorovich_Lavrov>	<MakeStatement>	<John_Kerry>
<International_Court_of_Justice>	<MakeStatement>	<Police_(Rwanda)>
<Benjamin_Netanyahu>	<MakeStatement>	<Tzipi_Livni>
<Kazakhstan>	<Host_a_visit>	<Ali_Tayyebnia>
<Government_(Nigeria)>	<MakeStatement>	<Boko_Haram>
<William_Lukuvi>	<MakeStatement>	<Tanzania>
<Poland>	<Cooperate_militarily>	<Attack_Craft_(Poland)>
<China>	<MakeStatement>	<Myanmar>
<Energy_Department/Ministry_(Philippines)>	<MakeStatement>	<Philippines>
<Boy_Rafli_Amar>	<MakeStatement>	<Police_(Indonesia)>
<Shura_Council>	<Consult>	<Foreign_Affairs_(Ethiopia)>
<Military_(South_Sudan)>	<MakeStatement>	<Imad_Mugniyah>
<Lawyer/Attorney_(South_Korea)>	<Make_an_appeal_or_request>	<Police_(South_Korea)>
<Ministry_(Nigeria)>	<MakeStatement>	<Government_(Nigeria)>
<Cristina_Fernández_de_Kirchner>	<Make_a_visit>	<Mexico>
<TDC>	<MakeStatement>	<Al_Jazeera>
<Military_(Mozambique)>	<Confiscate_property>	<Business_(Mozambique)>
<Government_(Kenya)>	<Engage_in_material_cooperation>	<Police_(Kenya)>
<Army_National_Guard_(Venezuela)>	<Use_conventional_military_force>	<Citizen_(Venezuela)>
<Najam_Sethi>	<MakeStatement>	<Raheel_Sharif>
<Admiral_(Iran)>	<MakeStatement>	<Iran>
<China>	<Use_tactics_of_violent_repression>	<News_Editor_(China)>
<Lawyer/Attorney_(Philippines)>	<MakeStatement>	<City_Mayor_(Philippines)>
<Kathleen_Wynne>	<Make_a_visit>	<Canada>
<Lawyer/Attorney_(Malaysia)>	<Arrest_detain_or_charge_with_legal_action>	<Citizen_(Malaysia)>
<François_Hollande>	<MakeStatement>	<Government_(France)>
<Benjamin_Netanyahu>	<MakeStatement>	<Angela_Merkel>
<Military_(Mali)>	<Use_conventional_military_force>	<Armed_Rebel_(Mali)>
<Abdullah_Abdullah>	<Accuse>	<Ministry_(Afghanistan)>
<Colombia>	<Host_a_visit>	<Human_Rights_Watch>
<Party_Member_(Tanzania)>	<MakeStatement>	<Government_(Sudan)>
<Police_(Australia)>	<Demand>	<Citizen_(Australia)>
<France>	<MakeStatement>	<Barack_Obama>
<Chuck_Hagel>	<MakeStatement>	<Iraq>
<Alexis_Tsipras>	<MakeStatement>	<Police_(Greece)>
<Tharit_Pengdit>	<MakeStatement>	<Protester_(Thailand)>
<Media_(Morocco)>	<MakeStatement>	<Morocco>
<Election_Commission_(India)>	<Praise_or_endorse>	<Citizen_(India)>
<Kazakhstan>	<MakeStatement>	<Government_(Nepal)>
<Bala_Ngilari>	<MakeStatement>	<Member_of_the_Judiciary_(Nigeria)>
<Citizen_(Mauritania)>	<MakeStatement>	<Ukrinform>
<Vytenis_Povilas_Andriukaitis>	<MakeStatement>	<Algirdas_Butkevičius>
<Riek_Machar>	<MakeStatement>	<Umar_al_Bashir>
<Soumeylou_Boubèye_Maiga>	<MakeStatement>	<Military_(Mali)>
<Media_(Latvia)>	<MakeStatement>	<Moro_National_Liberation_Front>
<Militant_(Nigeria)>	<MakeStatement>	<Nadine_Heredia>
<Police_(South_Africa)>	<Provide_humanitarian_aid>	<South_Africa>
<North_Korea>	<MakeStatement>	<South_Korea>
<Civic_Group_(Morocco)>	<Appeal_for_easing_of_administrative_sanctions>	<Morocco>
<Undersecretary_(Bahrain)>	<MakeStatement>	<Labor_and_Employment_Ministry_(Bahrain)>
<Fang_Fenghui>	<Host_a_visit>	<Joseph_Robinette_Biden>
<Tony_Blair>	<MakeStatement>	<Armed_Gang_(Egypt)>
<South_Korea>	<Engage_in_diplomatic_cooperation>	<China>
<Uhuru_Muigai_Kenyatta>	<Make_a_visit>	<South_Africa>
<Head_of_Government_(Uruguay)>	<MakeStatement>	<Arnaud_Montebourg>
<Other_Authorities_/_Officials_(United_States)>	<Accuse>	<Citizen_(United_Kingdom)>
<China>	<Host_a_visit>	<Chang_Wanquan>
<Angela_Merkel>	<Consult>	<Head_of_Government_(Ukraine)>
<Godfrey_Chidyausiku>	<MakeStatement>	<Angela_Merkel>
<Canada>	<Arrest_detain_or_charge_with_legal_action>	<Children_(Canada)>
<Undersecretary_(Kuwait)>	<MakeStatement>	<Kuwait>
<Iran>	<MakeStatement>	<Morteza_Sarmadi>
<Armenia>	<MakeStatement>	<Cobra_Matata>
<Angela_Merkel>	<MakeStatement>	<Victoria_Nuland>
<Other_Authorities_/_Officials_(Greece)>	<MakeStatement>	<Liberals_(Canada)>
<Police_(Kenya)>	<Use_conventional_military_force>	<University_of_Nairobi>
<Representatives_(Iraq)>	<MakeStatement>	<Ashraf_Ghani_Ahmadzai>
<Police_(South_Africa)>	<MakeStatement>	<Romania>
<Joseph_Robinette_Biden>	<Consult>	<Victor_Ponta>
<France>	<Engage_in_diplomatic_cooperation>	<Mauritania>
<Court_Judge_(United_Kingdom)>	<MakeStatement>	<Government_(Panama)>
<Fire_Brigade_(China)>	<MakeStatement>	<China>
<Defense_/_Security_Ministry_(Nigeria)>	<MakeStatement>	<Government_(Nigeria)>
<Pope_Francis>	<MakeStatement>	<Holy_See>
<Citizen_(South_Korea)>	<Demand_meeting_negotiation>	<Head_of_Government_(South_Korea)>
<Davies_Ibiamu_Ikanya>	<MakeStatement>	<Ministry_(Nigeria)>
<Planning_Commission_(Nigeria)>	<MakeStatement>	<Ministry_(Nigeria)>
<Head_of_Government_(Mauritania)>	<MakeStatement>	<Mauritania>
<Defense_/_Security_Ministry_(Ukraine)>	<MakeStatement>	<Militant_(Ukraine)>
<Meretz>	<MakeStatement>	<Tzipi_Livni>
<China>	<MakeStatement>	<Vietnam>
<Police_(Portugal)>	<Investigate>	<Citizen_(Brazil)>
<Military_Personnel_(Afghanistan)>	<MakeStatement>	<Martin_Spegelj>
<Abhisit_Vejjajiva>	<Demand_change_in_leadership>	<Cabinet_/_Council_of_Ministers_/_Advisors_(Thailand)>
<Military_(Mali)>	<Use_conventional_military_force>	<Combatant_(Mali)>
<Sergey_Viktorovich_Lavrov>	<Consult>	<Head_of_Government_(Peru)>
<Joseph_Kabila>	<Make_a_visit>	<France>
<John_Kerry>	<MakeStatement>	<National_Coalition_for_Syrian_Revolutionary_and_Opposition_Forces>
<Rights_Activist_(China)>	<Make_an_appeal_or_request>	<China>
<Vietnam>	<Express_intent_to_cooperate>	<Businessperson_(Philippines)>
<Bratislav_Gasic>	<MakeStatement>	<Sikh_(India)>
<Men_(South_Africa)>	<Acknowledge_or_claim_responsibility>	<South_Africa>
<Lawyer/Attorney_(Australia)>	<MakeStatement>	<Criminal_(Australia)>
<Minister_Patnaik>	<Praise_or_endorse>	<Citizen_(India)>
<Poland>	<Host_a_visit>	<Grand_Duke_Henri>
<Party_Member_(Afghanistan)>	<MakeStatement>	<Justice_Department/Ministery_(Philippines)>
<Civic_Group_(Croatia)>	<MakeStatement>	<City_Mayor_(Croatia)>
<Chuck_Hagel>	<MakeStatement>	<Al_Arabiya>
<High_Ranking_Military_Personnel_(Pakistan)>	<MakeStatement>	<Militant_(Taliban)>
<Arsen_Avakov>	<MakeStatement>	<Employee_(Ukraine)>
<Vitaliy_Yarema>	<MakeStatement>	<Defense_/_Security_Ministry_(Ukraine)>
<Umaru_Tanko_Al-Makura>	<Appeal_for_diplomatic_cooperation_(such_as_policy_support)>	<Citizen_(Nigeria)>
<Pope_Francis>	<Make_a_visit>	<Middle_East>
<Prayuth_Chan-ocha>	<MakeStatement>	<Military_(Thailand)>
<New_Azerbaijan_Party>	<MakeStatement>	<National_Liberal_Party>
<Army_National_Guard_(Venezuela)>	<MakeStatement>	<Member_of_Parliament_(Romania)>
<Foreign_Affairs_(Russia)>	<MakeStatement>	<Iraq>
<Abdullah_Abdullah>	<Consult>	<Party_Member_(Afghanistan)>
<Police_(Egypt)>	<MakeStatement>	<Armed_Gang_(Egypt)>
<Abdolreza_Rahmani-Fazli>	<Express_intent_to_meet_or_negotiate>	<Chaudhry_Nisar_Ali_Khan>
<Makame_Mbarawa>	<MakeStatement>	<Tanzania>
<Army_Personnel_(Egypt)>	<MakeStatement>	<South_Africa>
<Salvador_Sánchez_Cerén>	<MakeStatement>	<Guerrilla_(El_Salvador)>
<Sheikh_Hasina_Wajed>	<MakeStatement>	<Member_of_Parliament_(Bangladesh)>
<Ministry_(Nigeria)>	<Express_intent_to_cooperate>	<Company_-_Owner_or_Operator_(Nigeria)>
<Citizen_(Nigeria)>	<Make_an_appeal_or_request>	<Ministry_(Nigeria)>
<Dinh_Tien_Dung>	<MakeStatement>	<Ministry_(Vietnam)>
<Boko_Haram>	<Consult>	<Oluṣẹgun_Ọbasanjọ>
<Morocco>	<Arrest_detain_or_charge_with_legal_action>	<Criminal_(Morocco)>
<Barack_Obama>	<Express_intent_to_meet_or_negotiate>	<Poland>
<Police_(Australia)>	<Accuse>	<Women_(Australia)>
<Ayatollah_Seyyed_Ahmad_Alamolhoda>	<MakeStatement>	<Iran>
<Ministry_(Nigeria)>	<MakeStatement>	<Media_(Africa)>
<Defense_/_Security_Ministry_(Ukraine)>	<MakeStatement>	<North_Atlantic_Treaty_Organization>
<Ministry_(Morocco)>	<MakeStatement>	<Morocco>
<Toomas_Hendrik_Ilves>	<Express_intent_to_meet_or_negotiate>	<Businessperson_(United_States)>
<Yamfwa_Mukanga>	<MakeStatement>	<Government_(United_States)>
<Sebastian_Ndeitunga>	<MakeStatement>	<Police_(Namibia)>
<Citizen_(Kenya)>	<MakeStatement>	<Volvo>
<Armenia>	<Engage_in_diplomatic_cooperation>	<Iran>
<Sergey_Viktorovich_Lavrov>	<Consult>	<Miroslav_Lajcak>
<Djoomart_Otorbaev>	<Express_intent_to_meet_or_negotiate>	<Citizen_(Kyrgyzstan)>
<Barack_Obama>	<MakeStatement>	<Government_(Nigeria)>
<Health_Ministry_(Nigeria)>	<Consult>	<Media_(Nigeria)>
<John_Kerry>	<Make_pessimistic_comment>	<North_Korea>
<Citizen_(Kenya)>	<Reject>	<Government_(Kenya)>
<Tarun_Gogoi>	<Engage_in_diplomatic_cooperation>	<Citizen_(India)>
<Iran>	<Host_a_visit>	<Poland>
<Bratislav_Gasic>	<Consult>	<Sergey_Kuzhugetovich_Shoygu>
<Citizen_(India)>	<MakeStatement>	<Education_(Nigeria)>
<City_Mayor_(Venezuela)>	<Make_an_appeal_or_request>	<Citizen_(Venezuela)>
<High_Ranking_Military_Personnel_(Jordan)>	<MakeStatement>	<Police_(Jordan)>
<North_Korea>	<Engage_in_diplomatic_cooperation>	<China>
<Naval_(Thailand)>	<MakeStatement>	<Business_(Bahrain)>
<Chuck_Hagel>	<MakeStatement>	<Lawmaker_(Turkey)>
<Police_(Australia)>	<Use_conventional_military_force>	<Women_(Australia)>
<Dunya_Maumoon>	<MakeStatement>	<Maldives>
<Pier_Ferdinando_Casini>	<MakeStatement>	<Iran>
<Malaysia>	<Engage_in_diplomatic_cooperation>	<Iran>
<UN_Security_Council>	<MakeStatement>	<Sudan>
<Isaias_Afewerki>	<Consult>	<Umar_al_Bashir>
<Caitlin_Hayden>	<MakeStatement>	<Imad_Mugniyah>
<Police_(El_Salvador)>	<MakeStatement>	<Criminal_(El_Salvador)>
<Barack_Obama>	<Make_empathetic_comment>	<Citizen_(Turkey)>
<Gurbanguly_Berdymukhammedov>	<MakeStatement>	<Thailand>
<Agriculture_/_Fishing_/_Forestry_Ministry_(Sudan)>	<MakeStatement>	<Sudan>
<Liu_Jianchao>	<Demand>	<Vietnam>
<Governor_(Angola)>	<MakeStatement>	<Angola>
<Police_(Australia)>	<Arrest_detain_or_charge_with_legal_action>	<Medical_Personnel_(Australia)>
<Party_Member_(Iraq)>	<Consult>	<Nuri_al-Maliki>
<Ed_Royce>	<MakeStatement>	<South_Sudan>
<Military_(Thailand)>	<Confiscate_property>	<Thailand>
<Congo>	<MakeStatement>	<Romania>
<Bank_(France)>	<Decline_comment>	<Iran>
<Government_(Nigeria)>	<MakeStatement>	<Fula_people>
<Jatuporn_Prompan>	<Consult>	<Military_Personnel_(Thailand)>
<Boko_Haram>	<Use_unconventional_violence>	<Citizen_(Nigeria)>
<Qassim_Atta>	<MakeStatement>	<Air_Force_(Iraq)>
<Toru_Hashimoto>	<MakeStatement>	<Newspaper_(Japan)>
<Protester_(Vietnam)>	<MakeStatement>	<Ri_Su_Yong>
<Citizen_(Nigeria)>	<Make_an_appeal_or_request>	<Trade_Union_Congress>
<Benjamin_Netanyahu>	<MakeStatement>	<Police_(Israel)>
<Archbishop_(Australia)>	<MakeStatement>	<Lawyer/Attorney_(Australia)>
<Military_Personnel_-_Special_(Nigeria)>	<MakeStatement>	<Raj_Thackeray>
<Bradesco>	<MakeStatement>	<Government_Affiliated_Bank_(Brazil)>
<Police_(Indonesia)>	<MakeStatement>	<New_Zealand>
<United_Democratic_Movement>	<Make_an_appeal_or_request>	<African_Union>
<University_of_Johannesburg>	<Host_a_visit>	<Barack_Obama>
<Barack_Obama>	<MakeStatement>	<Raúl_Castro>
<John_Kerry>	<Make_a_visit>	<Angola>
<Head_of_Government_(Turkmenistan)>	<MakeStatement>	<Armenia>
<Emal_Faizi>	<MakeStatement>	<Afghanistan>
<Susana_Villaran>	<MakeStatement>	<Business_(Peru)>
<Mauritania>	<Engage_in_diplomatic_cooperation>	<France>
<Pope_Francis>	<MakeStatement>	<Priest_(Holy_See_(Vatican_City_State))>
<Social_Renewal_Party>	<MakeStatement>	<Tahirul_Qadri>
<Lawyer/Attorney_(Sierra_Leone)>	<MakeStatement>	<Member_of_the_Judiciary_(Sierra_Leone)>
<Abdullah_Abdullah>	<MakeStatement>	<Afghanistan>
<House_of_Representatives_(United_States)>	<MakeStatement>	<Criminal_(Australia)>
<Association_of_Southeast_Asian_Nations>	<Make_pessimistic_comment>	<Vietnam>
<High_Ranking_Military_Personnel_(Pakistan)>	<MakeStatement>	<Criminal_(Pakistan)>
<Military_(Mexico)>	<Arrest_detain_or_charge_with_legal_action>	<Mexico>
<Joseph_Robinette_Biden>	<Praise_or_endorse>	<Population_(Iraq)>
<Djibouti>	<MakeStatement>	<Legislature_(Turkey)>
<Ministry_(Iran)>	<Express_intent_to_meet_or_negotiate>	<Abu_Bakr_Abdullah_al-Qirbi>
<Military_(Mali)>	<MakeStatement>	<Employee_(Canada)>
<Public_Prosecutor_(Peru)>	<Arrest_detain_or_charge_with_legal_action>	<Head_of_Government_(Peru)>
<Thailand>	<MakeStatement>	<Cambodia>
<Geng_Yansheng>	<MakeStatement>	<Japan>
<Student_(Yemen)>	<MakeStatement>	<Nigerian_Bar_Association>
<Angus_Houston>	<MakeStatement>	<Associated_Press>
<Alexander_Lukashevich>	<MakeStatement>	<Canada>
<Isaac_Kiprono_Ruto>	<MakeStatement>	<Member_of_Legislative_(Govt)_(Kenya)>
<John_Kerry>	<MakeStatement>	<UN_Security_Council>
<Representatives_(Nigeria)>	<Engage_in_negotiation>	<Oluṣẹgun_Ọbasanjọ>
<UN_Security_Council>	<MakeStatement>	<Government_(Syria)>
<France>	<Make_an_appeal_or_request>	<UN_Security_Council>
<Treasury/Finance_Ministry_(Nigeria)>	<MakeStatement>	<Boko_Haram>
<Massoud_Barzani>	<MakeStatement>	<Iraq>
<Algirdas_Butkevičius>	<MakeStatement>	<Social_Democratic_Party_(Lithuania)>
<Militant_(Iraq)>	<MakeStatement>	<Military_Personnel_-_Special_(Nigeria)>
<John_Kerry>	<Make_pessimistic_comment>	<Ethiopia>
<Police_(Kenya)>	<MakeStatement>	<Immigrants_(Ethiopia)>
<Canada>	<Praise_or_endorse>	<Government_(Kenya)>
<Benjamin_Netanyahu>	<MakeStatement>	<Israeli_Defense_Forces>
<Mohammad_Javad_Zarif>	<MakeStatement>	<Afghanistan>
<Vietnam>	<Sign_formal_agreement>	<China>
<Barack_Obama>	<Make_a_visit>	<Poland>
<Health_Ministry_(Nigeria)>	<MakeStatement>	<Ministry_(Nigeria)>
<Government_(Croatia)>	<MakeStatement>	<Ministry_(Croatia)>
<Police_(Philippines)>	<MakeStatement>	<Philippines>
<City_Mayor_(South_Africa)>	<MakeStatement>	<Government_(South_Africa)>
<Guinea>	<Engage_in_diplomatic_cooperation>	<Angola>
<Royal_Air_Force>	<MakeStatement>	<Attack_Craft_(United_Kingdom)>
<Tomislav_Nikolić>	<MakeStatement>	<European_Parliament>
<Vietnam>	<MakeStatement>	<Military_(Vietnam)>
<Citizen_(Togo)>	<MakeStatement>	<Holy_See>
<Head_of_Government_(India)>	<Praise_or_endorse>	<Employee_(India)>
<Chris_Alexander>	<MakeStatement>	<Canada>
<Foreign_Affairs_(Russia)>	<MakeStatement>	<North_Atlantic_Treaty_Organization>
<David_Choquehuanca>	<MakeStatement>	<Bolivia>
<Hashim_Thaçi>	<MakeStatement>	<Catherine_Ashton>
<Government_(Nigeria)>	<MakeStatement>	<Ogbeni_Rauf_Aregbesola>
<Prayuth_Chan-ocha>	<MakeStatement>	<National_Council_for_Peace_and_Order_of_Thailand>
<Rights_Activist_(China)>	<MakeStatement>	<China>
<France>	<MakeStatement>	<South_Korea>
<Iran>	<MakeStatement>	<Edgars_Rinkevics>
<Israeli_Defense_Forces>	<MakeStatement>	<Iran>
<Prayuth_Chan-ocha>	<Demand>	<Jatuporn_Prompan>
<Jose_Mario_Vaz>	<MakeStatement>	<Business_(Bahrain)>
<Attacker_(Colombia)>	<Conduct_suicide_car_or_other_non-military_bombing>	<Colombia>
<Police_(Uganda)>	<MakeStatement>	<Priest_(Uganda)>
<Salah_al-Bardawil>	<MakeStatement>	<Government_(Palestinian_Territory_Occupied)>
<Party_Member_(Afghanistan)>	<Consult>	<Abdullah_Abdullah>
<Sadiq_al-Mahdi>	<MakeStatement>	<Government_(Sudan)>
<North_Korea>	<MakeStatement>	<Japan>
<Afghanistan>	<MakeStatement>	<Armed_Band_(Afghanistan)>
<Portugal>	<Consult>	<Cape_Verde>
<Head_of_Government_(India)>	<MakeStatement>	<Islamic_(India)>
<Nhial_Deng_Nhial>	<MakeStatement>	<Ethiopia>
<Umaru_Tanko_Al-Makura>	<MakeStatement>	<Government_(Nigeria)>
<Ministry_(Angola)>	<MakeStatement>	<Angola>
<Ayman_al-Zawahri>	<MakeStatement>	<Henry_M._Paulson>
<Representatives_(Iraq)>	<Consult>	<Massoud_Barzani>
<Iran>	<Consult>	<Islamic_Preacher_(Iran)>
<Governor_(Russia)>	<Criticize_or_denounce>	<People_Associated_with_the_Opposition_(Russia)>
<Sudan>	<MakeStatement>	<Benazir_Bhutto>
<Military_Personnel_(Philippines)>	<MakeStatement>	<Abu_Sayyaf>
<Solidarity>	<MakeStatement>	<Daniel_Barrera_Barrera>
<Military_Personnel_(Thailand)>	<MakeStatement>	<National_Council_for_Peace_and_Order_of_Thailand>
<Government_(Africa)>	<MakeStatement>	<Head_of_Government_(Greece)>
<Media_Personnel_(Somalia)>	<MakeStatement>	<Al-Shabaab>
<Kyriakos_Gerontopoulos>	<Consult>	<Council_of_Europe>
<Protester_(Georgia)>	<MakeStatement>	<Ethiopia>
<Didier_Burkhalter>	<MakeStatement>	<Abdul_Aziz>
<Al-Shabaab>	<Acknowledge_or_claim_responsibility>	<Djibouti>
<Protester_(Thailand)>	<Demonstrate_or_rally>	<Military_(Thailand)>
<Arsen_Avakov>	<Make_an_appeal_or_request>	<Citizen_(International)>
<Citizen_(Indonesia)>	<Express_intent_to_engage_in_diplomatic_cooperation_(such_as_policy_support)>	<Prabowo_Subianto>
<Lawyer/Attorney_(Malaysia)>	<MakeStatement>	<Ogbeni_Rauf_Aregbesola>
<Jane_Marriott>	<Consult>	<Domestic_Affairs_(Yemen)>
<Police_(Japan)>	<Arrest_detain_or_charge_with_legal_action>	<Men_(Japan)>
<Melissa_Fleming>	<MakeStatement>	<Asylum_Seeker_(Sudan)>
<Armed_Gang_(Thailand)>	<MakeStatement>	<Media_Personnel_(Thailand)>
<Xi_Jinping>	<MakeStatement>	<Tanzania>
<Mohammad_Reza_Naqdi>	<MakeStatement>	<Iran>
<Congo>	<Host_a_visit>	<Herve_Ladsous>
<Chongwadai>	<MakeStatement>	<Government_(United_States)>
<Abdullah_Gül>	<Reject_plan_agreement_to_settle_dispute>	<Devlet_Bahçeli>
<Activist_(France)>	<MakeStatement>	<France>
<Philipp_Rösler>	<MakeStatement>	<Vietnam>
<Alexander_Lukashevich>	<MakeStatement>	<Sergey_Viktorovich_Lavrov>
<Iran>	<MakeStatement>	<Barack_Obama>
<China>	<Express_intent_to_engage_in_diplomatic_cooperation_(such_as_policy_support)>	<Malaysia>
<Abdol-Reza_Mesri>	<MakeStatement>	<European_Parliament>
<Romania>	<Host_a_visit>	<European_Parliament>
<Yves-Fran_Francois_Blanchet>	<MakeStatement>	<Canada>
<Head_of_Government_(Ecuador)>	<MakeStatement>	<Government_(Ecuador)>
<Head_of_Government_(Turkmenistan)>	<Consult>	<Foreign_Affairs_(United_States)>
<Al_Arabiya>	<MakeStatement>	<Royal_Administration_(Saudi_Arabia)>
<Business_(Russia)>	<MakeStatement>	<Student_(Tanzania)>
<Kaci_Hickox>	<MakeStatement>	<Nurse_(United_States)>
<Militant_(Yemen)>	<Appeal_for_diplomatic_cooperation_(such_as_policy_support)>	<Citizen_(Yemen)>
<Justice_Department/Ministery_(Libya)>	<MakeStatement>	<Ahmed_Abu_Khatallah>
<Uhuru_Muigai_Kenyatta>	<MakeStatement>	<Qatar>
<Employee_(Vietnam)>	<MakeStatement>	<Military_(France)>
<Riek_Machar>	<Consult>	<Head_of_Government_(Ethiopia)>
<Defense_/_Security_Ministry_(United_States)>	<MakeStatement>	<Iraq>
<China>	<MakeStatement>	<Iran>
<Domestic_Affairs_(France)>	<MakeStatement>	<France>
<Police_(Philippines)>	<MakeStatement>	<Military_(Philippines)>
<Director_General_(Russia)>	<MakeStatement>	<Business_(Russia)>
<Antonis_Samaras>	<Accuse>	<Main_Opposition_(Greece)>
<Foreign_Affairs_(Belarus)>	<MakeStatement>	<Jason_C._Hu>
<Police_(Kenya)>	<Abduct_hijack_or_take_hostage>	<Member_of_Legislative_(Govt)_(Kenya)>
<Armed_Rebel_(Syria)>	<Use_unconventional_violence>	<Government_(Syria)>
<Ministry_(Nigeria)>	<MakeStatement>	<Farm_Worker_(Nigeria)>
<Media_Personnel_(Honduras)>	<MakeStatement>	<Court_Judge_(Honduras)>
<James_Ongwae>	<MakeStatement>	<Media_(Africa)>
<Franklin_Drilon>	<MakeStatement>	<Congress_(Philippines)>
<Algirdas_Butkevičius>	<MakeStatement>	<European_Parliament>
<Party_President_(Romania)>	<MakeStatement>	<Klaus_Johannis>
<James_Selfe>	<MakeStatement>	<Media_Personnel_(United_States)>
<Angela_Merkel>	<MakeStatement>	<Government_(Germany)>
<Other_Authorities_/_Officials_(Turkey)>	<Arrest_detain_or_charge_with_legal_action>	<Lawmaker_(Turkey)>
<John_Kerry>	<MakeStatement>	<Angola>
<Prayuth_Chan-ocha>	<MakeStatement>	<Government_(Qatar)>
<Head_of_Government_(China)>	<MakeStatement>	<Businessperson_(China)>
<Sean_Edwards>	<MakeStatement>	<Police_(United_States)>
<Military_(Thailand)>	<Investigate>	<Citizen_(Thailand)>
<Head_of_Government_(Chile)>	<MakeStatement>	<City_Mayor_(Chile)>
<Guinea>	<MakeStatement>	<Court_Judge_(Mexico)>
<Evangelos_Venizelos>	<Make_an_appeal_or_request>	<Citizen_(Greece)>
<Head_of_Government_(India)>	<MakeStatement>	<China>
<Sheikh_Hasina_Wajed>	<Make_a_visit>	<Japan>
<Middle_East>	<Make_a_visit>	<Defense_/_Security_Ministry_(United_States)>
<Lawyer/Attorney_(Philippines)>	<MakeStatement>	<Justice_Department/Ministery_(Philippines)>
<UN_Security_Council>	<MakeStatement>	<Other_Authorities_/_Officials_(Russia)>
<National_Coalition_Party>	<MakeStatement>	<Alexander_Stubb>
<François_Hollande>	<MakeStatement>	<France>
<Foreign_Affairs_(United_States)>	<Make_optimistic_comment>	<China>
<Other_Authorities_/_Officials_(Jordan)>	<MakeStatement>	<National_Coalition_for_Syrian_Revolutionary_and_Opposition_Forces>
<Blogger_(Australia)>	<MakeStatement>	<Police_(Australia)>
<Secretariat_(Nigeria)>	<Make_an_appeal_or_request>	<Citizen_(Nigeria)>
<Governor_(Kenya)>	<MakeStatement>	<James_Ongwae>
<Legislature_(Greece)>	<MakeStatement>	<Mohamed_Ould_Abdel_Aziz>
<Government_(South_Africa)>	<Express_intent_to_engage_in_diplomatic_cooperation_(such_as_policy_support)>	<Indigenous_People_(South_Africa)>
<Tsakhiagiyn_Elbegdorj>	<MakeStatement>	<Japan>
<Foreign_Affairs_(United_States)>	<MakeStatement>	<Angola>
<Liu_Jieyi>	<MakeStatement>	<China>
<Men_(South_Africa)>	<Appeal_for_diplomatic_cooperation_(such_as_policy_support)>	<Indigenous_People_(South_Africa)>
<Criminal_(Brazil)>	<Return_release_person(s)>	<Citizen_(Brazil)>
<Malaysia>	<MakeStatement>	<Armed_Rebel_(Ukraine)>
<Micky_Rosenfeld>	<MakeStatement>	<Tourist_(United_States)>
<Ministry_(Iran)>	<MakeStatement>	<Iran>
<Media_Personnel_(New_Zealand)>	<MakeStatement>	<Government_(New_Zealand)>
<Shigeru_Ishiba>	<Express_intent_to_cooperate>	<Joseph_Robinette_Biden>
<Juan_Antonio_Coloma>	<MakeStatement>	<Foreign_Affairs_(Chile)>
<United_Arab_Emirates>	<Sign_formal_agreement>	<South_Korea>
<Israeli_Defense_Forces>	<MakeStatement>	<Al_Jazeera>
<Ed_Royce>	<Accuse_of_human_rights_abuses>	<Myanmar>
<North_American_Aerospace_Defense_Command>	<MakeStatement>	<Military_(Russia)>
<Colombia>	<Arrest_detain_or_charge_with_legal_action>	<Luis_Alfonso_Hoyos>
<Bank_(France)>	<MakeStatement>	<Imad_Mugniyah>
<Militant_(Yemen)>	<MakeStatement>	<Police_(Australia)>
<Civic_Group_(Kenya)>	<Make_an_appeal_or_request>	<Joseph_Ole_Lenku>
<Dzhokhar_Tsarnaev>	<MakeStatement>	<Ogbeni_Rauf_Aregbesola>
<Sergey_Viktorovich_Lavrov>	<MakeStatement>	<RIA_Novosti>
<Barack_Obama>	<MakeStatement>	<Government_(Syria)>
<Giuseppe_Morabito>	<MakeStatement>	<Foreign_Affairs_(Russia)>
<Media_Personnel_(Pakistan)>	<MakeStatement>	<Abdul_Aziz>
<Joseph_Robinette_Biden>	<Make_a_visit>	<Romania>
<United_Arab_Emirates>	<MakeStatement>	<Raúl_Castro>
<Ravi_Shankar_Prasad>	<MakeStatement>	<Head_of_Government_(India)>
<Didier_Burkhalter>	<Express_intent_to_meet_or_negotiate>	<Armenia>
<Military_(Thailand)>	<Use_unconventional_violence>	<Citizen_(Thailand)>
<Zakir_Hasanov>	<Consult>	<Irakli_Alasania>
<United_Arab_Emirates>	<Express_intent_to_meet_or_negotiate>	<Iran>
<Citizen_(Indonesia)>	<MakeStatement>	<Imad_Mugniyah>
<Taufa'ahau_Tupou_IV>	<MakeStatement>	<Tonga>
<Member_of_Parliament_(Australia)>	<MakeStatement>	<Criminal_(Australia)>
<Police_(Belgium)>	<fight_with_small_arms_and_light_weapons>	<Citizen_(Belgium)>
<Police_(South_Korea)>	<Investigate>	<Citizen_(South_Korea)>
<Scientist_(France)>	<MakeStatement>	<Environmentalist_(France)>
<High_Ranking_Military_Personnel_(Jordan)>	<MakeStatement>	<Ministry_(Jordan)>
<Le_Hong_Anh>	<Engage_in_symbolic_act>	<Laos>
<Government_(Nigeria)>	<Praise_or_endorse>	<Chevron>
<Military_(Mozambique)>	<MakeStatement>	<Armed_Rebel_(Yemen)>
<Cheng_Yonghua>	<MakeStatement>	<China>
<Abdolreza_Rahmani-Fazli>	<MakeStatement>	<Ministry_(Iran)>
<Iran>	<MakeStatement>	<Mohammad_Javad_Zarif>
<Indigenous_People_(Azerbaijan)>	<MakeStatement>	<Milos_Zeman>
<Al-Shabaab>	<Use_conventional_military_force>	<Djibouti>
<Head_of_Government_(Egypt)>	<MakeStatement>	<Boko_Haram>
<Armed_Rebel_(Syria)>	<MakeStatement>	<United_Progressive_Alliance>
<Edwin_Kanguatjivi>	<MakeStatement>	<Police_(Namibia)>
<Yoon_Sang-jick>	<MakeStatement>	<South_Korea>
<United_Arab_Emirates>	<Accuse>	<Qatar>
<Iran>	<Arrest_detain_or_charge_with_legal_action>	<Hunter_(Spain)>
<Election_Commission_(Fiji)>	<MakeStatement>	<Political_Parties_(Fiji)>
<Mauritania>	<MakeStatement>	<Criminal_(Jamaica)>
<Other_Authorities_/_Officials_(Zimbabwe)>	<MakeStatement>	<Federal_Police>
<Miguel_Ángel_Osorio_Chong>	<MakeStatement>	<Government_(Mexico)>
<Foreign_Affairs_(United_States)>	<MakeStatement>	<South_Sudan>
<Indigenous_People_(Turkey)>	<Consult>	<Head_of_Government_(Gambia)>
<Djibouti>	<Arrest_detain_or_charge_with_legal_action>	<Citizen_(Djibouti)>
<Citizen_(India)>	<Reject>	<Tarun_Gogoi>
<Benjamin_Netanyahu>	<Consult>	<Tzipi_Livni>
<Ministry_(Tanzania)>	<MakeStatement>	<Barack_Obama>
<Association_of_Southeast_Asian_Nations>	<MakeStatement>	<Head_of_Government_(Ukraine)>
<Alfred_Romualdez>	<MakeStatement>	<Philippines>
<Noh_Kwang-il>	<MakeStatement>	<South_Korea>
<Giuseppe_Morabito>	<Consult>	<Rashid_Derbas>
<Court_Judge_(United_Kingdom)>	<Arrest_detain_or_charge_with_legal_action>	<Citizen_(United_Kingdom)>
<Activist_(Colombia)>	<MakeStatement>	<Lawyer/Attorney_(Colombia)>
<Afghanistan>	<Praise_or_endorse>	<Ashraf_Ghani_Ahmadzai>
<Head_of_Government_(Egypt)>	<Demand>	<Protester_(Egypt)>
<Industrial_/_Textiles_/_Mining_Ministry_(China)>	<MakeStatement>	<China>
<Sergey_Viktorovich_Lavrov>	<MakeStatement>	<Joseph_Robinette_Biden>
<Nur_Ahmad_Nikbakht>	<MakeStatement>	<Madeleine_Albright>
<Governor_(Angola)>	<MakeStatement>	<Government_(Angola)>
<Head_of_Government_(Bahamas)>	<MakeStatement>	<Government_(Bahamas)>
<Military_(France)>	<MakeStatement>	<Military_(Central_African_Republic)>
<Benjamin_Netanyahu>	<MakeStatement>	<Iran>
<Dharamvira_Gandhi>	<MakeStatement>	<Aam_Aadmi_Party>
<John_Kerry>	<MakeStatement>	<North_Korea>
<Company_-_Owner_or_Operator_(Armenia)>	<MakeStatement>	<Air_Force_(Iraq)>
<Other_Authorities_/_Officials_(Jordan)>	<Return_release_person(s)>	<Indigenous_People_(Israel)>
<Police_(Australia)>	<Use_conventional_military_force>	<Citizen_(Australia)>
<Armed_Gang_(Libya)>	<MakeStatement>	<Court_Judge_(Iraq)>
<Citizen_(Venezuela)>	<Accuse>	<Associated_Press>
<Pervez_Musharraf>	<Consult>	<Shaukat_Aziz>
<Media_Personnel_(Pakistan)>	<MakeStatement>	<Cleric_(Pakistan)>
<Thaksin_Shinawatra>	<MakeStatement>	<Tamerlan_Tsarnaev>
<France>	<Make_an_appeal_or_request>	<European_Central_Bank>
<Representatives_(Russia)>	<Consult>	<Igor_Ivanovich_Shuvalov>
<Niger>	<MakeStatement>	<Middle_East>
<Social_Renewal_Party>	<Praise_or_endorse>	<Kumba_Ialá>
<Shkelqim_Cani>	<MakeStatement>	<Police_(Namibia)>
<Jan_Mládek>	<MakeStatement>	<Maldives>
<Wang_Anshun>	<MakeStatement>	<China>
<Foreign_Affairs_(Singapore)>	<MakeStatement>	<Iran>
<Virgin_Atlantic_Airways>	<MakeStatement>	<Air_France>
<Police_(Uganda)>	<Provide_humanitarian_aid>	<Citizen_(Uganda)>
<Military_Personnel_(Thailand)>	<Demand_diplomatic_cooperation_(such_as_policy_support)>	<Government_Official_(Thailand)>
<Bratislav_Gasic>	<Consult>	<Foreign_Affairs_(Russia)>
<Nikos_Christodoulides>	<MakeStatement>	<Nicos_Anastasiades>
<Ministry_(La_Francophonie)>	<MakeStatement>	<Canada>
<Citizen_(Nigeria)>	<Criticize_or_denounce>	<Alex_Badeh>
<Indigenous_People_(Nigeria)>	<MakeStatement>	<Education_(Nigeria)>
<Aliyu_Mohammed_Gusau>	<MakeStatement>	<Government_(Nigeria)>
<Police_(Kenya)>	<MakeStatement>	<The_Standard>
<Protester_(Georgia)>	<Obstruct_passage_block>	<Government_(Georgia)>
<Bala_Abdulkadir_Mohammed>	<MakeStatement>	<Government_(Nigeria)>
<Bukola_Saraki>	<MakeStatement>	<Israeli_Defense_Forces>
<International_Monetary_Fund>	<Provide_humanitarian_aid>	<Portugal>
<Foreign_Affairs_(Russia)>	<Praise_or_endorse>	<Other_Authorities_/_Officials_(Libya)>
<Iran>	<Sign_formal_agreement>	<United_Arab_Emirates>
<Media_Personnel_(Saudi_Arabia)>	<MakeStatement>	<Media_(Saudi_Arabia)>
<Marou_Amadou>	<MakeStatement>	<Attacker_(Niger)>
<Ministry_(Guyana)>	<Demand>	<Citizen_(Guyana)>
<Xi_Jinping>	<MakeStatement>	<Military_(China)>
<Government_(Nigeria)>	<Make_an_appeal_or_request>	<UN_Security_Council>
<China>	<Express_intent_to_meet_or_negotiate>	<South_Africa>
<Citizen_(Greece)>	<Make_an_appeal_or_request>	<Member_of_the_Judiciary_(Greece)>
<Police_(Kenya)>	<MakeStatement>	<Mob_(Kenya)>
<Gilles_Jaron>	<MakeStatement>	<Military_(France)>
<Head_of_Government_(Turkmenistan)>	<Host_a_visit>	<Zhang_Dejiang>
<Ministry/Department_of_Technology_(Iraq)>	<MakeStatement>	<Militant_(Iraq)>
<Supreme_Council_(Iraq)>	<MakeStatement>	<Court_Judge_(Iraq)>
<Royal_Administration_(Iraq)>	<MakeStatement>	<Iraq>
<University_of_Johannesburg>	<MakeStatement>	<Sheikh_Ali_Salman>
<Andrew_Robb>	<Express_intent_to_meet_or_negotiate>	<Canada>
<Police_(South_Africa)>	<Provide_humanitarian_aid>	<Men_(South_Africa)>
<Military_Personnel_-_Special_(India)>	<Use_conventional_military_force>	<Garo_National_Liberation_Army>
<Malawi_Electoral_Commission>	<MakeStatement>	<Political_Parties_(Malawi)>
<Barack_Obama>	<MakeStatement>	<Xi_Jinping>
<Employee_(India)>	<Use_conventional_military_force>	<Dharamvira_Gandhi>
<Greenpeace>	<MakeStatement>	<Activist_(United_States)>
<Angela_Merkel>	<MakeStatement>	<Head_of_Government_(Bulgaria)>
<Joseph_Ole_Lenku>	<MakeStatement>	<High_Commission_for_Refugees>
<Police_(Egypt)>	<Confiscate_property>	<Women_(Egypt)>
<Joe_Oliver>	<MakeStatement>	<Barack_Obama>
<Director_General_(Cambodia)>	<MakeStatement>	<Cambodia>
<Legislature_(China)>	<MakeStatement>	<China>
<Domestic_Affairs_(Spain)>	<MakeStatement>	<Civil_Guard>
<Japan>	<MakeStatement>	<North_Korea>
<Mahamat_Saleh_Annadif>	<MakeStatement>	<African_Union>
<Police_(Poland)>	<MakeStatement>	<Thief_(Poland)>
<Dinka>	<MakeStatement>	<Riek_Machar>
<Afghanistan>	<MakeStatement>	<Abdullah_Abdullah>
<Student_Islamic_Movement_of_India>	<MakeStatement>	<Ministry_(Afghanistan)>
<John_Kerry>	<MakeStatement>	<Haider_Al-Abadi>
<Jatuporn_Prompan>	<MakeStatement>	<Education_(Angola)>
<Police_(Australia)>	<MakeStatement>	<Media_Personnel_(Australia)>
<Foreign_Affairs_(United_States)>	<MakeStatement>	<Political_Parties_(Kosovo)>
<China>	<MakeStatement>	<Japan>
<Business_(Netherlands)>	<MakeStatement>	<France>
<Head_of_Government_(India)>	<MakeStatement>	<Employee_(India)>
<Barack_Obama>	<MakeStatement>	<Military_(Russia)>
<Chaturon_Chaisang>	<MakeStatement>	<Ministry_(Thailand)>
<Media_Personnel_(Somalia)>	<MakeStatement>	<Media_(Africa)>
<Terrorist_Leader_(Boko_Haram)>	<MakeStatement>	<Combatant_(Turkey)>
<Arnaud_Montebourg>	<MakeStatement>	<Education_Ministry_(France)>
<Ministry_(Bosnia_and_Herzegovina)>	<MakeStatement>	<Employee_(Bosnia_and_Herzegovina)>
<Court_Judge_(Nigeria)>	<MakeStatement>	<Bala_Abdulkadir_Mohammed>
<Justice_Department/Ministery_(Senegal)>	<MakeStatement>	<Karim_Wade>
<Armed_Gang_(Thailand)>	<Use_unconventional_violence>	<Villager_(Thailand)>
<Sergey_Viktorovich_Lavrov>	<MakeStatement>	<Iran>
<Citizen_(Nigeria)>	<Engage_in_symbolic_act>	<Royal_Administration_(Nigeria)>
<Police_(Kenya)>	<Make_an_appeal_or_request>	<Government_(Kenya)>
<Somen_Mitra>	<MakeStatement>	<United_Progressive_Alliance>
<Bismillah_Khan_Mohammadi>	<MakeStatement>	<Afghanistan>
<Mohamed_Osman_Jawari>	<MakeStatement>	<Iran>
<Militant_(Iraq)>	<Abduct_hijack_or_take_hostage>	<Hezbollah>
<Police_(Australia)>	<Express_intent_to_cooperate_on_judicial_matters>	<Philippines>
<Ministry_(Angola)>	<MakeStatement>	<Government_(Angola)>
<Head_of_Government_(Mauritania)>	<MakeStatement>	<Government_(Mauritania)>
<Ibrahim_Boubacar_Keïta>	<MakeStatement>	<France>
<Citizen_(Nigeria)>	<MakeStatement>	<Employee_(Kuwait)>
<Al-Shabaab>	<MakeStatement>	<Police_(Dominican_Republic)>
<Iran>	<Praise_or_endorse>	<Company_-_Owner_or_Operator_(Iran)>
<Trade_Official_(Iran)>	<MakeStatement>	<Iran>
<Yoani_Sánchez>	<MakeStatement>	<Government_(United_States)>
<Ministry_(Guyana)>	<MakeStatement>	<Education_Ministry_(France)>
<Manuel_Monteiro_de_Castro>	<MakeStatement>	<Police_(Dominican_Republic)>
<Yemi_Osinbajo>	<MakeStatement>	<Muhammadu_Buhari>
<Member_of_Parliament_(India)>	<MakeStatement>	<Thief_(India)>
<Xi_Jinping>	<Make_an_appeal_or_request>	<China>
<Foreign_Affairs_(Russia)>	<MakeStatement>	<Terrorist_Leader_(Syria)>
<Student_Islamic_Movement_of_India>	<Physically_assault>	<Citizen_(India)>
<Maxon_Mbendera>	<MakeStatement>	<Malawi_Electoral_Commission>
<John_Walker>	<MakeStatement>	<Thief_(United_States)>
<Tarun_Gogoi>	<MakeStatement>	<Criminal_(Australia)>
<Representatives_(Nigeria)>	<MakeStatement>	<Criminal_(Jamaica)>
<Head_of_Government_(Nigeria)>	<MakeStatement>	<Court_Judge_(Nigeria)>
<Godfrey_Chidyausiku>	<Consult>	<Gideon_Gono>
<Jose_Mario_Vaz>	<Appeal_for_diplomatic_cooperation_(such_as_policy_support)>	<Guinea>
<Representatives_(Nigeria)>	<Consult>	<Head_of_Government_(Nigeria)>
<Massoud_Barzani>	<Make_a_visit>	<France>
<Uganda_People's_Defence_Force>	<Arrest_detain_or_charge_with_legal_action>	<Al-Shabaab>
<Environment_Department/Ministry_(Malaysia)>	<MakeStatement>	<Malaysia>
<Fang_Fenghui>	<MakeStatement>	<Police_(Ukraine)>
<Ministry_(Iran)>	<MakeStatement>	<Morocco>
<Vietnam>	<Express_intent_to_engage_in_diplomatic_cooperation_(such_as_policy_support)>	<China>
<Citizen_(Yemen)>	<Make_an_appeal_or_request>	<Employee_(Yemen)>
<Toomas_Hendrik_Ilves>	<MakeStatement>	<Armed_Gang_(Lebanon)>
<Other_Authorities_/_Officials_(El_Salvador)>	<MakeStatement>	<Tanzania>
<Abhisit_Vejjajiva>	<MakeStatement>	<Owen_Ellington>
<Defense_/_Security_Ministry_(United_States)>	<MakeStatement>	<Malaysia>
<Vietnam>	<Host_a_visit>	<Businessperson_(Taiwan)>
<Armed_Rebel_(Mali)>	<Use_unconventional_violence>	<Military_(Mali)>
<Simos_Kedikoglou>	<Accuse>	<Coalition_of_the_Radical_Left>
<Media_Personnel_(Pakistan)>	<MakeStatement>	<Imran_Khan>
<Pol_Gen_Somyot_Poompanmoung>	<MakeStatement>	<Police_(Hong_Kong)>
<Catherine_Ashton>	<Make_a_visit>	<South_Korea>
<Joseph_Robinette_Biden>	<Make_a_visit>	<Fang_Fenghui>
<Israeli_Defense_Forces>	<MakeStatement>	<Hamas>
<François_Hollande>	<Make_a_visit>	<France>
<Foreign_Affairs_(Russia)>	<MakeStatement>	<Sergey_Viktorovich_Lavrov>
<Cameroon>	<MakeStatement>	<Aam_Aadmi_Party>
<Lawmaker_(Spain)>	<MakeStatement>	<Governor_(Spain)>
<Davies_Ibiamu_Ikanya>	<MakeStatement>	<Chibuike_Rotimi_Amaechi>
<South_Korea>	<Threaten>	<North_Korea>
<France>	<MakeStatement>	<Benjamin_Netanyahu>
<Guinea>	<Host_a_visit>	<Foreign_Affairs_(United_States)>
<Dmitry_Anatolyevich_Medvedev>	<Demand>	<Gazprom>
<Governor_(Somalia)>	<MakeStatement>	<Combatant_(Al-Shabaab)>
<Hashim_Thaçi>	<Make_an_appeal_or_request>	<Political_Parties_(Kosovo)>
<Citizen_(Nigeria)>	<Make_an_appeal_or_request>	<Boko_Haram>
<Jane_Marriott>	<MakeStatement>	<Ministry_(Nigeria)>
<Ayman_al-Zawahri>	<Accuse>	<Abu_Bakr_al-Baghdadi>
<Adebisi_Akande>	<Praise_or_endorse>	<China>
<Public_Prosecutor_(New_Zealand)>	<MakeStatement>	<Business_(New_Zealand)>
<Tsvetlin_Yovchev>	<MakeStatement>	<Police_(Bulgaria)>
<Yi_Xianliang>	<MakeStatement>	<China>
<Thaksin_Shinawatra>	<Make_a_visit>	<Japan>
<Jean-Yves_Le_Drian>	<Express_intent_to_meet_or_negotiate>	<France>
<Barack_Obama>	<MakeStatement>	<Military_(China)>
<Shalva_Natelashvili>	<Reduce_relations>	<Georgian_Labour_Party>
<Member_of_Parliament_(Kazakhstan)>	<Make_an_appeal_or_request>	<Kazakhstan>
<Chiang_Wei-ling>	<MakeStatement>	<Education_Ministry_(Taiwan)>
<International_Monetary_Fund>	<MakeStatement>	<Mexico>
<Police_(El_Salvador)>	<MakeStatement>	<Antonio_Guerrero_Rodríguez>
<Civic_Group_(Afghanistan)>	<MakeStatement>	<Election_Commission_(Afghanistan)>
<Thaksin_Shinawatra>	<Make_an_appeal_or_request>	<National_Council_for_Peace_and_Order_of_Thailand>
<Sudan>	<Arrest_detain_or_charge_with_legal_action>	<Citizen_(Sudan)>
<John_Kerry>	<Demand>	<Government_(Palestinian_Territory_Occupied)>
<Government_(Mexico)>	<MakeStatement>	<Mexico>
<William_Ruto>	<Express_intent_to_meet_or_negotiate>	<The_Hague>
<Legislature_(Mongolia)>	<MakeStatement>	<Chimed_Saikhanbileg>
<Military_(Thailand)>	<Impose_state_of_emergency_or_martial_law>	<Thailand>
<People's_Democratic_Party_(United_States)>	<Bring_lawsuit_against>	<Oluṣẹgun_Ọbasanjọ>
<Cleric_(Nigeria)>	<MakeStatement>	<Boko_Haram>
<Iraq>	<MakeStatement>	<Business_(Iraq)>
<Military_(Thailand)>	<Investigate>	<Thailand>
<Barnaba_Marial_Benjamin>	<Make_a_visit>	<Ethiopia>
<Royal_Bank_of_Scotland>	<MakeStatement>	<Barclays_PLC>
<City_Mayor_(Somalia)>	<MakeStatement>	<Cabinet_/_Council_of_Ministers_/_Advisors_(Somalia)>
<Algirdas_Butkevičius>	<Make_optimistic_comment>	<Citizen_(Lithuania)>
<Angola>	<MakeStatement>	<Congo>
<Police_(Kenya)>	<Consult>	<Head_of_Government_(Kenya)>
<Dharamvira_Gandhi>	<Host_a_visit>	<Preneet_Kaur>
<Governor_(Kenya)>	<MakeStatement>	<Government_(Kenya)>
<Sharad_Pawar>	<MakeStatement>	<Employee_(India)>
<John_Boehner>	<MakeStatement>	<Iraq>
<Company_-_Owner_or_Operator_(India)>	<Complain_officially>	<Employee_(India)>
<Head_of_Government_(Nigeria)>	<MakeStatement>	<Government_(Nigeria)>
<Tajikistan>	<Engage_in_diplomatic_cooperation>	<China>
<Audu_Innocent_Ogbeh>	<Accuse>	<Citizen_(Nigeria)>
<Isaias_Afewerki>	<MakeStatement>	<Media_(Romania)>
<Paolo_Gentiloni>	<MakeStatement>	<Iran>
<South_Korea>	<MakeStatement>	<North_Korea>
<Evangelos_Venizelos>	<MakeStatement>	<Iran>
<Cape_Verde>	<MakeStatement>	<Lawyer/Attorney_(Uganda)>
<William_Ruto>	<MakeStatement>	<Military_Personnel_-_Special_(Kenya)>
<The_Hague>	<Make_an_appeal_or_request>	<UN_Security_Council>
<Ahmad_Zahid_Hamidi>	<MakeStatement>	<Police_(Malaysia)>
<Other_Authorities_/_Officials_(Venezuela)>	<MakeStatement>	<Social_Democratic_Union>
<Guinea>	<Criticize_or_denounce>	<Citizen_(Guinea)>
<Yasuo_Fukuda>	<MakeStatement>	<Japan>
<Uighur_(China)>	<MakeStatement>	<China>
<Joselito_Atienza>	<MakeStatement>	<Police_(Philippines)>
<Employee_(India)>	<Use_conventional_military_force>	<Aam_Aadmi_Party>
<Other_Authorities_/_Officials_(Mexico)>	<MakeStatement>	<Criminal_(Mexico)>
<United_Arab_Emirates>	<Host_a_visit>	<Pope_Tawadros_II>
<Civic_Group_(Morocco)>	<MakeStatement>	<Morocco>
<France>	<Sign_formal_agreement>	<China>
<Canada>	<Make_an_appeal_or_request>	<Military_Personnel_(Canada)>
<Sergey_Viktorovich_Lavrov>	<MakeStatement>	<UN_Security_Council>
<David_Hanson>	<MakeStatement>	<France>
<Insurgency_(Boko_Haram)>	<Return_release_person(s)>	<Citizen_(Nigeria)>
<Incheon_District_Court>	<MakeStatement>	<Government_(Sweden)>
<Thief_(India)>	<MakeStatement>	<Cristina_Fernández_de_Kirchner>
<Ministry_of_Women_(India)>	<MakeStatement>	<Bhupinder_Singh_Hooda>
<Abdullah_Abdullah>	<MakeStatement>	<Party_Member_(Afghanistan)>
<Tony_Tan_Keng_Yam>	<MakeStatement>	<Other_Authorities_/_Officials_(Switzerland)>
<Member_of_Parliament_(Australia)>	<Engage_in_negotiation>	<Julia_Gillard>
<Jonathan_Greenert>	<MakeStatement>	<William_Ruto>
<Pervez_Musharraf>	<MakeStatement>	<Federal_Police>
<M.K._Narayanan>	<Appeal_for_intelligence>	<Election_Commission_(India)>
<Employee_(India)>	<MakeStatement>	<Thief_(India)>
<Japan>	<Make_a_visit>	<Franklin_Drilon>
<Thailand>	<Use_conventional_military_force>	<Citizen_(Thailand)>
<Sergey_Viktorovich_Lavrov>	<MakeStatement>	<Victoria_Nuland>
<New_Azerbaijan_Party>	<Demand>	<Education_(Azerbaijan)>
<Civil_Aviation_Authority>	<MakeStatement>	<Vietnam>
<France>	<MakeStatement>	<Military_Personnel_(Mali)>
<Xi_Jinping>	<MakeStatement>	<Vietnam>
<Indigenous_People_(Azerbaijan)>	<Use_unconventional_violence>	<Citizen_(India)>
<East_African_Community>	<MakeStatement>	<Student_(Tanzania)>
<Other_Authorities_/_Officials_(Brazil)>	<Express_intent_to_engage_in_diplomatic_cooperation_(such_as_policy_support)>	<Portugal>
<Sergey_Viktorovich_Lavrov>	<Express_intent_to_meet_or_negotiate>	<Karl_Erjavec>
<Benjamin_Netanyahu>	<MakeStatement>	<Haaretz>
<Protester_(Georgia)>	<Demonstrate_for_leadership_change>	<Government_(Georgia)>
<Abdullah_Gül>	<Reduce_or_break_diplomatic_relations>	<China>
<China>	<Host_a_visit>	<Head_of_Government_(Turkmenistan)>
<Police_(New_Zealand)>	<Discuss_by_telephone>	<Maurice_Williamson>
<Member_of_the_Judiciary_(Brazil)>	<MakeStatement>	<Joaquim_Barbosa>
<Government_(Mexico)>	<MakeStatement>	<Military_(Mexico)>
<Ukrinform>	<MakeStatement>	<Member_of_Parliament_(Ukraine)>
<Government_(Mexico)>	<MakeStatement>	<Criminal_(Mexico)>
<Colombia>	<MakeStatement>	<Combatant_(Islamic_State_of_Iraq_and_the_Levant)>
<Meng_Jianzhu>	<MakeStatement>	<China>
<Adebisi_Akande>	<MakeStatement>	<State_Security_Service>
<Ignazio_Marino>	<MakeStatement>	<City_Mayor_(Italy)>
<United_States_Senate>	<Consult>	<Martin_Stropnický>
<Foreign_Affairs_(Russia)>	<MakeStatement>	<North_Korea>
<Marwan_Charbel>	<MakeStatement>	<Armed_Gang_(Lebanon)>
<Thief_(India)>	<Make_an_appeal_or_request>	<Citizen_(India)>
<China>	<Express_intent_to_engage_in_diplomatic_cooperation_(such_as_policy_support)>	<Ethiopia>
<Secretariat_(Vietnam)>	<Demand>	<Ministry_(Vietnam)>
<Algirdas_Butkevičius>	<MakeStatement>	<Vytenis_Povilas_Andriukaitis>
<Vietnam>	<Threaten>	<China>
<Philippines>	<Demand>	<Citizen_(Brunei)>
<Other_Authorities_/_Officials_(El_Salvador)>	<Arrest_detain_or_charge_with_legal_action>	<Criminal_(El_Salvador)>
<Military_Personnel_(Algeria)>	<MakeStatement>	<Al_Jazeera>
<John_Kerry>	<Appeal_for_diplomatic_cooperation_(such_as_policy_support)>	<Ethiopia>
<Foreign_Affairs_(United_States)>	<Make_an_appeal_or_request>	<Sudan>
<Didier_Burkhalter>	<Consult>	<Angela_Merkel>
<Yuriy_Lutsenko>	<MakeStatement>	<Head_of_Government_(Ukraine)>
<High_Commission_(United_Kingdom)>	<MakeStatement>	<Afghanistan>
<Iran>	<Engage_in_diplomatic_cooperation>	<Kuwait>
<China>	<Express_intent_to_engage_in_diplomatic_cooperation_(such_as_policy_support)>	<Portugal>
<Qadri_Jamil>	<Engage_in_negotiation>	<Sergey_Viktorovich_Lavrov>
<Civic_Group_(Kenya)>	<MakeStatement>	<Criminal_(Argentina)>
<Military_(Thailand)>	<Return_release_person(s)>	<Citizen_(Thailand)>
<Archbishop_(Brazil)>	<Criticize_or_denounce>	<Political_Parties_(Brazil)>
<Energy_Department/Ministry_(Zimbabwe)>	<MakeStatement>	<Ministry_(Zimbabwe)>
<France>	<Engage_in_diplomatic_cooperation>	<Other_Authorities_/_Officials_(Mali)>
<Secretariat_(Vietnam)>	<MakeStatement>	<National_Police>
<People_Associated_with_the_Opposition_(Mauritania)>	<MakeStatement>	<Government_(Mauritania)>
<Election_Commission_(Afghanistan)>	<Consult>	<Party_Member_(Afghanistan)>
<Media_Personnel_(Saudi_Arabia)>	<MakeStatement>	<Agence_France-Presse>
<Eduardo_Buzzi>	<MakeStatement>	<Government_(Argentina)>
<Citizen_(Sudan)>	<Demand>	<Citizen_(Nigeria)>
<Mohammad_Javad_Zarif>	<MakeStatement>	<China>
<Election_Commission_(Afghanistan)>	<MakeStatement>	<Ashraf_Ghani_Ahmadzai>
<Shalva_Natelashvili>	<MakeStatement>	<Israeli_Defense_Forces>
<Pope_Francis>	<Express_intent_to_meet_or_negotiate>	<Middle_East>
<François_Hollande>	<Host_a_visit>	<Angela_Merkel>
<Member_of_Legislative_(Govt)_(Kenya)>	<MakeStatement>	<Government_(Kenya)>
<Antonis_Samaras>	<MakeStatement>	<Coalition_of_the_Radical_Left>
<Iran>	<MakeStatement>	<Morocco>
<North_Korea>	<MakeStatement>	<Tourist_(United_States)>
<Government_(Kenya)>	<MakeStatement>	<Rights_Activist_(Kenya)>
<Hannes_Swoboda>	<MakeStatement>	<European_Parliament>
<Barack_Obama>	<Consult>	<Angela_Merkel>
<South_Korea>	<Host_a_visit>	<Barack_Obama>
<Iran>	<Engage_in_negotiation>	<UN_Security_Council>
<Frank_Mba>	<MakeStatement>	<Military_Personnel_-_Special_(Nigeria)>
<Xi_Jinping>	<MakeStatement>	<Michael_Sata>
<Lawyer/Attorney_(Indonesia)>	<MakeStatement>	<Police_(Indonesia)>
<Other_Authorities_/_Officials_(Turkey)>	<MakeStatement>	<Hezbollah>
<Ministry_(Nigeria)>	<MakeStatement>	<Yemi_Osinbajo>
<Other_Authorities_/_Officials_(Jamaica)>	<MakeStatement>	<Police_(Jamaica)>
<Armed_Gang_(Libya)>	<Use_unconventional_violence>	<Police_(Libya)>
<Public_Prosecutor_(Peru)>	<MakeStatement>	<Abu_Sayyaf>
<Akhilesh_Yadav>	<Express_intent_to_meet_or_negotiate>	<Head_of_Government_(India)>
<Attacker_(Xinjiang Uyghur)>	<Use_unconventional_violence>	<Citizen_(Xinjiang Uyghur)>
<Media_Personnel_(Uganda)>	<MakeStatement>	<Lawyer/Attorney_(Uganda)>
<Tajikistan>	<MakeStatement>	<Turkish_Airlines>
<Medical_Personnel_(Cyprus)>	<MakeStatement>	<Defense_/_Security_Ministry_(Cyprus)>
<France>	<Express_intent_to_engage_in_diplomatic_cooperation_(such_as_policy_support)>	<Japan>
<Armenia>	<Consult>	<Iran>
<Japan>	<Express_intent_to_engage_in_diplomatic_cooperation_(such_as_policy_support)>	<Malaysia>
<Iran>	<Meet_at_a_'third'_location>	<Catherine_Ashton>
<Ministry_(Kuwait)>	<MakeStatement>	<Employee_(Kuwait)>
<China>	<Reduce_relations>	<Japan>
<China>	<Make_optimistic_comment>	<Iran>
<Foreign_Affairs_(Russia)>	<MakeStatement>	<Head_of_Government_(Ukraine)>
<Representatives_(Russia)>	<MakeStatement>	<Military_Personnel_(Lebanon)>
<Agriculture_/_Fishing_/_Forestry_Ministry_(China)>	<MakeStatement>	<China>
<Sierra_Leone>	<Make_pessimistic_comment>	<Al-Shabaab>
<Steven_Chu>	<MakeStatement>	<New_Zealand>
<Cristina_Fernández_de_Kirchner>	<MakeStatement>	<Nestor_Kirchner>
<Kim_Jong-Un>	<Make_an_appeal_or_request>	<Citizen_(North_Korea)>
<Philippines>	<Bring_lawsuit_against>	<China>
<Military_Personnel_-_Special_(Nigeria)>	<Use_conventional_military_force>	<Terrorist_Leader_(Boko_Haram)>
<Shiv_Sena>	<Praise_or_endorse>	<Villager_(India)>
<Sergey_Viktorovich_Lavrov>	<MakeStatement>	<Pavel_Gubarev>
<Tony_Blair>	<Make_a_visit>	<Myanmar>
<Professor_(Senegal)>	<MakeStatement>	<Abdoulaye_Wade>
<Citizen_(India)>	<Demonstrate_or_rally>	<Party_President_(Bharatiya_Janata)>
<Iran>	<MakeStatement>	<Iraq>
<Citizen_(Nigeria)>	<Make_pessimistic_comment>	<Government_(Nigeria)>
<Uhuru_Muigai_Kenyatta>	<Praise_or_endorse>	<China>
<Citizen_(Australia)>	<Threaten>	<Labor_and_Employment_Ministry_(Australia)>
<Assemblies_(Kuwait)>	<MakeStatement>	<Government_(Venezuela)>
<Yunus_Qanuni>	<MakeStatement>	<Government_(Venezuela)>
<Benjamin_Netanyahu>	<MakeStatement>	<Hamas>
<Military_(South_Sudan)>	<Praise_or_endorse>	<Riek_Machar>
<China>	<Host_a_visit>	<Ministry_(Iran)>
<Sekai_Holland>	<Reject>	<Morgan_Tsvangirai>
<National_Front_Malaysia>	<Consult>	<Datuk_Seri_Tengku_Adnan_Tengku_Mansor>
<South_Korea>	<Make_empathetic_comment>	<North_Korea>
<Governor_(Angola)>	<MakeStatement>	<Education_(Angola)>
<Admiral_(Latvia)>	<MakeStatement>	<North_Atlantic_Treaty_Organization>
<Alfred_Romualdez>	<MakeStatement>	<Franklin_Drilon>
<Scientist_(France)>	<MakeStatement>	<Mwai_Kibaki>
<Militant_(Mali)>	<MakeStatement>	<Student_(South_Korea)>
<Foreign_Affairs_(Malaysia)>	<MakeStatement>	<Iran>
<Shiv_Sena>	<MakeStatement>	<Raj_Thackeray>
<Civic_Party_(Hungary)>	<MakeStatement>	<Media_(Romania)>
<Election_Commission_(India)>	<MakeStatement>	<Ministry_(Czech_Republic)>
<Tsakhiagiyn_Elbegdorj>	<Consult>	<Xi_Jinping>
<Lawyer/Attorney_(Colombia)>	<MakeStatement>	<Criminal_(Australia)>
<UN_Security_Council>	<Appeal_for_change_in_institutions_regime>	<Iraq>
<Military_(Mozambique)>	<Use_conventional_military_force>	<Armed_Gang_(RENAMO)>
<Kabul_University>	<Accuse>	<Military_(United_Kingdom)>
<Election_Commission_(Afghanistan)>	<MakeStatement>	<Afghanistan>
<Boko_Haram>	<Accuse>	<Citizen_(Nigeria)>
<Police_(Uganda)>	<Arrest_detain_or_charge_with_legal_action>	<Children_(Uganda)>
<Vojtěch_Filip>	<MakeStatement>	<Communist_Party_of_Bohemia_and_Moravia>
<Government_Official_(Mali)>	<MakeStatement>	<Armed_Rebel_(Mali)>
<Emrullah_Isler>	<MakeStatement>	<Turkish_Airlines>
<Ministry_(Jamaica)>	<MakeStatement>	<Owen_Ellington>
<Professor_(France)>	<MakeStatement>	<Military_(France)>
<Boko_Haram>	<Make_pessimistic_comment>	<Citizen_(Nigeria)>
<Police_(Benin)>	<MakeStatement>	<Protester_(Thailand)>
<Mohammad_Javad_Zarif>	<MakeStatement>	<France>
<Franklin_Drilon>	<Host_a_visit>	<Japan>
<Dawa_Khan_Minapal>	<MakeStatement>	<Armed_Band_(Afghanistan)>
<Foreign_Affairs_(Malaysia)>	<MakeStatement>	<Malaysia>
<Military_(Mexico)>	<MakeStatement>	<Insurgent_(Thailand)>
<Olajide_Laleye>	<MakeStatement>	<Boko_Haram>
<Party_Member_(Iraq)>	<MakeStatement>	<Employee_(Iraq)>
<Police_(Jamaica)>	<Arrest_detain_or_charge_with_legal_action>	<Children_(Jamaica)>
<Micky_Rosenfeld>	<MakeStatement>	<Criminal_(Israel)>
<Mohammad_Javad_Zarif>	<MakeStatement>	<Catherine_Ashton>
<Environment_Department/Ministry_(Bangladesh)>	<MakeStatement>	<Oil_Tanker_(Bangladesh)>
<Ali_Jannati>	<MakeStatement>	<Iran>
<Stephen_Hadley>	<MakeStatement>	<Militant_(Yemen)>
<Other_Authorities_/_Officials_(Venezuela)>	<Return_release_person(s)>	<Citizen_(Venezuela)>
<Simon_Gass>	<MakeStatement>	<Party_Member_(Malawi)>
<Sheikh_Ali_Salman>	<Host_a_visit>	<Ministry_(Kuwait)>
<Israeli_Defense_Forces>	<Arrest_detain_or_charge_with_legal_action>	<Children_(Israel)>
<Simon_Gass>	<Consult>	<Iran>
<François_Hollande>	<MakeStatement>	<European_Central_Bank>
<Citizen_(Sudan)>	<MakeStatement>	<Head_of_Government_(Germany)>
<Xi_Jinping>	<Demand_diplomatic_cooperation_(such_as_policy_support)>	<China>
<Other_Authorities_/_Officials_(United_States)>	<Arrest_detain_or_charge_with_legal_action>	<Charles_Taylor>
<Defense_/_Security_Ministry_(Armenia)>	<MakeStatement>	<Defense_/_Security_Ministry_(Azerbaijan)>
<Republican_People's_Party>	<MakeStatement>	<Antonio_Guerrero_Rodríguez>
<Militant_(Mali)>	<fight_with_small_arms_and_light_weapons>	<Military_(Mali)>
<Head_of_Government_(India)>	<Reject>	<Tarun_Gogoi>
<Militant_(Iraq)>	<Carry_out_suicide_bombing>	<Iraq>
<Sheikh_Hasina_Wajed>	<MakeStatement>	<Japan>
<Dmitry_Anatolyevich_Medvedev>	<MakeStatement>	<Business_(Russia)>
<Governor_(Russia)>	<MakeStatement>	<Company_-_Owner_or_Operator_(India)>
<Zimbabwe_Union_of_Journalists>	<MakeStatement>	<Other_Authorities_/_Officials_(Zimbabwe)>
<Afghanistan>	<MakeStatement>	<Armed_Gang_(Afghanistan)>
<Military_Personnel_(Algeria)>	<MakeStatement>	<Gendermarie_(Algeria)>
<Iraq>	<MakeStatement>	<Iran>
<National_Security_Advisor_(Thailand)>	<MakeStatement>	<Malaysia>
<Bill_English>	<MakeStatement>	<Government_(New_Zealand)>
<Philippines>	<Criticize_or_denounce>	<Vietnam>
<Angola>	<Consult>	<Cape_Verde>
<The_Hague>	<Host_a_visit>	<William_Ruto>
<Protester_(Thailand)>	<MakeStatement>	<Thaksin_Shinawatra>
<China>	<MakeStatement>	<Media_(Nigeria)>
<Citizen_(Venezuela)>	<Accuse_of_espionage_treason>	<Other_Authorities_/_Officials_(Venezuela)>
<Treasury/Finance_Ministry_(Czech_Republic)>	<MakeStatement>	<Ministry_(Czech_Republic)>
<Anifah_Aman>	<MakeStatement>	<Government_(New_Zealand)>
<Panhellenic_Socialist_Movement>	<Criticize_or_denounce>	<Alexis_Tsipras>
<Middle_East>	<MakeStatement>	<United_Arab_Emirates>
<Foreign_Affairs_(Rwanda)>	<MakeStatement>	<South_Africa>
<Barack_Obama>	<Impose_embargo_boycott_or_sanctions>	<Myanmar>
<Police_(Japan)>	<MakeStatement>	<Medical_Personnel_(Japan)>
<Barack_Obama>	<MakeStatement>	<China>
<Labor_and_Employment_Ministry_(Nigeria)>	<MakeStatement>	<Government_(Nigeria)>
<Benjamin_Netanyahu>	<Discuss_by_telephone>	<Reuven_Rivlin>
<National_Coalition_for_Syrian_Revolutionary_and_Opposition_Forces>	<Praise_or_endorse>	<Barack_Obama>
<Foreign_Affairs_(Belarus)>	<Consult>	<Company_-_Owner_or_Operator_(Armenia)>
<Opposition_Force_(Saudi_Arabia)>	<MakeStatement>	<Burundi>
<Citizen_(Nigeria)>	<Criticize_or_denounce>	<Boko_Haram>
<Armed_Rebel_(Syria)>	<Retreat_or_surrender_militarily>	<Government_(Syria)>
<Men_(South_Africa)>	<MakeStatement>	<Businessperson_(Turkey)>
<Head_of_Government_(China)>	<MakeStatement>	<China>
<Minister_Patnaik>	<MakeStatement>	<Al_Jazeera>
<Airline_(Libya)>	<MakeStatement>	<Other_Authorities_/_Officials_(Libya)>
<Riek_Machar>	<Discuss_by_telephone>	<Foreign_Affairs_(United_States)>
<United_States_Senate>	<MakeStatement>	<Head_of_Government_(Latvia)>
<Treasury/Finance_Ministry_(Bangladesh)>	<MakeStatement>	<Employee_(Bangladesh)>
<Main_Opposition_(Bahrain)>	<MakeStatement>	<Sheikh_Ali_Salman>
<Citizen_(South_Korea)>	<Criticize_or_denounce>	<Japan>
<Dmitry_Anatolyevich_Medvedev>	<MakeStatement>	<Government_Official_(Russia)>
<Energy_Corp_(Russia)>	<MakeStatement>	<Iran>
<Bala_Abdulkadir_Mohammed>	<MakeStatement>	<Ministry_(Nigeria)>
<Zakir_Hasanov>	<MakeStatement>	<Armed_Forces_of_the_Republic_of_Armenia>
<Police_(Indonesia)>	<Arrest_detain_or_charge_with_legal_action>	<Women_(Indonesia)>
<Military_(France)>	<Use_conventional_military_force>	<Citizen_(Mali)>
<Joseph_Ole_Lenku>	<MakeStatement>	<Police_(Kenya)>
<Governor_(Angola)>	<Praise_or_endorse>	<Ministry_(Angola)>
<Heydar_Aliyev>	<Praise_or_endorse>	<Efkan_Ala>
<Japan>	<MakeStatement>	<Thailand>
<Stephen_Hadley>	<Consult>	<Foreign_Affairs_(Georgia)>
<Villager_(Hong_Kong)>	<MakeStatement>	<Protester_(Hong_Kong)>
<Ministry_(Sudan)>	<MakeStatement>	<Police_(Sudan)>
<Mutembo_Nchito>	<MakeStatement>	<Michael_Sata>
<Samuel_Sitta>	<MakeStatement>	<East_African_Community>
<Iran>	<Sign_formal_agreement>	<Iraq>
<Military_Personnel_(Somalia)>	<MakeStatement>	<Militant_(Somalia)>
<Foreign_Affairs_(United_States)>	<MakeStatement>	<Afghanistan>
<Military_(Mexico)>	<Use_conventional_military_force>	<Drug_Gang_(Mexico)>
<Head_of_Government_(Nigeria)>	<Make_an_appeal_or_request>	<Citizen_(Nigeria)>
<National_Union_Party_(Kenya)>	<MakeStatement>	<Employee_(Kenya)>
<Morocco>	<MakeStatement>	<Tamerlan_Tsarnaev>
<Terrorist_Leader_(Boko_Haram)>	<Abduct_hijack_or_take_hostage>	<Citizen_(Nigeria)>
<Employee_(Vietnam)>	<Demonstrate_or_rally>	<China>
<Attacker_(Colombia)>	<MakeStatement>	<Naval_(China)>
<Assemblies_(Kuwait)>	<Reject>	<Member_of_Parliament_(Kuwait)>
<Head_of_Government_(New_Zealand)>	<MakeStatement>	<Philippines>
<House_of_Representatives_(Malaysia)>	<MakeStatement>	<Malaysia>
<Court_Judge_(Nigeria)>	<Make_an_appeal_or_request>	<Member_of_the_Judiciary_(Nigeria)>
<Media_(India)>	<MakeStatement>	<Fidesz>
<Military_Personnel_(Philippines)>	<MakeStatement>	<Armed_Band_(Philippines)>
