<Ministry_(Jordan)>	<MakeStatement>	<Armed_Gang_(Lebanon)>
<Senate_(Dominican_Republic)>	<MakeStatement>	<Police_(Dominican_Republic)>
<China>	<Express_intent_to_cooperate>	<Japan>
<Student_(Hong_Kong)>	<MakeStatement>	<Police_(Hong_Kong)>
<Member_of_Parliament_(India)>	<MakeStatement>	<Head_of_Government_(India)>
<Employee_(Sudan)>	<MakeStatement>	<Sudan>
<Maxon_Mbendera>	<MakeStatement>	<Party_Member_(Malawi)>
<John_Odigie-Oyegun>	<MakeStatement>	<Presidential_Candidate_(Nigeria)>
<Military_(Argentina)>	<Sign_formal_agreement>	<City_Mayor_(Argentina)>
<Armed_Opposition_(Nigeria)>	<MakeStatement>	<Armed_Band_(Lebanon)>
<Ijaw_Youth_Council>	<Threaten>	<Indigenous_People_(Nigeria)>
<William_Kabogo>	<MakeStatement>	<Government_(Kenya)>
<Children_(Palestinian_Territory_Occupied)>	<MakeStatement>	<Morteza_Sarmadi>
<Pope_Francis>	<Make_an_appeal_or_request>	<Lawmaker_(Holy_See_(Vatican_City_State))>
<Commando_(Democratic_Republic_of_Congo)>	<Use_conventional_military_force>	<Mamadou_Ndala>
<Media_Personnel_(Bulgaria)>	<Criticize_or_denounce>	<Citizen_(Bulgaria)>
<Military_(Lebanon)>	<MakeStatement>	<Armed_Gang_(Benin)>
<Government_(Nigeria)>	<MakeStatement>	<Medical_Personnel_(Nigeria)>
<Sam_Nda-Isaiah>	<Appeal_for_diplomatic_cooperation_(such_as_policy_support)>	<Citizen_(Nigeria)>
<Geng_Yansheng>	<MakeStatement>	<Defense_/_Security_Ministry_(China)>
<Peter_Szijjarto>	<MakeStatement>	<Legislature_(Libya)>
<Lawyer/Attorney_(United_Kingdom)>	<Accuse>	<Citizen_(United_Kingdom)>
<China>	<Express_intent_to_meet_or_negotiate>	<South_Korea>
<Sergey_Viktorovich_Lavrov>	<MakeStatement>	<ITAR_TASS>
<Military_Personnel_-_Special_(Afghanistan)>	<MakeStatement>	<Media_(Romania)>
<Media_(Azerbaijan)>	<MakeStatement>	<Industrial_/_Textiles_/_Mining_Ministry_(Azerbaijan)>
<Uhuru_Muigai_Kenyatta>	<MakeStatement>	<William_Ruto>
<Myanmar>	<MakeStatement>	<Police_(United_States)>
<Morgan_Tsvangirai>	<Criticize_or_denounce>	<Government_(South_Africa)>
<Abdullah_Gül>	<MakeStatement>	<Businessperson_(Turkey)>
<Mohammad_Javad_Zarif>	<MakeStatement>	<Iran>
<Protester_(Hong_Kong)>	<Protest_violently_riot>	<Other_Authorities_/_Officials_(Hong_Kong)>
<Raj_Thackeray>	<Demand_diplomatic_cooperation_(such_as_policy_support)>	<Citizen_(India)>
<Citizen_(South_Korea)>	<MakeStatement>	<Arnaud_Montebourg>
<Media_(Lebanon)>	<MakeStatement>	<Military_(Lebanon)>
<James_Ongwae>	<MakeStatement>	<Kisii>
<Lawyer/Attorney_(Indonesia)>	<MakeStatement>	<City_Mayor_(Indonesia)>
<Barack_Obama>	<MakeStatement>	<North_Atlantic_Treaty_Organization>
<Victor_Ponta>	<MakeStatement>	<Romania>
<Police_(Gambia)>	<Arrest_detain_or_charge_with_legal_action>	<Mambury_Njie>
<Other_Authorities_/_Officials_(Zimbabwe)>	<MakeStatement>	<Simon_Khaya_Moyo>
<Akinori_Eto>	<Meet_at_a_'third'_location>	<Association_of_Southeast_Asian_Nations>
<Massoud_Barzani>	<Host_a_visit>	<Foreign_Affairs_(Czech_Republic)>
<Federica_Mogherini>	<MakeStatement>	<Foreign_Affairs_(Russia)>
<François_Hollande>	<MakeStatement>	<Boko_Haram>
<Austria_Press_Agency>	<MakeStatement>	<Rupiah_Banda>
<Indigenous_People_(Thailand)>	<Cooperate_economically>	<Vietnam>
<Representatives_(Algeria)>	<Consult>	<Education_Ministry_(Algeria)>
<Congress_(Brazil)>	<MakeStatement>	<Ministry_(Brazil)>
<Djibouti>	<Express_intent_to_meet_or_negotiate>	<Burundi>
<Pope_Francis>	<MakeStatement>	<South_Korea>
<Philippe_Couillard>	<Express_intent_to_engage_in_diplomatic_cooperation_(such_as_policy_support)>	<Kathleen_Wynne>
<Lawyer/Attorney_(Senegal)>	<MakeStatement>	<Police_(Senegal)>
<Court_Judge_(Nigeria)>	<Make_an_appeal_or_request>	<Citizen_(Nigeria)>
<Japan>	<Express_intent_to_cooperate>	<China>
<Fiji>	<MakeStatement>	<Frank_Bainimarama>
<Dmitry_Anatolyevich_Medvedev>	<MakeStatement>	<Arseniy_Yatsenyuk>
<John_Kerry>	<Express_intent_to_meet_or_negotiate>	<Oman>
<Spanish_Armed_Forces>	<MakeStatement>	<Secret_Agent_(Russia)>
<Men_(India)>	<MakeStatement>	<South_Sudan>
<Citizen_(Tanzania)>	<MakeStatement>	<Other_Authorities_/_Officials_(Egypt)>
<Vincent_Cable>	<MakeStatement>	<Party_Member_(United_Kingdom)>
<Mzukisi_Fatyela>	<MakeStatement>	<Police_(South_Africa)>
<Verkhovna_Rada>	<Praise_or_endorse>	<Arseniy_Yatsenyuk>
<Media_(Azerbaijan)>	<MakeStatement>	<Armed_Forces_of_the_Republic_of_Armenia>
<Gurbanguly_Berdymukhammedov>	<Consult>	<Rustam_Azimov>
<Ma_Ying_Jeou>	<MakeStatement>	<China>
<Alfred_Mutua>	<Criticize_or_denounce>	<Citizen_(Kenya)>
<Thongsing_Thammavong>	<Praise_or_endorse>	<Vietnam>
<Dmitriy_Kiselev>	<MakeStatement>	<Andrei_Stenin>
<Police_(New_Zealand)>	<MakeStatement>	<Cleric_(Pakistan)>
<Food_and_Agriculture_Organization>	<MakeStatement>	<Labor_and_Employment_Ministry_(Bahrain)>
<Criminal_(Australia)>	<MakeStatement>	<Head_of_Government_(Germany)>
<Joseph_Ole_Nkaissery>	<MakeStatement>	<Uhuru>
<Police_(United_States)>	<MakeStatement>	<Volvo>
<Catherine_Ashton>	<Make_a_visit>	<Oman>
<Ruben_Dario_Alzate>	<Express_intent_to_cooperate>	<Colombia>
<Bob_Hawke>	<MakeStatement>	<Defense_/_Security_Ministry_(China)>
<Military_Personnel_(Libya)>	<MakeStatement>	<Armed_Gang_(Libya)>
<Student_(Hong_Kong)>	<Make_an_appeal_or_request>	<Protester_(Hong_Kong)>
<Benedict_XVI>	<MakeStatement>	<Abdul_Aziz>
<Fiji>	<Host_a_visit>	<China>
<Colombia>	<Investigate>	<Ruben_Dario_Alzate>
<Government_(Nigeria)>	<MakeStatement>	<Court_Judge_(Nigeria)>
<Lawyer/Attorney_(Australia)>	<MakeStatement>	<Police_(Australia)>
<Director_General_(Philippines)>	<MakeStatement>	<Justice_Department/Ministery_(Philippines)>
<Vietnam>	<Engage_in_diplomatic_cooperation>	<Thailand>
<Other_Authorities_/_Officials_(Libya)>	<MakeStatement>	<Military_Personnel_(Libya)>
<Lulzim_Basha>	<MakeStatement>	<People_Associated_with_the_Opposition_(Albania)>
<Peter_Lerner>	<MakeStatement>	<Israeli_Defense_Forces>
<John_Walker>	<MakeStatement>	<Dzhokhar_Tsarnaev>
<New_Zealand>	<Host_a_visit>	<Head_of_Government_(China)>
<Militant_(Boko_Haram)>	<MakeStatement>	<Police_(Jamaica)>
<Uhuru_Muigai_Kenyatta>	<Consult>	<Middle_East>
<Government_(Nigeria)>	<MakeStatement>	<Education_(Nigeria)>
<Foreign_Affairs_(Kuwait)>	<MakeStatement>	<Haaretz>
<Police_(Australia)>	<MakeStatement>	<Sue-Ellen_Kovack>
<William_Ruto>	<MakeStatement>	<Government_(Kenya)>
<Juan_Carlos_Eguren>	<MakeStatement>	<Nadine_Heredia>
<China>	<Host_a_visit>	<Jakaya_Mrisho_Kikwete>
<Harsimrat_Kaur_Badal>	<MakeStatement>	<Sikh_(India)>
<Xi_Jinping>	<Host_a_visit>	<Niue>
<Kundy_Pahiama>	<MakeStatement>	<Angola>
<Police_(Yemen)>	<MakeStatement>	<Armed_Rebel_(Yemen)>
<Ertharin_Cousin>	<MakeStatement>	<South_Sudan>
<Tarcisio_Bertone>	<MakeStatement>	<Bank_(Holy_See_(Vatican_City_State))>
<Other_Authorities_/_Officials_(Turkey)>	<Provide_humanitarian_aid>	<Citizen_(Turkey)>
<United_Arab_Emirates>	<Express_intent_to_engage_in_diplomatic_cooperation_(such_as_policy_support)>	<Serbia>
<Uhuru_Muigai_Kenyatta>	<Express_intent_to_engage_in_diplomatic_cooperation_(such_as_policy_support)>	<Citizen_(Kenya)>
<Energy_Department/Ministry_(Iran)>	<Make_a_visit>	<Iraq>
<Ruben_Dario_Alzate>	<MakeStatement>	<Guerrilla_(Cuba)>
<Rafael_Correa>	<Consult>	<Paraguay>
<Villager_(Bermuda)>	<MakeStatement>	<Fiji>
<Sean_Edwards>	<MakeStatement>	<Armed_Gang_(United_States)>
<Daniel_Constantin>	<MakeStatement>	<Member_of_Parliament_(Romania)>
<Jean_Qahwaji>	<MakeStatement>	<South_Korea>
<Senate_(Ireland)>	<MakeStatement>	<Raúl_Castro>
<Armed_Gang_(Russia)>	<MakeStatement>	<Media_Personnel_(United_States)>
<France>	<Arrest_detain_or_charge_with_legal_action>	<Women_(France)>
<Election_Commission_(Tonga)>	<MakeStatement>	<Civic_Group_(Croatia)>
<Park_Won-soon>	<MakeStatement>	<Volvo>
<Aladdin_Boroujerdi>	<MakeStatement>	<Oman>
<Ministry_(Vietnam)>	<MakeStatement>	<Businessperson_(Kenya)>
<Shura_Council>	<Express_intent_to_meet_or_negotiate>	<Qatar>
<Mohammad_Javad_Zarif>	<MakeStatement>	<Cabinet_/_Council_of_Ministers_/_Advisors_(United_States)>
<House_of_Councillors_(Japan)>	<Praise_or_endorse>	<House_of_Representatives_(Japan)>
<Shura_Council>	<MakeStatement>	<Poland>
<Sergey_Viktorovich_Lavrov>	<MakeStatement>	<Foreign_Affairs_(Russia)>
<Toru_Hashimoto>	<MakeStatement>	<Japan>
<Kgalema_Petrus_Motlanthe>	<MakeStatement>	<Government_(South_Africa)>
<Noppadon_Pattama>	<MakeStatement>	<Thaksin_Shinawatra>
<Lawyer/Attorney_(Zambia)>	<Arrest_detain_or_charge_with_legal_action>	<Citizen_(Zambia)>
<Sergey_Viktorovich_Lavrov>	<Express_intent_to_meet_or_negotiate>	<Saud_bin_Faisal_bin_Abdul-Aziz>
<Media_(Kenya)>	<MakeStatement>	<Islamic_(India)>
<Boko_Haram>	<MakeStatement>	<Government_(Nigeria)>
<Obaid_Humaid_Al_Tayer>	<MakeStatement>	<United_Arab_Emirates>
<Citizen_(Thailand)>	<MakeStatement>	<Martin_McGuinness>
<Head_of_Government_(Nigeria)>	<MakeStatement>	<Ministry_(Nigeria)>
<Mark_James_Mwandosya>	<MakeStatement>	<Jakaya_Mrisho_Kikwete>
<Morgan_Tsvangirai>	<MakeStatement>	<Main_Opposition_(South_Africa)>
<Barack_Obama>	<MakeStatement>	<South_Korea>
<Guy_Scott>	<MakeStatement>	<Freedom_Fighter_(Zambia)>
<Haider_Al-Abadi>	<Praise_or_endorse>	<United_Arab_Emirates>
<Cheng_Guoping>	<Express_intent_to_meet_or_negotiate>	<Iran>
<Chief_of_Staff_(Vietnam)>	<MakeStatement>	<Vietnam>
<Joseph_Ole_Lenku>	<MakeStatement>	<Burundi>
<Iran>	<Express_intent_to_meet_or_negotiate>	<Citizen_(Saudi_Arabia)>
<Party_President_(Cyprus)>	<MakeStatement>	<Veterans_(Croatia)>
<Alexander_Lukashevich>	<MakeStatement>	<Other_Authorities_/_Officials_(United_States)>
<Barack_Obama>	<MakeStatement>	<Iran>
<Citizen_(Australia)>	<MakeStatement>	<Military_(China)>
<Head_of_Government_(Egypt)>	<Consult>	<Food_and_Agriculture_Organization>
<Lawmaker_(Nicaragua)>	<MakeStatement>	<Daniel_Ortega>
<Klaus_Johannis>	<Consult>	<Foreign_Affairs_(United_States)>
<Police_(Yemen)>	<MakeStatement>	<Military_Personnel_(Yemen)>
<Congress_(United_States)>	<MakeStatement>	<Police_(Hong_Kong)>
<Klaus_Johannis>	<MakeStatement>	<Romania>
<Government_(Nigeria)>	<MakeStatement>	<Ethnic_Group_(Nigeria)>
<Milos_Zeman>	<Consult>	<Martin_Stropnický>
<Joseph_Robinette_Biden>	<Express_intent_to_meet_or_negotiate>	<Head_of_Government_(Ukraine)>
<North_Atlantic_Treaty_Organization>	<MakeStatement>	<Military_(Russia)>
<Zsolt_Simon>	<MakeStatement>	<Ivan_Gasparovic>
<Iraq>	<Occupy_territory>	<Kuwait>
<Attacker_(Afghanistan)>	<Carry_out_suicide_bombing>	<Afghanistan>
<Vietnam>	<MakeStatement>	<Police_(Indonesia)>
<Ma_Ying_Jeou>	<MakeStatement>	<Foreign_Affairs_(United_States)>
<Combatant_(Australia)>	<MakeStatement>	<Media_(Swaziland)>
<Akhilesh_Yadav>	<MakeStatement>	<Xi_Jinping>
<Hamad_bin_Ali_al-Attiyah>	<MakeStatement>	<Agence_France-Presse>
<Central_Intelligence_Agency>	<Arrest_detain_or_charge_with_legal_action>	<Men_(India)>
<Minni_Minnawi>	<MakeStatement>	<Bolivia>
<Uhuru_Muigai_Kenyatta>	<MakeStatement>	<Domestic_Affairs_(Kenya)>
<Military_(Philippines)>	<Arrest_detain_or_charge_with_legal_action>	<Abu_Sayyaf>
<Ministry_(Iran)>	<MakeStatement>	<Mehr_News_Agency>
<City_Mayor_(China)>	<MakeStatement>	<China>
<John_Kerry>	<MakeStatement>	<Iran>
<Ministry_(Nigeria)>	<MakeStatement>	<Other_Authorities_/_Officials_(Nigeria)>
<Hunter_(Nigeria)>	<MakeStatement>	<Associated_Press>
<China>	<MakeStatement>	<Afghanistan>
<Barack_Obama>	<MakeStatement>	<Head_of_Government_(Germany)>
<Federica_Mogherini>	<Make_a_visit>	<Poland>
<Ministry_(Nigeria)>	<Appeal_for_diplomatic_cooperation_(such_as_policy_support)>	<Citizen_(Nigeria)>
<Loren_Legarda>	<MakeStatement>	<Philippines>
<Government_(Kenya)>	<MakeStatement>	<Militia_(Kenya)>
<Helena_Valkova>	<MakeStatement>	<Lawyer/Attorney_(Czech_Republic)>
<Sergey_Kuzhugetovich_Shoygu>	<MakeStatement>	<Military_(Russia)>
<President_of_the_Senate_(Jordan)>	<Make_a_visit>	<China>
<Alexei_Pushkov>	<MakeStatement>	<Government_(United_States)>
<Lawyer/Attorney_(Australia)>	<MakeStatement>	<Member_of_Parliament_(Australia)>
<Iraq>	<MakeStatement>	<National_Alliance_(Iraq)>
<Japan>	<Consult>	<Thailand>
<Vietnam>	<MakeStatement>	<China>
<Peter_Szijjarto>	<Consult>	<Sergey_Viktorovich_Lavrov>
<Citizen_(Zambia)>	<MakeStatement>	<Employee_(Philippines)>
<Drug_Enforcement_Administration>	<Arrest_detain_or_charge_with_legal_action>	<Drug_Gang_(Syria)>
<Terry_McAuliffe>	<MakeStatement>	<Business_(Canada)>
<Islam_Karimov>	<Express_intent_to_meet_or_negotiate>	<Kazakhstan>
<Reserve_Personnel_(Russia)>	<Arrest_detain_or_charge_with_legal_action>	<Media_Personnel_(Belarus)>
<Barack_Obama>	<Express_intent_to_meet_or_negotiate>	<Xi_Jinping>
<European_Parliament>	<MakeStatement>	<Armed_Gang_(Egypt)>
<Boko_Haram>	<Use_conventional_military_force>	<Indigenous_People_(Nigeria)>
<Mohamed_al-Dairi>	<Praise_or_endorse>	<Other_Authorities_/_Officials_(Egypt)>
<Drug_Enforcement_Administration>	<MakeStatement>	<Member_of_Legislative_(Govt)_(Kenya)>
<Armed_Gang_(Afghanistan)>	<MakeStatement>	<Western_Sahara>
<Government_(South_Africa)>	<Make_pessimistic_comment>	<Asylum_Seeker_(South_Africa)>
<Victor_Ponta>	<MakeStatement>	<China>
<Robert_M._Gates>	<MakeStatement>	<Head_of_Government_(Afghanistan)>
<Ministry_(Nigeria)>	<MakeStatement>	<Head_of_Government_(Nigeria)>
<Head_of_Government_(China)>	<Express_intent_to_meet_or_negotiate>	<Xi_Jinping>
<Medical_Association_(India)>	<Make_an_appeal_or_request>	<Government_(Pakistan)>
<Newspaper_(France)>	<Accuse>	<Police_(Belgium)>
<John_Kerry>	<MakeStatement>	<Foreign_Affairs_(Honduras)>
<Olisa_Agbakoba>	<MakeStatement>	<Government_(Nigeria)>
<Robert_Menendez>	<MakeStatement>	<Opposition_Supporter_(Venezuela)>
<Head_of_Government_(Taiwan)>	<Make_an_appeal_or_request>	<Businessperson_(Taiwan)>
<Minni_Minnawi>	<Accuse>	<Sudan>
<China>	<Sign_formal_agreement>	<Japan>
<Giorgio_Napolitano>	<MakeStatement>	<Military_Personnel_-_Special_(Kenya)>
<Edgars_Rinkevics>	<Consult>	<Victoria_Nuland>
<Barack_Obama>	<MakeStatement>	<Combatant_(Islamic_State_of_Iraq_and_the_Levant)>
<Emmanuel_Eweta_Uduaghan>	<MakeStatement>	<Government_(Nigeria)>
<Defense_/_Security_Ministry_(Nigeria)>	<MakeStatement>	<Militant_(Boko_Haram)>
<Mahinda_Rajapaksa>	<Express_intent_to_release_persons_or_property>	<Fishermen_(Sri_Lanka)>
<Michael_Fahy>	<MakeStatement>	<Canada>
<City_Manager_(United_States)>	<MakeStatement>	<Mauritius>
<Giorgio_Napolitano>	<Engage_in_negotiation>	<Abdel_Fattah_Al-Sisi>
<Federica_Mogherini>	<MakeStatement>	<Algirdas_Butkevičius>
<Abdel_Fattah_Al-Sisi>	<MakeStatement>	<Media_(Africa)>
<Information_/_Communication_/_Transparency_Ministry_(Singapore)>	<MakeStatement>	<Foreign_Affairs_(United_States)>
<María_Ángela_Holguín>	<MakeStatement>	<Government_(Venezuela)>
<Head_of_Government_(Croatia)>	<MakeStatement>	<Veterans_(Croatia)>
<Haider_Al-Abadi>	<MakeStatement>	<Iraq>
<Ministry_(Iran)>	<Express_intent_to_meet_or_negotiate>	<United_Arab_Emirates>
<Demeke_Mekonnen>	<Express_intent_to_meet_or_negotiate>	<South_Korea>
<New_Zealand>	<Express_intent_to_engage_in_diplomatic_cooperation_(such_as_policy_support)>	<China>
<John_Dramani_Mahama>	<Express_intent_to_meet_or_negotiate>	<Head_of_Government_(Ghana)>
<Chulalongkorn_University>	<MakeStatement>	<Prayuth_Chan-ocha>
<Christine_Milne>	<MakeStatement>	<Australia_Greens>
<Emal_Faizi>	<MakeStatement>	<Ministry_(Afghanistan)>
<South_Korea>	<Express_intent_to_cooperate>	<Japan>
<International_Court_of_Justice>	<MakeStatement>	<Education_(Nigeria)>
<Other_Authorities_/_Officials_(United_States)>	<MakeStatement>	<Foreign_Affairs_(India)>
<Military_Personnel_(Libya)>	<MakeStatement>	<Legislature_(Libya)>
<Haider_Al-Abadi>	<MakeStatement>	<National_Alliance_(Iraq)>
<Zhang_Dejiang>	<Express_intent_to_meet_or_negotiate>	<Mexico>
<Antonis_Samaras>	<Express_intent_to_meet_or_negotiate>	<Alexis_Tsipras>
<Criminal_(Brazil)>	<MakeStatement>	<Police_(Senegal)>
<Oman>	<MakeStatement>	<Poland>
<Media_(Africa)>	<Consult>	<Ogaden_National_Liberation_Front>
<Legislature_(Libya)>	<Reject>	<Member_of_the_Judiciary_(Libya)>
<Kevin_Rudd>	<Engage_in_symbolic_act>	<Citizen_(Australia)>
<Fiji>	<Host_a_visit>	<Head_of_Government_(India)>
<Militant_(Syria)>	<MakeStatement>	<Government_(Ecuador)>
<Police_(Philippines)>	<Arrest_detain_or_charge_with_legal_action>	<Criminal_(Philippines)>
<Medical_Personnel_(Nigeria)>	<MakeStatement>	<Government_(Nigeria)>
<Myanmar>	<Host_a_visit>	<Association_of_Southeast_Asian_Nations>
<Angela_Merkel>	<MakeStatement>	<Madeleine_Albright>
<Maxon_Mbendera>	<MakeStatement>	<Malawi>
<Barack_Obama>	<Make_optimistic_comment>	<Myanmar>
<Lin_Chia-lung>	<MakeStatement>	<Jason_C._Hu>
<Mohammad_Javad_Zarif>	<MakeStatement>	<Iraq>
<Angela_Merkel>	<Engage_in_negotiation>	<Head_of_Government_(Ukraine)>
<Court_Judge_(Nigeria)>	<MakeStatement>	<Oversight_Court_(Nigeria)>
<High_Ranking_Military_Personnel_(Nigeria)>	<MakeStatement>	<Government_(Nigeria)>
<Jaber_Mubarak_Al-Sabah>	<MakeStatement>	<Kuwait>
<Federica_Mogherini>	<Consult>	<Ministry_(Belgium)>
<Mohammad_Javad_Zarif>	<Engage_in_negotiation>	<Catherine_Ashton>
<Nuri_al-Maliki>	<MakeStatement>	<Iraq>
<John_Kerry>	<Consult>	<Catherine_Ashton>
<Head_of_Government_(Sri_Lanka)>	<Appeal_for_judicial_cooperation>	<Member_of_the_Judiciary_(Sri_Lanka)>
<China>	<Host_a_visit>	<Ashraf_Ghani_Ahmadzai>
<Kimani_Wamatangi>	<MakeStatement>	<Environmentalist_(France)>
<Leopoldo_Dominico_Petilla>	<MakeStatement>	<Philippines>
<Other_Authorities_/_Officials_(Nigeria)>	<MakeStatement>	<Government_(Nigeria)>
<Iraq>	<MakeStatement>	<Nuri_al-Maliki>
<Commando_(India)>	<Arrest_detain_or_charge_with_legal_action>	<Citizen_(India)>
<Zoran_Zaev>	<MakeStatement>	<Social_Democratic_Union>
<Farm_Worker_(Guatemala)>	<MakeStatement>	<Election_Commission_(India)>
<Firhad_Hakim>	<MakeStatement>	<International_Monetary_Fund>
<Ashraf_Ghani_Ahmadzai>	<Express_intent_to_meet_or_negotiate>	<Head_of_Government_(Pakistan)>
<John_Baird>	<MakeStatement>	<Canada>
<Governor_(Democratic_Republic_of_Congo)>	<MakeStatement>	<Cobra_Matata>
<Joseph_Ole_Lenku>	<MakeStatement>	<Government_(Kenya)>
<City_Mayor_(Somalia)>	<MakeStatement>	<Somali_National_Army>
<Medical_Personnel_(Zimbabwe)>	<MakeStatement>	<Ministry_(Zimbabwe)>
<Isaac_Kiprono_Ruto>	<MakeStatement>	<Government_(Kenya)>
<Citizen_(Mongolia)>	<MakeStatement>	<Other_Authorities_/_Officials_(Switzerland)>
<Xi_Jinping>	<MakeStatement>	<China>
<Military_Personnel_-_Special_(India)>	<MakeStatement>	<Sergey_Viktorovich_Lavrov>
<Media_(Russia)>	<MakeStatement>	<Education_(Russia)>
<Attacker_(Afghanistan)>	<MakeStatement>	<Legislature_(Libya)>
<Population_(Angola)>	<MakeStatement>	<Government_(Angola)>
<Police_(Australia)>	<Abduct_hijack_or_take_hostage>	<Citizen_(Australia)>
<George_Solo>	<MakeStatement>	<Ministry_(Liberia)>
<France>	<MakeStatement>	<Boko_Haram>
<Julie_Bishop>	<MakeStatement>	<Barack_Obama>
<Military_(Lebanon)>	<MakeStatement>	<Armed_Band_(Lebanon)>
<Andrej_Kiska>	<MakeStatement>	<National_Liberal_Party>
<Gabor_Vona>	<MakeStatement>	<Fidesz>
<Government_(Oman)>	<MakeStatement>	<Iran>
<Ertharin_Cousin>	<Consult>	<Government_(Sierra_Leone)>
<Kim_Jong-Un>	<MakeStatement>	<North_Korea>
<Head_of_Government_(Nigeria)>	<MakeStatement>	<Fula_people>
<Nuri_al-Maliki>	<MakeStatement>	<China>
<Peter_Lerner>	<MakeStatement>	<Iran>
<North_Ossetia-Alania>	<MakeStatement>	<Iran>
<Akinori_Eto>	<MakeStatement>	<Cabinet_/_Council_of_Ministers_/_Advisors_(Libya)>
<Ministry_(Russia)>	<MakeStatement>	<Chuck_Hagel>
<Company_-_Owner_or_Operator_(Tonga)>	<MakeStatement>	<Business_(Tonga)>
<Election_Commission_(Turkey)>	<MakeStatement>	<Party_Member_(Turkey)>
<Barack_Obama>	<Mobilize_or_increase_police_power>	<Iraq>
<Sirichan_Ngathong>	<MakeStatement>	<Military_(Thailand)>
<Iraq>	<Express_intent_to_cooperate>	<Iran>
<Medical_Personnel_(Nigeria)>	<MakeStatement>	<Government_(United_States)>
<Justin_Trudeau>	<MakeStatement>	<Liberals_(Canada)>
<Raul_Hernandez>	<MakeStatement>	<Philippines>
<John_Baird>	<MakeStatement>	<Armed_Rebel_(Ukraine)>
<Ahmad_Zia_Abdulzai>	<MakeStatement>	<Kidnapper_(Afghanistan)>
<Niger>	<Consult>	<Morocco>
<Police_(Philippines)>	<MakeStatement>	<National_Police>
<Rafael_Ramírez>	<Express_intent_to_meet_or_negotiate>	<Pedro_Joaquin_Coldwell>
<Abdullah_Abdullah>	<Consult>	<Foreign_Affairs_(United_States)>
<Nabil_Abu-Rudaynah>	<MakeStatement>	<Head_of_Government_(Egypt)>
<Employee_(India)>	<Accuse>	<Bhupinder_Singh_Hooda>
<Ma_Xiaoguang>	<MakeStatement>	<China>
<Police_(United_States)>	<MakeStatement>	<Mexico>
<Xi_Jinping>	<Consult>	<Gen_Prayut_Chan-o-cha>
<Rosoboronexport>	<MakeStatement>	<Afghanistan>
<Police_(Philippines)>	<MakeStatement>	<Criminal_(Philippines)>
<Labor_and_Employment_Ministry_(Nigeria)>	<MakeStatement>	<Labor_Union_(Nigeria)>
<Bahrain>	<MakeStatement>	<Republican_People's_Party>
<Xi_Jinping>	<MakeStatement>	<Henry_M._Paulson>
<Media_(Kenya)>	<Consult>	<Governor_(Kenya)>
<Iran>	<Host_a_visit>	<Cleric_(Iraq)>
<Joseph_Robinette_Biden>	<MakeStatement>	<Daniel_Ortega>
<Barack_Obama>	<MakeStatement>	<Japan>
<Attorney_General_(Argentina)>	<MakeStatement>	<Lawyer/Attorney_(Argentina)>
<Børge_Brende>	<MakeStatement>	<Ethnic_Group_(India)>
<François_Hollande>	<Express_intent_to_meet_or_negotiate>	<Guinea>
<Media_Personnel_(Bulgaria)>	<MakeStatement>	<Ogbeni_Rauf_Aregbesola>
<Citizen_(Zambia)>	<Make_an_appeal_or_request>	<Party_Member_(Zambia)>
<Ministry_(Thailand)>	<Make_an_appeal_or_request>	<Civil_Servant_(Thailand)>
<Citizen_(India)>	<Criticize_or_denounce>	<Jitan_Ram_Manjhi>
<Mohammad_Javad_Zarif>	<Express_intent_to_meet_or_negotiate>	<John_Kerry>
<Augustine_Alegeh>	<MakeStatement>	<Okey_Wali>
<Police_(United_States)>	<MakeStatement>	<Mark_Lyall_Grant>
<Information_/_Communication_/_Transparency_Ministry_(Singapore)>	<MakeStatement>	<Malaysia>
<Carlo_Calenda>	<MakeStatement>	<Bernd_Lange>
<Head_of_Government_(China)>	<MakeStatement>	<Japan>
<Derek_Andre_Hanekom>	<MakeStatement>	<South_Africa>
<North_Korea>	<Host_a_visit>	<Envoy_(United_States)>
<Sergey_Kuzhugetovich_Shoygu>	<Make_a_visit>	<China>
<Victoria_Nuland>	<Consult>	<Edgars_Rinkevics>
<Iraq>	<MakeStatement>	<Militant_(Iraq)>
<Army_Personnel_(Philippines)>	<MakeStatement>	<Philippines>
<Jagdish_Mukhi>	<MakeStatement>	<Head_of_Government_(India)>
<Charles_Koffi_Diby>	<Praise_or_endorse>	<China>
<Naval_(Thailand)>	<Arrest_detain_or_charge_with_legal_action>	<Fishermen_(Vietnam)>
<Rafael_Ramírez>	<MakeStatement>	<Other_Authorities_/_Officials_(Venezuela)>
<Conservative_Party_(United_Kingdom)>	<MakeStatement>	<Martin_McGuinness>
<Guy_Scott>	<Demand>	<Court_Judge_(Zambia)>
<François_Hollande>	<Express_intent_to_cooperate>	<Xi_Jinping>
<Media_Personnel_(Uganda)>	<MakeStatement>	<Military_(Central_African_Republic)>
<Canada>	<MakeStatement>	<Liberal_Party_(Canada)>
<Police_(Kenya)>	<Use_tactics_of_violent_repression>	<Mob_(Kenya)>
<Ministry_(Jordan)>	<Reject>	<International_Monetary_Fund>
<Cabinet_/_Council_of_Ministers_/_Advisors_(United_States)>	<Make_a_visit>	<Oman>
<Cyprian_Awiti>	<MakeStatement>	<Government_(Kenya)>
<Citizen_(South_Korea)>	<Criticize_or_denounce>	<Head_of_Government_(South_Korea)>
<Abdoulaye_Wade>	<MakeStatement>	<Criminal_(Pakistan)>
<François_Rebsamen>	<MakeStatement>	<Government_(France)>
<Fire_Brigade_(Australia)>	<MakeStatement>	<Police_(Australia)>
<Head_of_Government_(Peru)>	<MakeStatement>	<Nadine_Heredia>
<Goh_Chok_Tong>	<Yield>	<Citizen_(Singapore)>
<Xi_Jinping>	<Consult>	<Head_of_Government_(China)>
<Xi_Jinping>	<Sign_formal_agreement>	<Barack_Obama>
<Viktor_Chirkov>	<MakeStatement>	<AvtoVAZ>
<Cameroon>	<Meet_at_a_'third'_location>	<Morocco>
<Other_Authorities_/_Officials_(United_States)>	<MakeStatement>	<Hezbollah>
<Alfred_Mutua>	<MakeStatement>	<Kivutha_Kibwana>
<Treasury/Finance_Ministry_(Nigeria)>	<MakeStatement>	<Government_(Nigeria)>
<John_Kerry>	<Make_a_visit>	<France>
<Government_(South_Africa)>	<MakeStatement>	<Defense_/_Security_Ministry_(Nigeria)>
<Militant_(Jaish-e-Mohammad)>	<Use_unconventional_violence>	<Employee_(India)>
<Justice_Department/Ministery_(Libya)>	<MakeStatement>	<Cabinet_/_Council_of_Ministers_/_Advisors_(Libya)>
<Fotis_Kouvelis>	<MakeStatement>	<Member_of_Parliament_(Germany)>
<Murderer_(Nigeria)>	<fight_with_small_arms_and_light_weapons>	<Citizen_(Nigeria)>
<Iran>	<Express_intent_to_cooperate>	<Oman>
<Abdel_Fattah_Al-Sisi>	<Express_intent_to_meet_or_negotiate>	<François_Hollande>
<Member_of_Parliament_(Iraq)>	<MakeStatement>	<Iran>
<Medical_Association_(India)>	<MakeStatement>	<Oil_Tanker_(Bangladesh)>
<Court_Judge_(India)>	<MakeStatement>	<Medical_Personnel_(India)>
<Domestic_Affairs_(Panama)>	<MakeStatement>	<Government_(Panama)>
<Police_(Uganda)>	<Arrest_detain_or_charge_with_legal_action>	<Citizen_(Uganda)>
<John_Kerry>	<MakeStatement>	<Sergey_Viktorovich_Lavrov>
<Military_(Thailand)>	<MakeStatement>	<Head_of_Government_(Latvia)>
<Other_Authorities_/_Officials_(United_States)>	<Accuse>	<Citizen_(Greece)>
<Citizen_(Indonesia)>	<Demonstrate_or_rally>	<Legislature_(Indonesia)>
<Bahrain>	<Express_intent_to_engage_in_diplomatic_cooperation_(such_as_policy_support)>	<Qatar>
<Stephane_Le_Foll>	<MakeStatement>	<France>
<Foreign_Affairs_(Norway)>	<Praise_or_endorse>	<Iran>
<Malta>	<Host_a_visit>	<Kamalesh_Sharma>
<Media_(Azerbaijan)>	<MakeStatement>	<Iran>
<Legislature_(Israel)>	<MakeStatement>	<Liberals_(Canada)>
<Head_of_Government_(Nigeria)>	<MakeStatement>	<Indigenous_People_(Nigeria)>
<France>	<Arrest_detain_or_charge_with_legal_action>	<Men_(France)>
<Abdoulaye_Wade>	<Praise_or_endorse>	<Head_of_Government_(Senegal)>
<Iran>	<Consult>	<Nuri_al-Maliki>
<Other_Authorities_/_Officials_(Philippines)>	<MakeStatement>	<Moro_Islamic_Liberation_Front>
<Xi_Jinping>	<Express_intent_to_meet_or_negotiate>	<New_Zealand>
<Canada>	<Make_pessimistic_comment>	<Military_(Russia)>
<Department_of_Transportation>	<MakeStatement>	<South_Korea>
<Government_Official_(Mali)>	<MakeStatement>	<Military_(Mali)>
<Joshua_Wong>	<MakeStatement>	<Student_(Hong_Kong)>
<Robert_Pickersgill>	<MakeStatement>	<Government_(Jamaica)>
<Canada>	<MakeStatement>	<Justin_Trudeau>
<Haider_Al-Abadi>	<MakeStatement>	<Militant_(Iraq)>
<Mohammad_Nahavandian>	<Make_a_visit>	<Iran>
<John_Kerry>	<MakeStatement>	<Iraq>
<Jens_Stoltenberg>	<Host_a_visit>	<Ashraf_Ghani_Ahmadzai>
<Head_of_Government_(India)>	<MakeStatement>	<Company_-_Owner_or_Operator_(India)>
<Ministry_(Nigeria)>	<MakeStatement>	<Medical_Personnel_(Nigeria)>
<Military_(South_Sudan)>	<Accuse>	<Government_(Sudan)>
<Ma_Ying_Jeou>	<Demand>	<Government_Official_(Taiwan)>
<Justice_Department/Ministery_(Philippines)>	<Express_intent_to_meet_or_negotiate>	<Philippines>
<Ministry_(Nigeria)>	<Demand>	<Citizen_(Nigeria)>
<North_Korea>	<Demand>	<Citizen_(South_Korea)>
<International_Court_of_Justice>	<MakeStatement>	<Japan>
<Nestor_Kirchner>	<MakeStatement>	<Civic_Group_(Argentina)>
<Military_Personnel_(Angola)>	<MakeStatement>	<Governor_(Angola)>
<Abdullah_Abdullah>	<MakeStatement>	<John_Kerry>
<Umar_al_Bashir>	<MakeStatement>	<Sudan>
<Lee_Myung_Bak>	<MakeStatement>	<Civil_Guard>
<Police_(South_Africa)>	<Arrest_detain_or_charge_with_legal_action>	<Men_(South_Africa)>
<Citizen_(Namibia)>	<Accuse>	<Government_(Namibia)>
<Abdoulaye_Bathily>	<Praise_or_endorse>	<Actor_(Gabon)>
<Uhuru_Muigai_Kenyatta>	<MakeStatement>	<Government_(Kenya)>
<Military_(Cote_d'Ivoire)>	<MakeStatement>	<Israeli_Defense_Forces>
<Rashid_Derbas>	<Make_optimistic_comment>	<China>
<National_Directorate_of_Security>	<MakeStatement>	<Secret_Agent_(Afghanistan)>
<Antonis_Samaras>	<Express_intent_to_meet_or_negotiate>	<Head_of_Government_(Greece)>
<Ministry_of_Public_Security_(Canada)>	<MakeStatement>	<Business_(Canada)>
<Dmitry_Nikolayevich_Kozak>	<Make_a_visit>	<Islam_Karimov>
<Citizen_(Namibia)>	<MakeStatement>	<Ruling_Party_(India)>
<Head_of_Government_(Palestinian_Territory_Occupied)>	<MakeStatement>	<Argentine_Naval_Prefecture>
<China>	<MakeStatement>	<Military_(China)>
<Head_of_Government_(India)>	<MakeStatement>	<Indigenous_People_(India)>
<Myanmar>	<Make_pessimistic_comment>	<Barack_Obama>
<Isaac_Kiprono_Ruto>	<MakeStatement>	<Uhuru_Muigai_Kenyatta>
<Hamas>	<Arrest_detain_or_charge_with_legal_action>	<Criminal_(Palestinian_Territory_Occupied)>
<Catherine_Ashton>	<MakeStatement>	<Iran>
<Alexander_Lukashevich>	<MakeStatement>	<Representatives_(Iraq)>
<Sergey_Viktorovich_Lavrov>	<Express_intent_to_cooperate>	<John_Kerry>
<Taavi_Rõivas>	<Consult>	<North_Atlantic_Treaty_Organization>
<Armed_Gang_(Egypt)>	<fight_with_small_arms_and_light_weapons>	<Egyptian_Army>
<Citizen_(India)>	<Threaten>	<Company_-_Owner_or_Operator_(India)>
<Media_(Africa)>	<MakeStatement>	<Businessperson_(Kenya)>
<Ramesh_Chennithala>	<Consult>	<Media_(India)>
<Police_(Mauritania)>	<MakeStatement>	<Indigenous_People_(United_Kingdom)>
<Citizen_(India)>	<Engage_in_symbolic_act>	<Jawaharlal_Nehru>
<John_Kerry>	<MakeStatement>	<China>
<Benjamin_Netanyahu>	<MakeStatement>	<John_Kerry>
<Abdullah_Abdullah>	<Praise_or_endorse>	<Kazakhstan>
<Congress_(United_States)>	<Make_a_visit>	<Colombia>
<Jacek_Rostowski>	<MakeStatement>	<European_Parliament>
<Nuri_al-Maliki>	<MakeStatement>	<Militant_(Iraq)>
<Militant_(Syria)>	<Accuse>	<Government_(Syria)>
<Shiv_Sena>	<Physically_assault>	<Citizen_(India)>
<Abdirahman_Ducaale_Bayle>	<MakeStatement>	<Thaksin_Shinawatra>
<Hashmat_Stanikzai>	<MakeStatement>	<Military_Personnel_-_Special_(Afghanistan)>
<Veterans_(Croatia)>	<Criticize_or_denounce>	<Government_(Croatia)>
<Vladimir_Chizhov>	<Criticize_or_denounce>	<Federica_Mogherini>
<Robert_Cazanciuc>	<MakeStatement>	<Romania>
<Antonis_Samaras>	<Express_intent_to_cooperate>	<Abdel_Fattah_Al-Sisi>
<Laos>	<Host_a_visit>	<Gen_Prayut_Chan-o-cha>
<Dmitry_Nikolayevich_Kozak>	<MakeStatement>	<Holy_See>
<Lawyer/Attorney_(Cambodia)>	<MakeStatement>	<Police_(Cambodia)>
<Xi_Jinping>	<Consult>	<Kim_Jong-Un>
<Sawarmi_Khaled_Saad>	<MakeStatement>	<Sudan>
<Local_Media_(Switzerland)>	<MakeStatement>	<Other_Authorities_/_Officials_(Switzerland)>
<Meng_Jianzhu>	<Consult>	<Abdel_Fattah_Al-Sisi>
<Member_of_Parliament_(Iran)>	<MakeStatement>	<Ministry_(Iran)>
<Member_of_the_Judiciary_(Bangladesh)>	<Reject>	<Citizen_(Bangladesh)>
<Activist_(Nigeria)>	<MakeStatement>	<Business_(Netherlands)>
<Joseph_Robinette_Biden>	<Consult>	<Head_of_Government_(Ukraine)>
<Preneet_Kaur>	<MakeStatement>	<Aam_Aadmi_Party>
<Cambodia>	<MakeStatement>	<Thailand>
<Micky_Rosenfeld>	<MakeStatement>	<Police_(Israel)>
<Mohammad_Javad_Zarif>	<Make_optimistic_comment>	<Oman>
<Reserve_Personnel_(Ukraine)>	<MakeStatement>	<Military_(Russia)>
<France>	<MakeStatement>	<Guinea>
<Middle_East>	<Host_a_visit>	<María_Ángela_Holguín>
<Angela_Merkel>	<MakeStatement>	<Iran>
<Police_(United_States)>	<MakeStatement>	<Emilio_Pérez_Touriño>
<Barack_Obama>	<MakeStatement>	<Hamas>
<Media_Personnel_(Japan)>	<MakeStatement>	<China>
<Japan>	<Meet_at_a_'third'_location>	<China>
<Efkan_Ala>	<MakeStatement>	<Main_Opposition_(Turkey)>
<Barack_Obama>	<MakeStatement>	<North_Korea>
<Royal_Administration_(Jordan)>	<MakeStatement>	<Iran>
<Levon_Ter-Petrosyan>	<MakeStatement>	<Gagik_Tsarukyan>
<Tanzania>	<MakeStatement>	<Government_(Ecuador)>
<Member_of_Parliament_(India)>	<Accuse>	<Rajya_Sabha>
<Bahrain>	<Express_intent_to_cooperate>	<United_Arab_Emirates>
<Edwin_Lacierda>	<MakeStatement>	<Moro_National_Liberation_Front>
<Jens_Weidmann>	<MakeStatement>	<France>
<Police_(Australia)>	<Arrest_detain_or_charge_with_legal_action>	<Criminal_(Australia)>
<Hun_Sen>	<Consult>	<Xi_Jinping>
<Nuri_al-Maliki>	<MakeStatement>	<Party_Member_(Iraq)>
<Daniel_Ortega>	<MakeStatement>	<Mexico>
<Angela_Merkel>	<MakeStatement>	<Malaysia>
<Citizen_(Indonesia)>	<Criticize_or_denounce>	<Muslim_(Indonesia)>
<Member_of_Parliament_(Venezuela)>	<Criticize_or_denounce>	<Government_(Venezuela)>
<Uhuru_Muigai_Kenyatta>	<MakeStatement>	<Ethiopia>
<Lawyer/Attorney_(Australia)>	<Impose_administrative_sanctions>	<Women_(Australia)>
<Phongthep_Thepkanjana>	<MakeStatement>	<Cabinet_/_Council_of_Ministers_/_Advisors_(Thailand)>
<Police_(Libya)>	<MakeStatement>	<Mustafa_Abu_Shagur>
<Head_of_Government_(Sweden)>	<MakeStatement>	<Government_(Sweden)>
<Member_of_Parliament_(India)>	<MakeStatement>	<Medical_Personnel_(India)>
<Milliyet>	<MakeStatement>	<Lawyer/Attorney_(Turkey)>
<Qatar>	<Engage_in_diplomatic_cooperation>	<Sudan>
<Foreign_Affairs_(Rwanda)>	<MakeStatement>	<UN_Security_Council>
<Opposition_Supporter_(Georgia)>	<Demonstrate_for_policy_change>	<Government_(Georgia)>
<Valdis_Dombrovskis>	<MakeStatement>	<Head_of_Government_(Latvia)>
<Government_(Sudan)>	<MakeStatement>	<Riek_Machar>
<Military_(Philippines)>	<MakeStatement>	<Criminal_(Philippines)>
<Japan>	<Host_a_visit>	<Kiichi_Miyazawa>
<France>	<Make_pessimistic_comment>	<Iran>
<Devlet_Bahçeli>	<MakeStatement>	<Nationalist_Movement_Party>
<Japan>	<MakeStatement>	<China>
<Mexico>	<MakeStatement>	<Indigenous_People_(India)>
<Military_Personnel_-_Special_(Afghanistan)>	<Use_conventional_military_force>	<Attacker_(Afghanistan)>
<Militia_(Iraq)>	<Occupy_territory>	<Iraq>
<John_Kerry>	<Meet_at_a_'third'_location>	<Saud_bin_Faisal_bin_Abdul-Aziz>
<Protester_(United_Kingdom)>	<MakeStatement>	<Indigenous_People_(United_Kingdom)>
<Government_(Nigeria)>	<Express_intent_to_engage_in_diplomatic_cooperation_(such_as_policy_support)>	<Citizen_(Nigeria)>
<Iranian_Parliament>	<MakeStatement>	<Iran>
<Environment_Department/Ministry_(Kenya)>	<MakeStatement>	<Government_(Angola)>
<Peter_O'Neill>	<Make_a_visit>	<China>
<Admiral_(Iran)>	<MakeStatement>	<Fighter_Bomber_(Iran)>
<Morocco>	<Provide_aid>	<Sierra_Leone>
<Other_Authorities_/_Officials_(Jamaica)>	<MakeStatement>	<Criminal_(Jamaica)>
<Ministry_(Singapore)>	<MakeStatement>	<Government_(Singapore)>
<Head_of_Government_(Palestinian_Territory_Occupied)>	<MakeStatement>	<Government_(Palestinian_Territory_Occupied)>
<Tamar_Beruchashvili>	<Consult>	<Head_of_Government_(Latvia)>
<Citizen_(Tanzania)>	<Make_empathetic_comment>	<East_African_Community>
<Justice_Department/Ministery_(Niger)>	<MakeStatement>	<Attacker_(Niger)>
<Hamas>	<MakeStatement>	<Israeli_Defense_Forces>
<Sergey_Viktorovich_Lavrov>	<MakeStatement>	<John_Kerry>
<International_Court_of_Justice>	<MakeStatement>	<Police_(Rwanda)>
<Benjamin_Netanyahu>	<MakeStatement>	<Tzipi_Livni>
<Alfred_Mutua>	<Consult>	<Citizen_(Kenya)>
<Head_of_Government_(Palestinian_Territory_Occupied)>	<Engage_in_negotiation>	<Abdullah_bin_Nasser_bin_Khalifa_Al-Thani>
<Lawyer/Attorney_(Kenya)>	<Arrest_detain_or_charge_with_legal_action>	<Men_(Kenya)>
<Barack_Obama>	<Express_intent_to_meet_or_negotiate>	<China>
<Men_(Philippines)>	<MakeStatement>	<Industrial_/_Textiles_/_Mining_Ministry_(Azerbaijan)>
<Government_(Nigeria)>	<MakeStatement>	<Boko_Haram>
<William_Lukuvi>	<MakeStatement>	<Tanzania>
<Legislature_(Israel)>	<Impose_administrative_sanctions>	<Religion_(Israel)>
<Central_Intelligence_Agency>	<MakeStatement>	<Lawyer/Attorney_(Uganda)>
<Angela_Merkel>	<Consult>	<Head_of_Government_(Pakistan)>
<Demeke_Mekonnen>	<MakeStatement>	<Armed_Gang_(Afghanistan)>
<Naval_(United_States)>	<Reduce_or_break_diplomatic_relations>	<Philippines>
<China>	<MakeStatement>	<Myanmar>
<Lawyer/Attorney_(Kenya)>	<MakeStatement>	<Uhuru>
<Akhilesh_Yadav>	<Accuse>	<Media_(India)>
<Boy_Rafli_Amar>	<MakeStatement>	<Police_(Indonesia)>
<Ministry_(Vietnam)>	<Engage_in_material_cooperation>	<Police_(Israel)>
<Energy_Department/Ministry_(Philippines)>	<MakeStatement>	<Philippines>
<John_Kerry>	<Express_intent_to_meet_or_negotiate>	<Xi_Jinping>
<Military_(South_Sudan)>	<MakeStatement>	<Imad_Mugniyah>
<Ministry_(Nigeria)>	<MakeStatement>	<Government_(Nigeria)>
<TDC>	<MakeStatement>	<Al_Jazeera>
<Najam_Sethi>	<MakeStatement>	<Raheel_Sharif>
<Japan>	<Express_intent_to_engage_in_diplomatic_cooperation_(such_as_policy_support)>	<Association_of_Southeast_Asian_Nations>
<Ashraf_Ghani_Ahmadzai>	<Consult>	<Foreign_Affairs_(Denmark)>
<Admiral_(Iran)>	<MakeStatement>	<Iran>
<Abdel_Fattah_Al-Sisi>	<Host_a_visit>	<Ministry_(France)>
<Lawyer/Attorney_(Philippines)>	<MakeStatement>	<City_Mayor_(Philippines)>
<Ashraf_Ghani_Ahmadzai>	<MakeStatement>	<Afghanistan>
<Abdullah_Abdullah>	<Express_intent_to_engage_in_diplomatic_cooperation_(such_as_policy_support)>	<Afghanistan>
<François_Hollande>	<MakeStatement>	<Government_(France)>
<Benjamin_Netanyahu>	<MakeStatement>	<Angela_Merkel>
<Party_President_(Cyprus)>	<Consult>	<Nicos_Anastasiades>
<Member_of_the_Judiciary_(Bangladesh)>	<MakeStatement>	<Criminal_(El_Salvador)>
<Islam_Karimov>	<MakeStatement>	<Afghanistan>
<Fiji>	<Criticize_or_denounce>	<France>
<France>	<MakeStatement>	<Barack_Obama>
<Tharit_Pengdit>	<MakeStatement>	<Protester_(Thailand)>
<Media_(Morocco)>	<MakeStatement>	<Morocco>
<Kazakhstan>	<MakeStatement>	<Government_(Nepal)>
<Bala_Ngilari>	<MakeStatement>	<Member_of_the_Judiciary_(Nigeria)>
<Victor_Ponta>	<Make_a_visit>	<Romania>
<Member_of_Parliament_(Iran)>	<Make_an_appeal_or_request>	<International_Government_Organizations>
<Vytenis_Povilas_Andriukaitis>	<MakeStatement>	<Algirdas_Butkevičius>
<Ministry_(South_Africa)>	<MakeStatement>	<South_Africa>
<Niue>	<MakeStatement>	<Government_(Kenya)>
<Suleiman_Abba>	<Make_an_appeal_or_request>	<Citizen_(Nigeria)>
<Julie_Bishop>	<Express_intent_to_meet_or_negotiate>	<Citizen_(Australia)>
<United_Arab_Emirates>	<Engage_in_diplomatic_cooperation>	<Qatar>
<Soumeylou_Boubèye_Maiga>	<MakeStatement>	<Military_(Mali)>
<Ibrahim_Hassan_Dankwambo>	<MakeStatement>	<Malawi>
<Other_Authorities_/_Officials_(Nigeria)>	<MakeStatement>	<Farm_Worker_(Nigeria)>
<Militant_(Nigeria)>	<MakeStatement>	<Nadine_Heredia>
<UN_Security_Council>	<Make_empathetic_comment>	<Citizen_(Nigeria)>
<North_Korea>	<MakeStatement>	<South_Korea>
<Military_(Myanmar)>	<Use_conventional_military_force>	<Myanmar>
<Tony_Blair>	<MakeStatement>	<Armed_Gang_(Egypt)>
<Undersecretary_(Bahrain)>	<MakeStatement>	<Labor_and_Employment_Ministry_(Bahrain)>
<Military_(Argentina)>	<MakeStatement>	<Thailand>
<Head_of_Government_(Egypt)>	<Make_a_visit>	<France>
<President_of_the_Senate_(Jordan)>	<MakeStatement>	<Aam_Aadmi_Party>
<North_Atlantic_Treaty_Organization>	<Engage_in_symbolic_act>	<Ashraf_Ghani_Ahmadzai>
<Iran>	<MakeStatement>	<Morteza_Sarmadi>
<Undersecretary_(Kuwait)>	<MakeStatement>	<Kuwait>
<Rafael_Correa>	<MakeStatement>	<Mexico>
<Head_of_Government_(Gambia)>	<Make_a_visit>	<Qatar>
<Angela_Merkel>	<MakeStatement>	<Victoria_Nuland>
<Police_(South_Africa)>	<MakeStatement>	<Romania>
<Ministry_(South_Africa)>	<Praise_or_endorse>	<Government_(South_Africa)>
<Head_of_Government_(Greece)>	<Consult>	<Nicos_Anastasiades>
<Police_(Mauritania)>	<Arrest_detain_or_charge_with_legal_action>	<Head_of_Government_(Mauritania)>
<North_Korea>	<Host_a_visit>	<Media_Personnel_(United_States)>
<Citizen_(Uganda)>	<MakeStatement>	<Lawyer/Attorney_(Turkey)>
<Bahrain>	<Return_release_person(s)>	<Qatar>
<Court_Judge_(United_Kingdom)>	<MakeStatement>	<Government_(Panama)>
<Citizen_(Thailand)>	<Yield>	<Industry_(Thailand)>
<Defense_/_Security_Ministry_(Nigeria)>	<MakeStatement>	<Government_(Nigeria)>
<Fire_Brigade_(China)>	<MakeStatement>	<China>
<Military_(Lebanon)>	<MakeStatement>	<Detainee_(Lebanon)>
<Pope_Francis>	<MakeStatement>	<Holy_See>
<Manohar_Lal_Khattar>	<MakeStatement>	<Abdul_Aziz>
<Cabinet_/_Council_of_Ministers_/_Advisors_(United_States)>	<MakeStatement>	<Fumio_Kishida>
<William_Ruto>	<Accuse>	<Citizen_(Kenya)>
<Japan>	<Express_intent_to_cooperate_economically>	<South_Korea>
<Oversight_Court_(South_Korea)>	<MakeStatement>	<Chief_Court_Judge_(Zambia)>
<Julie_Bishop>	<MakeStatement>	<UN_Security_Council>
<Nuri_al-Maliki>	<Express_intent_to_meet_or_negotiate>	<Iran>
<Planning_Commission_(Nigeria)>	<MakeStatement>	<Ministry_(Nigeria)>
<Head_of_Government_(Mauritania)>	<MakeStatement>	<Mauritania>
<Defense_/_Security_Ministry_(Ukraine)>	<MakeStatement>	<Militant_(Ukraine)>
<Meretz>	<MakeStatement>	<Tzipi_Livni>
<China>	<MakeStatement>	<Vietnam>
<Taavi_Rõivas>	<Host_a_visit>	<Jens_Stoltenberg>
<Iran>	<Host_a_visit>	<Nuri_al-Maliki>
<Farm_Worker_(Guatemala)>	<Obstruct_passage_block>	<Guatemala>
<Military_Personnel_-_Special_(Afghanistan)>	<Use_conventional_military_force>	<Afghanistan>
<Sharad_Yadav>	<Criticize_or_denounce>	<Jitan_Ram_Manjhi>
<Elmar_Brok>	<MakeStatement>	<New_Zealand>
<Citizen_(Nigeria)>	<Criticize_or_denounce>	<Suleiman_Abba>
<Commando_(Democratic_Republic_of_Congo)>	<MakeStatement>	<Defense_/_Security_Ministry_(Angola)>
<John_Kerry>	<MakeStatement>	<National_Coalition_for_Syrian_Revolutionary_and_Opposition_Forces>
<Protester_(Hong_Kong)>	<MakeStatement>	<China>
<Lawyer/Attorney_(Australia)>	<MakeStatement>	<Criminal_(Australia)>
<Mamadou_Diop>	<MakeStatement>	<Canada>
<Armed_Gang_(Egypt)>	<MakeStatement>	<Dimitrios_Avramopoulos>
<Kamran_Khan>	<MakeStatement>	<National_Party_(India)>
<Extremist_(Boko_Haram)>	<Use_unconventional_violence>	<Citizen_(Nigeria)>
<Head_of_Government_(China)>	<Make_a_visit>	<New_Zealand>
<Civic_Group_(Croatia)>	<MakeStatement>	<City_Mayor_(Croatia)>
<Other_Authorities_/_Officials_(Nigeria)>	<Praise_or_endorse>	<Ibrahim_Hassan_Dankwambo>
<Niue>	<Make_a_visit>	<Xi_Jinping>
<Majid_Takht_Ravanchi>	<MakeStatement>	<Iran>
<Military_(Lebanon)>	<fight_with_small_arms_and_light_weapons>	<Armed_Gang_(Lebanon)>
<High_Ranking_Military_Personnel_(Pakistan)>	<MakeStatement>	<Militant_(Taliban)>
<Vitaliy_Yarema>	<MakeStatement>	<Defense_/_Security_Ministry_(Ukraine)>
<Zhang_Dejiang>	<MakeStatement>	<China>
<Sergey_Viktorovich_Lavrov>	<Express_intent_to_meet_or_negotiate>	<John_Kerry>
<Civic_Group_(Burundi)>	<MakeStatement>	<High_Commission_for_Refugees>
<Spanish_Armed_Forces>	<Engage_in_judicial_cooperation>	<Morocco>
<Treasury/Finance_Ministry_(Kyrgyzstan)>	<MakeStatement>	<Emilio_Pérez_Touriño>
<Court_Judge_(India)>	<Reject>	<Citizen_(India)>
<Murderer_(Nigeria)>	<MakeStatement>	<Villager_(Hong_Kong)>
<United_Arab_Emirates>	<Return_release_person(s)>	<Qatar>
<Makame_Mbarawa>	<MakeStatement>	<Tanzania>
<Head_of_Government_(Peru)>	<Consult>	<Xi_Jinping>
<Other_Authorities_/_Officials_(Nigeria)>	<MakeStatement>	<Ministry_(Nigeria)>
<Kevin_Rudd>	<MakeStatement>	<Alexander_Stubb>
<Men_(India)>	<Sexually_assault>	<Employee_(India)>
<Salvador_Sánchez_Cerén>	<MakeStatement>	<Guerrilla_(El_Salvador)>
<Antonis_Samaras>	<Consult>	<Nicos_Anastasiades>
<Andrej_Kiska>	<Make_an_appeal_or_request>	<Lawmaker_(Slovakia)>
<Fishermen_(India)>	<MakeStatement>	<Government_Affiliated_Bank_(Brazil)>
<Dinh_Tien_Dung>	<MakeStatement>	<Ministry_(Vietnam)>
<Ayatollah_Seyyed_Ahmad_Alamolhoda>	<MakeStatement>	<Iran>
<Iran>	<Host_a_visit>	<Mohammad_Nahavandian>
<Ministry_(Nigeria)>	<MakeStatement>	<Media_(Africa)>
<Defense_/_Security_Ministry_(Ukraine)>	<MakeStatement>	<North_Atlantic_Treaty_Organization>
<Ministry_(Morocco)>	<MakeStatement>	<Morocco>
<Yamfwa_Mukanga>	<MakeStatement>	<Government_(United_States)>
<Sebastian_Ndeitunga>	<MakeStatement>	<Police_(Namibia)>
<Saud_bin_Faisal_bin_Abdul-Aziz>	<MakeStatement>	<Member_of_Parliament_(Ukraine)>
<Barack_Obama>	<Express_intent_to_meet_or_negotiate>	<Citizen_(Indonesia)>
<Citizen_(Kenya)>	<MakeStatement>	<Volvo>
<Barack_Obama>	<MakeStatement>	<Government_(Nigeria)>
<Party_President_(Congress_Party)>	<Make_an_appeal_or_request>	<Citizen_(India)>
<Ministry_(South_Africa)>	<Consult>	<Media_(Africa)>
<Anupong_Paochinda>	<Make_an_appeal_or_request>	<Governor_(Thailand)>
<New_Zealand>	<Mobilize_or_increase_armed_forces>	<Middle_East>
<France>	<Host_a_visit>	<House_of_Representatives_(Jordan)>
<China>	<Express_intent_to_engage_in_diplomatic_cooperation_(such_as_policy_support)>	<Fiji>
<Japan>	<Express_intent_to_engage_in_diplomatic_cooperation_(such_as_policy_support)>	<Citizen_(Yemen)>
<Barack_Obama>	<Appeal_for_diplomatic_cooperation_(such_as_policy_support)>	<Iran>
<Militant_(Boko_Haram)>	<Make_an_appeal_or_request>	<Citizen_(Nigeria)>
<Student_(Hong_Kong)>	<MakeStatement>	<Protester_(Hong_Kong)>
<Citizen_(India)>	<MakeStatement>	<Education_(Nigeria)>
<Member_of_the_Judiciary_(Bangladesh)>	<Make_an_appeal_or_request>	<Public_Service_Ministry/Department_(Bangladesh)>
<High_Ranking_Military_Personnel_(Jordan)>	<MakeStatement>	<Police_(Jordan)>
<Court_Judge_(Zambia)>	<Investigate>	<Citizen_(Zambia)>
<Nikolay_Nenchev>	<Consult>	<North_Atlantic_Treaty_Organization>
<Naval_(Thailand)>	<MakeStatement>	<Business_(Bahrain)>
<Barack_Obama>	<Make_a_visit>	<Fiji>
<Dunya_Maumoon>	<MakeStatement>	<Maldives>
<Court_Judge_(Zambia)>	<MakeStatement>	<Chief_Court_Judge_(Zambia)>
<Legislature_(Italy)>	<MakeStatement>	<Police_(Sudan)>
<Pier_Ferdinando_Casini>	<MakeStatement>	<Iran>
<UN_Security_Council>	<MakeStatement>	<Sudan>
<Thailand>	<Express_intent_to_cooperate_militarily>	<China>
<Caitlin_Hayden>	<MakeStatement>	<Imad_Mugniyah>
<Men_(Philippines)>	<Abduct_hijack_or_take_hostage>	<Intelligence_Officer_(Philippines)>
<Police_(El_Salvador)>	<MakeStatement>	<Criminal_(El_Salvador)>
<Thongsing_Thammavong>	<MakeStatement>	<Military_Personnel_-_Special_(Nigeria)>
<Citizen_(India)>	<Reject>	<Governor_(India)>
<Court_Judge_(Nigeria)>	<Return_release_person(s)>	<Citizen_(Nigeria)>
<Gurbanguly_Berdymukhammedov>	<MakeStatement>	<Thailand>
<Agriculture_/_Fishing_/_Forestry_Ministry_(Sudan)>	<MakeStatement>	<Sudan>
<Prem_Singh>	<MakeStatement>	<Education_(Greece)>
<Energy_Department/Ministry_(Iran)>	<MakeStatement>	<Defense_/_Security_Ministry_(Angola)>
<China>	<Cooperate_economically>	<Iran>
<Envoy_(Senegal)>	<MakeStatement>	<Barack_Obama>
<Government_(Nigeria)>	<MakeStatement>	<Fula_people>
<France>	<Express_intent_to_cooperate_economically>	<Iran>
<Ashraf_Ghani_Ahmadzai>	<Praise_or_endorse>	<North_Atlantic_Treaty_Organization>
<Mohamed_al-Dairi>	<MakeStatement>	<Court_Judge_(Nigeria)>
<Qassim_Atta>	<MakeStatement>	<Air_Force_(Iraq)>
<Toru_Hashimoto>	<MakeStatement>	<Newspaper_(Japan)>
<Japan>	<Arrest_detain_or_charge_with_legal_action>	<Kyoto_University>
<Benjamin_Netanyahu>	<MakeStatement>	<Police_(Israel)>
<Archbishop_(Australia)>	<MakeStatement>	<Lawyer/Attorney_(Australia)>
<Lower_House_of_Parliament_(Germany)>	<MakeStatement>	<Police_(Greece)>
<Citizen_(Sudan)>	<Make_an_appeal_or_request>	<Government_(Sudan)>
<Tanzania>	<Engage_in_diplomatic_cooperation>	<Angola>
<Bradesco>	<MakeStatement>	<Government_Affiliated_Bank_(Brazil)>
<Employee_(India)>	<Rally_opposition_against>	<Citizen_(India)>
<Barack_Obama>	<MakeStatement>	<Raúl_Castro>
<Mamadou_Diop>	<Criticize_or_denounce>	<Macky_Sall>
<Head_of_Government_(India)>	<Express_intent_to_meet_or_negotiate>	<Citizen_(India)>
<Canada>	<Engage_in_negotiation>	<China>
<Susana_Villaran>	<MakeStatement>	<Business_(Peru)>
<Emal_Faizi>	<MakeStatement>	<Afghanistan>
<Angela_Merkel>	<Make_a_visit>	<Poland>
<Milos_Zeman>	<MakeStatement>	<Jan_Kohout>
<Malta>	<MakeStatement>	<Government_(Ecuador)>
<Pope_Francis>	<MakeStatement>	<Priest_(Holy_See_(Vatican_City_State))>
<Citizen_(United_Arab_Emirates)>	<MakeStatement>	<Congress_(Philippines)>
<Lawyer/Attorney_(Sierra_Leone)>	<MakeStatement>	<Member_of_the_Judiciary_(Sierra_Leone)>
<Abdullah_Abdullah>	<MakeStatement>	<Afghanistan>
<Elmar_Brok>	<Praise_or_endorse>	<Federica_Mogherini>
<Prem_Singh>	<Criticize_or_denounce>	<Citizen_(India)>
<Citizen_(Nigeria)>	<Appeal_for_diplomatic_cooperation_(such_as_policy_support)>	<Ministry_(Nigeria)>
<Citizen_(Australia)>	<fight_with_small_arms_and_light_weapons>	<Police_(Australia)>
<John_Kerry>	<Consult>	<Saud_bin_Faisal_bin_Abdul-Aziz>
<Ashraf_Ghani_Ahmadzai>	<Consult>	<Mamnoon_Hussain>
<Chris_Patten>	<Deny_responsibility>	<China>
<Citizen_(Nigeria)>	<Make_an_appeal_or_request>	<Government_(Nigeria)>
<New_Zealand>	<MakeStatement>	<Ministry_(Zimbabwe)>
<High_Ranking_Military_Personnel_(Pakistan)>	<MakeStatement>	<Criminal_(Pakistan)>
<South_Korea>	<Sign_formal_agreement>	<China>
<Djibouti>	<MakeStatement>	<Legislature_(Turkey)>
<Thailand>	<MakeStatement>	<Cambodia>
<Geng_Yansheng>	<MakeStatement>	<Japan>
<Angus_Houston>	<MakeStatement>	<Associated_Press>
<Vassilis_Kikilias>	<MakeStatement>	<Coalition_of_the_Radical_Left>
<Alexander_Lukashevich>	<MakeStatement>	<Canada>
<Isaac_Kiprono_Ruto>	<MakeStatement>	<Member_of_Legislative_(Govt)_(Kenya)>
<John_Kerry>	<MakeStatement>	<UN_Security_Council>
<Citizen_(Australia)>	<Bring_lawsuit_against>	<Lawyer/Attorney_(Australia)>
<Jean_Qahwaji>	<Engage_in_symbolic_act>	<Military_(Lebanon)>
<UN_Security_Council>	<MakeStatement>	<Government_(Syria)>
<Veterans_(Croatia)>	<MakeStatement>	<Lawmaker_(Turkey)>
<Criminal_(Mexico)>	<MakeStatement>	<Social_Democratic_Party_(Lithuania)>
<John_Kerry>	<Praise_or_endorse>	<China>
<Treasury/Finance_Ministry_(Nigeria)>	<MakeStatement>	<Boko_Haram>
<Massoud_Barzani>	<MakeStatement>	<Iraq>
<Algirdas_Butkevičius>	<MakeStatement>	<Social_Democratic_Party_(Lithuania)>
<Fotis_Kouvelis>	<Make_an_appeal_or_request>	<Hellenic_Armed_Forces>
<Police_(Kenya)>	<MakeStatement>	<Immigrants_(Ethiopia)>
<Hassan_Joho>	<MakeStatement>	<Government_(Kenya)>
<Benjamin_Netanyahu>	<MakeStatement>	<Israeli_Defense_Forces>
<Mohammad_Javad_Zarif>	<MakeStatement>	<Afghanistan>
<South_Korea>	<Consult>	<Head_of_Government_(Egypt)>
<Dmitry_Anatolyevich_Medvedev>	<Accuse>	<Government_Official_(Russia)>
<Government_(Croatia)>	<MakeStatement>	<Ministry_(Croatia)>
<Police_(Philippines)>	<MakeStatement>	<Philippines>
<City_Mayor_(South_Africa)>	<MakeStatement>	<Government_(South_Africa)>
<Royal_Air_Force>	<MakeStatement>	<Attack_Craft_(United_Kingdom)>
<Abdel_Fattah_Al-Sisi>	<MakeStatement>	<Secretariat_(Egypt)>
<Julie_Bishop>	<Coerce>	<Combatant_(Australia)>
<Tomislav_Nikolić>	<MakeStatement>	<European_Parliament>
<Vietnam>	<MakeStatement>	<Military_(Vietnam)>
<Chris_Alexander>	<MakeStatement>	<Canada>
<David_Choquehuanca>	<MakeStatement>	<Bolivia>
<Sergio_Massa>	<Criticize_or_denounce>	<Daniel_Scioli>
<Government_(Nigeria)>	<MakeStatement>	<Ogbeni_Rauf_Aregbesola>
<France>	<MakeStatement>	<South_Korea>
<Royal_Administration_(Saudi_Arabia)>	<Consult>	<Barack_Obama>
<Frank_Bainimarama>	<Make_a_visit>	<Fiji>
<Governor_(Sweden)>	<MakeStatement>	<The_Standard>
<Iran>	<MakeStatement>	<Edgars_Rinkevics>
<Sudan>	<Host_a_visit>	<Joseph_Kony>
<United_Arab_Emirates>	<Host_a_visit>	<Head_of_Government_(Palestinian_Territory_Occupied)>
<Police_(Uganda)>	<MakeStatement>	<Priest_(Uganda)>
<Salah_al-Bardawil>	<MakeStatement>	<Government_(Palestinian_Territory_Occupied)>
<Sadiq_al-Mahdi>	<MakeStatement>	<Government_(Sudan)>
<Nicos_Anastasiades>	<Consult>	<Nikos_Christodoulides>
<North_Korea>	<MakeStatement>	<Japan>
<Foreign_Affairs_(Ecuador)>	<MakeStatement>	<Rupiah_Banda>
<Afghanistan>	<MakeStatement>	<Armed_Band_(Afghanistan)>
<Japan>	<Praise_or_endorse>	<Tajikistan>
<China>	<Arrest_detain_or_charge_with_legal_action>	<Dissident_(China)>
<China>	<Host_a_visit>	<Vincent_C._Siew>
<Head_of_Government_(India)>	<MakeStatement>	<Islamic_(India)>
<Police_(South_Africa)>	<Occupy_territory>	<South_Africa>
<Nhial_Deng_Nhial>	<MakeStatement>	<Ethiopia>
<Julie_Bishop>	<Reject>	<Barack_Obama>
<Armed_Opposition_(Nigeria)>	<Abduct_hijack_or_take_hostage>	<Citizen_(Nigeria)>
<Foreign_Affairs_(Norway)>	<MakeStatement>	<Oil_Tanker_(Bangladesh)>
<Ministry_(Angola)>	<MakeStatement>	<Angola>
<Sudan>	<MakeStatement>	<Benazir_Bhutto>
<Citizen_(Indonesia)>	<Bring_lawsuit_against>	<Police_(Indonesia)>
<Ministry_(South_Africa)>	<MakeStatement>	<Industry_(South_Africa)>
<Member_of_the_Judiciary_(Sri_Lanka)>	<Arrest_detain_or_charge_with_legal_action>	<Roger_B._Wilson>
<Sam_Nda-Isaiah>	<MakeStatement>	<Foreign_Affairs_(Syria)>
<Police_(United_States)>	<Express_intent_to_engage_in_diplomatic_cooperation_(such_as_policy_support)>	<Military_Personnel_-_Special_(Afghanistan)>
<Media_Personnel_(Somalia)>	<MakeStatement>	<Al-Shabaab>
<China>	<Host_a_visit>	<Abhisit_Vejjajiva>
<Student_(Mexico)>	<Demonstrate_or_rally>	<Mexico>
<Victor_Ponta>	<MakeStatement>	<European_Parliament>
<Activist_(Nigeria)>	<Praise_or_endorse>	<Government_(Nigeria)>
<Julie_Bishop>	<Consult>	<Kevin_Rudd>
<María_Ángela_Holguín>	<MakeStatement>	<Colombia>
<Julie_Bishop>	<Consult>	<UN_Security_Council>
<Military_Personnel_(Uganda)>	<Consult>	<Media_(Africa)>
<Foreign_Affairs_(Libya)>	<MakeStatement>	<Other_Authorities_/_Officials_(Libya)>
<Melissa_Fleming>	<MakeStatement>	<Asylum_Seeker_(Sudan)>
<Militant_(Jaish-e-Mohammad)>	<MakeStatement>	<Armed_Rebel_(Syria)>
<Colombia>	<Host_a_visit>	<Zhang_Dejiang>
<Xi_Jinping>	<MakeStatement>	<Tanzania>
<Mohammad_Reza_Naqdi>	<MakeStatement>	<Iran>
<Barack_Obama>	<Consult>	<Dmitry_Anatolyevich_Medvedev>
<Chongwadai>	<MakeStatement>	<Government_(United_States)>
<François_Hollande>	<Engage_in_negotiation>	<Head_of_Government_(Egypt)>
<Roberto_Azevedo>	<MakeStatement>	<Government_(Sweden)>
<Activist_(France)>	<MakeStatement>	<France>
<Police_(Japan)>	<Investigate>	<Women_(China)>
<Philipp_Rösler>	<MakeStatement>	<Vietnam>
<Abdullah_Gül>	<Make_an_appeal_or_request>	<Public_Prosecutor_(Turkey)>
<Alexander_Lukashevich>	<MakeStatement>	<Sergey_Viktorovich_Lavrov>
<Iran>	<MakeStatement>	<Barack_Obama>
<Newspaper_(France)>	<MakeStatement>	<UN_Security_Council>
<Abdol-Reza_Mesri>	<MakeStatement>	<European_Parliament>
<Armed_Rebel_(Syria)>	<Use_unconventional_violence>	<Israeli_Defense_Forces>
<Iraq>	<Employ_aerial_weapons>	<Oil_Tanker_(Iraq)>
<Mahinda_Rajapaksa>	<MakeStatement>	<Malawi>
<Yves-Fran_Francois_Blanchet>	<MakeStatement>	<Canada>
<Head_of_Government_(Nigeria)>	<Criticize_or_denounce>	<Education_(Nigeria)>
<Head_of_Government_(Ecuador)>	<MakeStatement>	<Government_(Ecuador)>
<Raheel_Sharif>	<MakeStatement>	<Head_of_Government_(Greece)>
<China>	<Host_a_visit>	<Cristina_Fernández_de_Kirchner>
<Al_Arabiya>	<MakeStatement>	<Royal_Administration_(Saudi_Arabia)>
<Edgars_Rinkevics>	<Consult>	<Tamar_Beruchashvili>
<Ibrahim_Shehu_Shema>	<MakeStatement>	<Government_(Nigeria)>
<Cheng_Guoping>	<MakeStatement>	<Armed_Gang_(United_States)>
<Kazakhstan>	<Meet_at_a_'third'_location>	<Tajikistan>
<Vassilis_Kikilias>	<Consult>	<Dimitrios_Avramopoulos>
<Kaci_Hickox>	<MakeStatement>	<Nurse_(United_States)>
<Kader_Arif>	<Consult>	<François_Hollande>
<Federica_Mogherini>	<Express_intent_to_meet_or_negotiate>	<Reuven_Rivlin>
<Justice_Department/Ministery_(Libya)>	<MakeStatement>	<Ahmed_Abu_Khatallah>
<Uhuru_Muigai_Kenyatta>	<MakeStatement>	<Qatar>
<China>	<MakeStatement>	<Iran>
<Domestic_Affairs_(France)>	<MakeStatement>	<France>
<Police_(Philippines)>	<MakeStatement>	<Military_(Philippines)>
<Director_General_(Russia)>	<MakeStatement>	<Business_(Russia)>
<Foreign_Affairs_(Belarus)>	<MakeStatement>	<Jason_C._Hu>
<Civic_Group_(Burundi)>	<Investigate>	<Government_(Burundi)>
<Raj_Thackeray>	<MakeStatement>	<Secretariat_(Egypt)>
<Ministry_(Singapore)>	<Appeal_for_release_of_persons_or_property>	<Citizen_(Singapore)>
<Abdoulaye_Bathily>	<MakeStatement>	<Emilio_Pérez_Touriño>
<Ministry_(Nigeria)>	<MakeStatement>	<Farm_Worker_(Nigeria)>
<Media_Personnel_(Honduras)>	<MakeStatement>	<Court_Judge_(Honduras)>
<James_Ongwae>	<MakeStatement>	<Media_(Africa)>
<Algirdas_Butkevičius>	<MakeStatement>	<European_Parliament>
<Party_President_(Romania)>	<MakeStatement>	<Klaus_Johannis>
<James_Selfe>	<MakeStatement>	<Media_Personnel_(United_States)>
<Angela_Merkel>	<MakeStatement>	<Government_(Germany)>
<Military_(Myanmar)>	<MakeStatement>	<Lawyer/Attorney_(Belgium)>
<John_Kerry>	<MakeStatement>	<Angola>
<Lawyer/Attorney_(Australia)>	<Threaten>	<Citizen_(Australia)>
<Head_of_Government_(China)>	<MakeStatement>	<Businessperson_(China)>
<Sean_Edwards>	<MakeStatement>	<Police_(United_States)>
<Lawyer/Attorney_(Zambia)>	<MakeStatement>	<People_Associated_with_the_Opposition_(Albania)>
<Military_(Thailand)>	<Use_conventional_military_force>	<Thailand>
<Head_of_Government_(Chile)>	<MakeStatement>	<City_Mayor_(Chile)>
<Verkhovna_Rada>	<MakeStatement>	<Civil_Guard>
<Bahrain>	<Host_a_visit>	<European_Parliament>
<Afghanistan>	<Host_a_visit>	<Jens_Stoltenberg>
<Foreign_Affairs_(Kuwait)>	<Engage_in_symbolic_act>	<Foreign_Affairs_(Comoros)>
<Head_of_Government_(India)>	<MakeStatement>	<China>
<Inspector_General_of_Police_and_Customs>	<Engage_in_material_cooperation>	<Iran>
<Manohar_Lal_Khattar>	<Make_an_appeal_or_request>	<Citizen_(India)>
<Lawyer/Attorney_(Philippines)>	<MakeStatement>	<Justice_Department/Ministery_(Philippines)>
<UN_Security_Council>	<MakeStatement>	<Other_Authorities_/_Officials_(Russia)>
<National_Coalition_Party>	<MakeStatement>	<Alexander_Stubb>
<Saud_bin_Faisal_bin_Abdul-Aziz>	<Consult>	<Sergey_Viktorovich_Lavrov>
<François_Hollande>	<MakeStatement>	<France>
<Pinarayi_Vijayan>	<Accuse_of_crime_corruption>	<Citizen_(India)>
<Military_(Philippines)>	<Mobilize_or_increase_armed_forces>	<Philippines>
<Xi_Jinping>	<Express_intent_to_meet_or_negotiate>	<Cristina_Fernández_de_Kirchner>
<Blogger_(Australia)>	<MakeStatement>	<Police_(Australia)>
<Liu_Jieyi>	<MakeStatement>	<China>
<Foreign_Affairs_(United_States)>	<MakeStatement>	<Angola>
<Criminal_(Australia)>	<Engage_in_symbolic_act>	<Citizen_(Australia)>
<Thailand>	<Express_intent_to_cooperate>	<Vietnam>
<Abdirahman_Ducaale_Bayle>	<Engage_in_negotiation>	<Khaled_Bahah>
<Malaysia>	<MakeStatement>	<Armed_Rebel_(Ukraine)>
<Micky_Rosenfeld>	<MakeStatement>	<Tourist_(United_States)>
<Benjamin_Netanyahu>	<Cooperate_militarily>	<Police_(Israel)>
<Ministry_(Iran)>	<MakeStatement>	<Iran>
<Media_Personnel_(New_Zealand)>	<MakeStatement>	<Government_(New_Zealand)>
<Juan_Antonio_Coloma>	<MakeStatement>	<Foreign_Affairs_(Chile)>
<Jitan_Ram_Manjhi>	<MakeStatement>	<Tanzania>
<North_Atlantic_Treaty_Organization>	<Express_intent_to_engage_in_diplomatic_cooperation_(such_as_policy_support)>	<Afghanistan>
<Legislature_(Italy)>	<Express_intent_to_engage_in_diplomatic_cooperation_(such_as_policy_support)>	<Angola>
<North_American_Aerospace_Defense_Command>	<MakeStatement>	<Military_(Russia)>
<Combatant_(Australia)>	<Use_unconventional_violence>	<Citizen_(Australia)>
<Military_(Lebanon)>	<MakeStatement>	<Military_Personnel_(Lebanon)>
<Sergey_Viktorovich_Lavrov>	<MakeStatement>	<RIA_Novosti>
<Barack_Obama>	<MakeStatement>	<Government_(Syria)>
<Ministry_(Kyrgyzstan)>	<Express_intent_to_meet_or_negotiate>	<Citizen_(Kyrgyzstan)>
<Military_(Turkey)>	<Provide_military_aid>	<Combatant_(Iraqi_Kurds)>
<Media_Personnel_(Pakistan)>	<MakeStatement>	<Abdul_Aziz>
<United_Arab_Emirates>	<MakeStatement>	<Raúl_Castro>
<Ravi_Shankar_Prasad>	<MakeStatement>	<Head_of_Government_(India)>
<Algirdas_Butkevičius>	<Express_intent_to_meet_or_negotiate>	<Head_of_Government_(Belarus)>
<Citizen_(Bangladesh)>	<Engage_in_symbolic_act>	<Citizen_(United_Kingdom)>
<Frank_Bainimarama>	<MakeStatement>	<Fiji>
<Other_Authorities_/_Officials_(Philippines)>	<Investigate>	<Police_(Philippines)>
<Citizen_(Indonesia)>	<MakeStatement>	<Imad_Mugniyah>
<Taufa'ahau_Tupou_IV>	<MakeStatement>	<Tonga>
<Other_Authorities_/_Officials_(Philippines)>	<MakeStatement>	<Philippines>
<Head_of_Government_(Greece)>	<MakeStatement>	<Coalition_of_the_Radical_Left>
<Cambodia>	<Make_optimistic_comment>	<Xi_Jinping>
<Philippe_Couillard>	<MakeStatement>	<William_Ruto>
<Criminal_(Brazil)>	<Use_unconventional_violence>	<Military_(Brazil)>
<China>	<Engage_in_negotiation>	<South_Korea>
<Treasury/Finance_Ministry_(Kyrgyzstan)>	<Sign_formal_agreement>	<Sergei_Anatolievich_Storchak>
<Canada>	<Express_intent_to_cooperate>	<Japan>
<Scientist_(France)>	<MakeStatement>	<Environmentalist_(France)>
<Xi_Jinping>	<Make_a_visit>	<Tajikistan>
<Chen_Chao-min>	<MakeStatement>	<Jakaya_Mrisho_Kikwete>
<High_Ranking_Military_Personnel_(Jordan)>	<MakeStatement>	<Ministry_(Jordan)>
<Ramesh_Chennithala>	<MakeStatement>	<Civic_Group_(Kenya)>
<France>	<Praise_or_endorse>	<Military_(Lebanon)>
<Canada>	<Make_a_visit>	<France>
<Cheng_Yonghua>	<MakeStatement>	<China>
<Iran>	<MakeStatement>	<Mohammad_Javad_Zarif>
<Government_(Nigeria)>	<Arrest_detain_or_charge_with_legal_action>	<Citizen_(Nigeria)>
<Media_(India)>	<Consult>	<Firhad_Hakim>
<Head_of_Government_(Egypt)>	<MakeStatement>	<Boko_Haram>
<Armed_Rebel_(Syria)>	<MakeStatement>	<United_Progressive_Alliance>
<Election_Commission_(Tonga)>	<Reject>	<Citizen_(Tonga)>
<Edwin_Kanguatjivi>	<MakeStatement>	<Police_(Namibia)>
<Yoon_Sang-jick>	<MakeStatement>	<South_Korea>
<Iran>	<Engage_in_negotiation>	<China>
<Military_(Lebanon)>	<Impose_administrative_sanctions>	<Armed_Rebel_(Syria)>
<Election_Commission_(Fiji)>	<MakeStatement>	<Political_Parties_(Fiji)>
<Citizen_(Kenya)>	<Provide_aid>	<Police_(Kenya)>
<Mauritania>	<MakeStatement>	<Criminal_(Jamaica)>
<Other_Authorities_/_Officials_(Zimbabwe)>	<MakeStatement>	<Federal_Police>
<Miguel_Ángel_Osorio_Chong>	<MakeStatement>	<Government_(Mexico)>
<Foreign_Affairs_(United_States)>	<MakeStatement>	<South_Sudan>
<Emmanuel_Eweta_Uduaghan>	<Appeal_for_de-escalation_of_military_engagement>	<Ethnic_Group_(Nigeria)>
<Nuri_al-Maliki>	<MakeStatement>	<Air_Force_(Iraq)>
<Media_Personnel_(Bulgaria)>	<Consult>	<Daniel_Mitov>
<China>	<Arrest_detain_or_charge_with_legal_action>	<Citizen_(Australia)>
<Lee_Myung_Bak>	<Express_intent_to_meet_or_negotiate>	<Lawmaker_(South_Korea)>
<Association_of_Southeast_Asian_Nations>	<MakeStatement>	<Head_of_Government_(Ukraine)>
<Alfred_Romualdez>	<MakeStatement>	<Philippines>
<Noh_Kwang-il>	<MakeStatement>	<South_Korea>
<Governor_(Sweden)>	<Make_an_appeal_or_request>	<Government_(Sweden)>
<Activist_(Colombia)>	<MakeStatement>	<Lawyer/Attorney_(Colombia)>
<Court_Judge_(India)>	<Threaten>	<Citizen_(India)>
<Industrial_/_Textiles_/_Mining_Ministry_(China)>	<MakeStatement>	<China>
<Sergey_Viktorovich_Lavrov>	<MakeStatement>	<Joseph_Robinette_Biden>
<Head_of_Government_(Bahamas)>	<MakeStatement>	<Government_(Bahamas)>
<France>	<Engage_in_diplomatic_cooperation>	<Kuwait>
<Benjamin_Netanyahu>	<MakeStatement>	<Iran>
<Majid_Takht_Ravanchi>	<MakeStatement>	<Benjamin_Netanyahu>
<John_Kerry>	<MakeStatement>	<North_Korea>
<John_Kerry>	<Express_intent_to_meet_or_negotiate>	<France>
<Mohammad_Javad_Zarif>	<Meet_at_a_'third'_location>	<Catherine_Ashton>
<John_Kerry>	<Express_intent_to_meet_or_negotiate>	<Mohammad_Javad_Zarif>
<South_Korea>	<Engage_in_negotiation>	<New_Zealand>
<Member_of_Parliament_(Venezuela)>	<MakeStatement>	<Al_Jazeera>
<Raheel_Sharif>	<Make_a_visit>	<Afghanistan>
<Media_Personnel_(Pakistan)>	<MakeStatement>	<Cleric_(Pakistan)>
<Party_President_(Congress_Party)>	<MakeStatement>	<Police_(United_States)>
<Niger>	<MakeStatement>	<Middle_East>
<Bolivia>	<MakeStatement>	<Business_(Russia)>
<Wang_Anshun>	<MakeStatement>	<China>
<United_Arab_Emirates>	<Host_a_visit>	<Uhuru_Muigai_Kenyatta>
<Virgin_Atlantic_Airways>	<MakeStatement>	<Air_France>
<North_Korea>	<Reduce_relations>	<Citizen_(North_Korea)>
<Nikos_Christodoulides>	<MakeStatement>	<Nicos_Anastasiades>
<Ministry_(La_Francophonie)>	<MakeStatement>	<Canada>
<Citizen_(India)>	<Make_an_appeal_or_request>	<Media_(India)>
<Police_(Kenya)>	<MakeStatement>	<The_Standard>
<Media_Personnel_(Saudi_Arabia)>	<MakeStatement>	<Media_(Saudi_Arabia)>
<Ministry_(Angola)>	<Consult>	<Governor_(Angola)>
<Sule_Lamido>	<Express_intent_to_engage_in_diplomatic_cooperation_(such_as_policy_support)>	<Citizen_(Nigeria)>
<Marou_Amadou>	<MakeStatement>	<Attacker_(Niger)>
<Ijaw_Youth_Council>	<MakeStatement>	<Tamerlan_Tsarnaev>
<Xi_Jinping>	<MakeStatement>	<Military_(China)>
<Citizen_(Australia)>	<Criticize_or_denounce>	<Julie_Bishop>
<Taavi_Rõivas>	<MakeStatement>	<Julie_Bishop>
<Police_(Kenya)>	<MakeStatement>	<Mob_(Kenya)>
<Gilles_Jaron>	<MakeStatement>	<Military_(France)>
<Head_of_Government_(Pakistan)>	<Consult>	<Abdulla_Yameen>
<Military_Personnel_-_Special_(Philippines)>	<Use_conventional_military_force>	<Moro_Islamic_Liberation_Front>
<Citizen_(Malaysia)>	<Express_intent_to_meet_or_negotiate>	<Malaysia>
<Ministry/Department_of_Technology_(Iraq)>	<MakeStatement>	<Militant_(Iraq)>
<Supreme_Council_(Iraq)>	<MakeStatement>	<Court_Judge_(Iraq)>
<Klaus_Johannis>	<MakeStatement>	<National_Liberal_Party>
<Royal_Administration_(Iraq)>	<MakeStatement>	<Iraq>
<Lower_House_of_Parliament_(Germany)>	<Praise_or_endorse>	<Government_(Germany)>
<Fishermen_(India)>	<Consult>	<Media_(India)>
<Ministry_(South_Africa)>	<MakeStatement>	<Government_(South_Africa)>
<Jens_Stoltenberg>	<MakeStatement>	<North_Atlantic_Treaty_Organization>
<Dmitry_Anatolyevich_Medvedev>	<Consult>	<Barack_Obama>
<Barack_Obama>	<MakeStatement>	<Xi_Jinping>
<Malawi_Electoral_Commission>	<MakeStatement>	<Political_Parties_(Malawi)>
<Member_of_Parliament_(Iran)>	<MakeStatement>	<Mohammad_Javad_Zarif>
<Greenpeace>	<MakeStatement>	<Activist_(United_States)>
<Head_of_Government_(Greece)>	<MakeStatement>	<Police_(Greece)>
<Police_(United_States)>	<MakeStatement>	<Defense_/_Security_Ministry_(Angola)>
<Angela_Merkel>	<MakeStatement>	<Head_of_Government_(Bulgaria)>
<Joseph_Ole_Lenku>	<MakeStatement>	<High_Commission_for_Refugees>
<Military_(Cote_d'Ivoire)>	<Make_an_appeal_or_request>	<Employee_(Cote_d'Ivoire)>
<Qatar>	<MakeStatement>	<Abdel_Fattah_Al-Sisi>
<Joe_Oliver>	<MakeStatement>	<Barack_Obama>
<Ibrahim_Shehu_Shema>	<Reject>	<Citizen_(Nigeria)>
<Xi_Jinping>	<Express_intent_to_settle_dispute>	<Barack_Obama>
<Ministry_(Thailand)>	<MakeStatement>	<Thailand>
<Uhuru_Muigai_Kenyatta>	<Demand>	<Citizen_(Kenya)>
<Xi_Jinping>	<Make_a_visit>	<Fiji>
<Director_General_(Cambodia)>	<MakeStatement>	<Cambodia>
<Legislature_(China)>	<MakeStatement>	<China>
<Domestic_Affairs_(Spain)>	<MakeStatement>	<Civil_Guard>
<New_Zealand>	<Host_a_visit>	<Xi_Jinping>
<Extremist_(Boko_Haram)>	<MakeStatement>	<François_Hollande>
<Malaysia>	<Provide_humanitarian_aid>	<Citizen_(Malaysia)>
<Japan>	<MakeStatement>	<North_Korea>
<Mahamat_Saleh_Annadif>	<MakeStatement>	<African_Union>
<Foreign_Affairs_(United_States)>	<Make_an_appeal_or_request>	<Ali_Abdullah_Saleh>
<Xi_Jinping>	<Praise_or_endorse>	<Malaysia>
<Police_(Poland)>	<MakeStatement>	<Thief_(Poland)>
<Dinka>	<MakeStatement>	<Riek_Machar>
<Afghanistan>	<MakeStatement>	<Abdullah_Abdullah>
<Iran>	<Engage_in_negotiation>	<Foreign_Affairs_(United_States)>
<Indigenous_People_(Thailand)>	<MakeStatement>	<Fumio_Kishida>
<John_Kerry>	<MakeStatement>	<Haider_Al-Abadi>
<Police_(Australia)>	<MakeStatement>	<Media_Personnel_(Australia)>
<Fumio_Kishida>	<MakeStatement>	<Japan>
<Foreign_Affairs_(United_States)>	<MakeStatement>	<Political_Parties_(Kosovo)>
<China>	<MakeStatement>	<Japan>
<Business_(Netherlands)>	<MakeStatement>	<France>
<Head_of_Government_(India)>	<MakeStatement>	<Employee_(India)>
<Barack_Obama>	<MakeStatement>	<Military_(Russia)>
<Chaturon_Chaisang>	<MakeStatement>	<Ministry_(Thailand)>
<Media_Personnel_(Somalia)>	<MakeStatement>	<Media_(Africa)>
<Medical_Personnel_(India)>	<Praise_or_endorse>	<Medical_Association_(India)>
<Foreign_Affairs_(Libya)>	<Consult>	<Abdelkader_Messahel>
<Hassan_Joho>	<Criticize_or_denounce>	<Citizen_(Kenya)>
<Ministry_(Bosnia_and_Herzegovina)>	<MakeStatement>	<Employee_(Bosnia_and_Herzegovina)>
<Head_of_Government_(Sri_Lanka)>	<MakeStatement>	<Liberals_(Canada)>
<Court_Judge_(Nigeria)>	<MakeStatement>	<Bala_Abdulkadir_Mohammed>
<Justice_Department/Ministery_(Senegal)>	<MakeStatement>	<Karim_Wade>
<Member_of_Parliament_(India)>	<Defy_norms_law>	<Citizen_(India)>
<Sergey_Viktorovich_Lavrov>	<MakeStatement>	<Iran>
<Japan>	<Express_intent_to_engage_in_diplomatic_cooperation_(such_as_policy_support)>	<China>
<Victor_Ponta>	<Engage_in_negotiation>	<Klaus_Johannis>
<Somen_Mitra>	<MakeStatement>	<United_Progressive_Alliance>
<Bismillah_Khan_Mohammadi>	<MakeStatement>	<Afghanistan>
<Mohamed_Osman_Jawari>	<MakeStatement>	<Iran>
<Ibrahim_Hassan_Dankwambo>	<Make_an_appeal_or_request>	<Sam_Nda-Isaiah>
<Ministry_(Angola)>	<MakeStatement>	<Government_(Angola)>
<Hamas>	<MakeStatement>	<Benjamin_Netanyahu>
<Head_of_Government_(Mauritania)>	<MakeStatement>	<Government_(Mauritania)>
<Ibrahim_Boubacar_Keïta>	<MakeStatement>	<France>
<Citizen_(Nigeria)>	<MakeStatement>	<Employee_(Kuwait)>
<Royal_Administration_(Saudi_Arabia)>	<MakeStatement>	<Nicos_Anastasiades>
<North_Korea>	<Engage_in_negotiation>	<Dmitry_Anatolyevich_Medvedev>
<Citizen_(India)>	<Express_intent_to_meet_or_negotiate>	<Court_Judge_(India)>
<Kimani_Wamatangi>	<Demand>	<Kikuyu>
<Citizen_(Mongolia)>	<Make_pessimistic_comment>	<Head_of_Government_(Mongolia)>
<Trade_Official_(Iran)>	<MakeStatement>	<Iran>
<UN_Security_Council>	<Make_pessimistic_comment>	<Military_Personnel_-_Special_(Afghanistan)>
<Yoani_Sánchez>	<MakeStatement>	<Government_(United_States)>
<Manuel_Monteiro_de_Castro>	<MakeStatement>	<Police_(Dominican_Republic)>
<Yemi_Osinbajo>	<MakeStatement>	<Muhammadu_Buhari>
<UN_Security_Council>	<Praise_or_endorse>	<Other_Authorities_/_Officials_(Nigeria)>
<UN_Security_Council>	<Impose_embargo_boycott_or_sanctions>	<Ali_Abdullah_Saleh>
<Member_of_Parliament_(India)>	<MakeStatement>	<Thief_(India)>
<Benedict_XVI>	<Consult>	<John_Paul_II>
<Robin_L._Raphel>	<MakeStatement>	<Algirdas_Butkevičius>
<Sergey_Kuzhugetovich_Shoygu>	<Engage_in_negotiation>	<Chang_Wanquan>
<Maxon_Mbendera>	<MakeStatement>	<Malawi_Electoral_Commission>
<John_Walker>	<MakeStatement>	<Thief_(United_States)>
<Government_(Nigeria)>	<Demonstrate_military_or_police_power>	<Indigenous_People_(Nigeria)>
<Henri_Konan_Bedie>	<MakeStatement>	<Ministry_(Brazil)>
<Victoria_Nuland>	<MakeStatement>	<Government_Official_(Afghanistan)>
<Head_of_Government_(Nigeria)>	<MakeStatement>	<Court_Judge_(Nigeria)>
<Robin_L._Raphel>	<Praise_or_endorse>	<Sikh_Militant>
<Kader_Arif>	<MakeStatement>	<Tahirul_Qadri>
<Atef_Tarawneh>	<MakeStatement>	<Medical_Personnel_(Jordan)>
<Environment_Department/Ministry_(Malaysia)>	<MakeStatement>	<Malaysia>
<Government_(Kenya)>	<Accede_to_demands_for_rights>	<Citizen_(Kenya)>
<Naval_(United_States)>	<MakeStatement>	<China>
<Ministry_(Iran)>	<MakeStatement>	<Morocco>
<Edwin_Clark>	<Consult>	<Head_of_Government_(Nigeria)>
<Pol_Gen_Somyot_Poompanmoung>	<MakeStatement>	<Police_(Hong_Kong)>
<Media_Personnel_(Pakistan)>	<MakeStatement>	<Imran_Khan>
<Ibrahim_Shehu_Shema>	<MakeStatement>	<Democratic_Party_(Nigeria)>
<United_Arab_Emirates>	<Sign_formal_agreement>	<Japan>
<Cameroon>	<MakeStatement>	<Aam_Aadmi_Party>
<Lawmaker_(Spain)>	<MakeStatement>	<Governor_(Spain)>
<Media_(Africa)>	<Consult>	<Ministry_(South_Africa)>
<Charles_Chen>	<MakeStatement>	<Armed_Gang_(Lebanon)>
<France>	<MakeStatement>	<Benjamin_Netanyahu>
<China>	<Host_a_visit>	<Henry_Kissinger>
<Governor_(Somalia)>	<MakeStatement>	<Combatant_(Al-Shabaab)>
<Roberto_Azevedo>	<Make_a_visit>	<Morocco>
<Colombia>	<Express_intent_to_meet_or_negotiate>	<Rafael_Ramírez>
<Ashraf_Ghani_Ahmadzai>	<MakeStatement>	<North_Atlantic_Treaty_Organization>
<Thailand>	<Express_intent_to_provide_economic_aid>	<Citizen_(Thailand)>
<Public_Prosecutor_(New_Zealand)>	<MakeStatement>	<Business_(New_Zealand)>
<Tsvetlin_Yovchev>	<MakeStatement>	<Police_(Bulgaria)>
<Member_of_Parliament_(Iran)>	<MakeStatement>	<Iran>
<Head_of_Government_(Taiwan)>	<MakeStatement>	<Election_Commission_(India)>
<Yi_Xianliang>	<MakeStatement>	<China>
<Bob_Hawke>	<Engage_in_symbolic_act>	<Gough_Whitlam>
<China>	<Engage_in_negotiation>	<Japan>
<Barack_Obama>	<MakeStatement>	<Military_(China)>
<Chiang_Wei-ling>	<MakeStatement>	<Education_Ministry_(Taiwan)>
<Representatives_(Algeria)>	<MakeStatement>	<Media_Personnel_(United_States)>
<Police_(El_Salvador)>	<MakeStatement>	<Antonio_Guerrero_Rodríguez>
<Suleiman_Abba>	<MakeStatement>	<Xi_Jinping>
<Military_Personnel_-_Special_(India)>	<fight_with_small_arms_and_light_weapons>	<Citizen_(India)>
<Civic_Group_(Afghanistan)>	<MakeStatement>	<Election_Commission_(Afghanistan)>
<Association_of_Southeast_Asian_Nations>	<Sign_formal_agreement>	<South_Korea>
<Police_(Yemen)>	<Use_tactics_of_violent_repression>	<Protester_(Yemen)>
<Chris_Murphy>	<Make_a_visit>	<Serbia>
<Government_(Mexico)>	<MakeStatement>	<Mexico>
<Legislature_(Mongolia)>	<MakeStatement>	<Chimed_Saikhanbileg>
<Iran>	<Cooperate_economically>	<Iraq>
<Cleric_(Nigeria)>	<MakeStatement>	<Boko_Haram>
<Iraq>	<MakeStatement>	<Business_(Iraq)>
<Justice_Department/Ministery_(Philippines)>	<MakeStatement>	<Japan>
<John_Kerry>	<Demand_diplomatic_cooperation_(such_as_policy_support)>	<China>
<South_Korea>	<Return_release_property>	<Japan>
<Royal_Bank_of_Scotland>	<MakeStatement>	<Barclays_PLC>
<City_Mayor_(Somalia)>	<MakeStatement>	<Cabinet_/_Council_of_Ministers_/_Advisors_(Somalia)>
<Aladdin_Boroujerdi>	<MakeStatement>	<Iran>
<Angola>	<MakeStatement>	<Congo>
<Jitan_Ram_Manjhi>	<Make_an_appeal_or_request>	<Citizen_(India)>
<John_Boehner>	<MakeStatement>	<Iraq>
<Charles_Chen>	<Make_an_appeal_or_request>	<Tsai_Ing-wen>
<Iran>	<Host_a_visit>	<Haider_Al-Abadi>
<Head_of_Government_(Nigeria)>	<MakeStatement>	<Government_(Nigeria)>
<Paolo_Gentiloni>	<MakeStatement>	<Iran>
<South_Korea>	<MakeStatement>	<North_Korea>
<Peter_O'Neill>	<MakeStatement>	<National_Liberation_Army>
<Ibrahim_Shehu_Shema>	<MakeStatement>	<Farm_Worker_(Nigeria)>
<William_Ruto>	<MakeStatement>	<Military_Personnel_-_Special_(Kenya)>
<Abdullah_Abdullah>	<Consult>	<Afghanistan>
<Morocco>	<Grant_diplomatic_recognition>	<China>
<Ahmad_Zahid_Hamidi>	<MakeStatement>	<Police_(Malaysia)>
<Pinarayi_Vijayan>	<MakeStatement>	<Government_Affiliated_Bank_(Brazil)>
<Ma_Ying_Jeou>	<Praise_or_endorse>	<Protester_(Hong_Kong)>
<Other_Authorities_/_Officials_(Nigeria)>	<MakeStatement>	<Education_(Nigeria)>
<Ministry_(Kyrgyzstan)>	<MakeStatement>	<Henry_M._Paulson>
<Citizen_(Bangladesh)>	<MakeStatement>	<Justin_Trudeau>
<Yasuo_Fukuda>	<MakeStatement>	<Japan>
<Uighur_(China)>	<MakeStatement>	<China>
<Joselito_Atienza>	<MakeStatement>	<Police_(Philippines)>
<Children_(Palestinian_Territory_Occupied)>	<fight_with_small_arms_and_light_weapons>	<Police_(Israel)>
<Sergey_Viktorovich_Lavrov>	<MakeStatement>	<UN_Security_Council>
<Japan>	<Make_optimistic_comment>	<Xi_Jinping>
<David_Hanson>	<MakeStatement>	<France>
<Medical_Personnel_(India)>	<MakeStatement>	<Justice_Department/Ministery_(India)>
<Laos>	<MakeStatement>	<Al_Arabiya>
<Ministry_of_Women_(India)>	<MakeStatement>	<Bhupinder_Singh_Hooda>
<Umar_al_Bashir>	<Consult>	<Foreign_Affairs_(Libya)>
<Vladimir_Chizhov>	<MakeStatement>	<Benjamin_Netanyahu>
<Abdullah_Abdullah>	<MakeStatement>	<Party_Member_(Afghanistan)>
<Tony_Blair>	<Express_intent_to_meet_or_negotiate>	<Guinea>
<Citizen_(Nigeria)>	<Express_intent_to_cooperate>	<Ministry_(Nigeria)>
<Foreign_Affairs_(Belarus)>	<Consult>	<Foreign_Affairs_(Russia)>
<Mohammad_Javad_Zarif>	<Halt_negotiations>	<John_Kerry>
<Alpha_Condé>	<Host_a_visit>	<Ibrahim_Boubacar_Keïta>
<Employee_(India)>	<MakeStatement>	<Thief_(India)>
<Sergey_Viktorovich_Lavrov>	<MakeStatement>	<Victoria_Nuland>
<Ministry_(Russia)>	<Express_intent_to_meet_or_negotiate>	<Iran>
<Commando_(India)>	<MakeStatement>	<Mark_Lyall_Grant>
<Majid_Takht_Ravanchi>	<Express_intent_to_meet_or_negotiate>	<Representatives_(Russia)>
<Civil_Aviation_Authority>	<MakeStatement>	<Vietnam>
<France>	<MakeStatement>	<Military_Personnel_(Mali)>
<Iran>	<Express_intent_to_cooperate>	<Iraq>
<Xi_Jinping>	<MakeStatement>	<Vietnam>
<Qatar>	<Host_a_visit>	<Head_of_Government_(Gambia)>
<East_African_Community>	<MakeStatement>	<Student_(Tanzania)>
<Iranian_Parliament>	<Meet_at_a_'third'_location>	<Mohammad_Javad_Zarif>
<Armed_Gang_(Afghanistan)>	<Carry_out_suicide_bombing>	<Citizen_(International)>
<Henri_Konan_Bedie>	<Express_intent_to_engage_in_diplomatic_cooperation_(such_as_policy_support)>	<Citizen_(Cote_d'Ivoire)>
<United_Arab_Emirates>	<Express_intent_to_release_persons_or_property>	<Qatar>
<Villager_(Bermuda)>	<Consult>	<Ruben_Dario_Alzate>
<Benjamin_Netanyahu>	<MakeStatement>	<Haaretz>
<Citizen_(United_Arab_Emirates)>	<Reject>	<Amnesty_International>
<Member_of_the_Judiciary_(Sri_Lanka)>	<MakeStatement>	<Civil_Guard>
<Edgars_Rinkevics>	<MakeStatement>	<Middle_East>
<John_Baptist_Odama>	<MakeStatement>	<Justin_Trudeau>
<Police_(Gambia)>	<MakeStatement>	<Foroyaa>
<John_Dramani_Mahama>	<MakeStatement>	<Ministry_(Czech_Republic)>
<Military_(Philippines)>	<Occupy_territory>	<Philippines>
<Catherine_Ashton>	<Consult>	<Mohammad_Javad_Zarif>
<Uhuru_Muigai_Kenyatta>	<Engage_in_negotiation>	<United_Arab_Emirates>
<Member_of_the_Judiciary_(Brazil)>	<MakeStatement>	<Joaquim_Barbosa>
<Government_(Mexico)>	<MakeStatement>	<Military_(Mexico)>
<Ukrinform>	<MakeStatement>	<Member_of_Parliament_(Ukraine)>
<House_of_Councillors_(Japan)>	<MakeStatement>	<Tanzania>
<John_Baptist_Odama>	<Make_an_appeal_or_request>	<Media_(Africa)>
<Government_(Mexico)>	<MakeStatement>	<Criminal_(Mexico)>
<Colombia>	<MakeStatement>	<Combatant_(Islamic_State_of_Iraq_and_the_Levant)>
<Citizen_(Uganda)>	<Use_unconventional_violence>	<Police_(Uganda)>
<Barack_Obama>	<Cooperate_economically>	<China>
<Meng_Jianzhu>	<MakeStatement>	<China>
<Sharad_Yadav>	<MakeStatement>	<Tamerlan_Tsarnaev>
<Ignazio_Marino>	<MakeStatement>	<City_Mayor_(Italy)>
<Foreign_Affairs_(Ukraine)>	<Criticize_or_denounce>	<Armed_Force_(Russia)>
<Foreign_Affairs_(Ukraine)>	<MakeStatement>	<Dmitry_Anatolyevich_Medvedev>
<Kamran_Khan>	<Sign_formal_agreement>	<Ministry_(Tanzania)>
<North_Korea>	<Criticize_or_denounce>	<Japan>
<Marwan_Charbel>	<MakeStatement>	<Armed_Gang_(Lebanon)>
<Legislature_(Libya)>	<MakeStatement>	<Business_(Netherlands)>
<Algirdas_Butkevičius>	<MakeStatement>	<Vytenis_Povilas_Andriukaitis>
<Government_(Sudan)>	<Conduct_suicide_car_or_other_non-military_bombing>	<Sudan>
<Firhad_Hakim>	<Consult>	<Media_(India)>
<Military_Personnel_(Algeria)>	<MakeStatement>	<Al_Jazeera>
<Foreign_Affairs_(United_States)>	<Make_a_visit>	<France>
<Barack_Obama>	<Make_a_visit>	<Xi_Jinping>
<Yuriy_Lutsenko>	<MakeStatement>	<Head_of_Government_(Ukraine)>
<High_Commission_(United_Kingdom)>	<MakeStatement>	<Afghanistan>
<Police_(New_Zealand)>	<Impose_administrative_sanctions>	<New_Zealand>
<Mohammad_Javad_Zarif>	<Make_a_visit>	<China>
<Energy_Department/Ministry_(Zimbabwe)>	<MakeStatement>	<Ministry_(Zimbabwe)>
<People_Associated_with_the_Opposition_(Mauritania)>	<MakeStatement>	<Government_(Mauritania)>
<Media_Personnel_(Saudi_Arabia)>	<MakeStatement>	<Agence_France-Presse>
<Eduardo_Buzzi>	<MakeStatement>	<Government_(Argentina)>
<France>	<Host_a_visit>	<European_Parliament>
<Mohammad_Javad_Zarif>	<MakeStatement>	<China>
<Criminal_(Mexico)>	<Use_unconventional_violence>	<Student_(Mexico)>
<Envoy_(Senegal)>	<Praise_or_endorse>	<Iran>
<Sergio_Massa>	<MakeStatement>	<Cristina_Fernández_de_Kirchner>
<Head_of_Government_(Gambia)>	<MakeStatement>	<Other_Authorities_/_Officials_(Greece)>
<Citizen_(Kenya)>	<Demand_settling_of_dispute>	<Hassan_Joho>
<Party_President_(Cyprus)>	<Consult>	<Nikos_Christodoulides>
<Lawyer/Attorney_(Kenya)>	<MakeStatement>	<William_Ruto>
<Member_of_Legislative_(Govt)_(Kenya)>	<MakeStatement>	<Government_(Kenya)>
<Member_of_Parliament_(Iran)>	<MakeStatement>	<Government_(United_States)>
<Morgan_Tsvangirai>	<MakeStatement>	<Movement_for_Democratic_Change>
<Antonis_Samaras>	<MakeStatement>	<Coalition_of_the_Radical_Left>
<Iran>	<MakeStatement>	<Morocco>
<North_Korea>	<MakeStatement>	<Tourist_(United_States)>
<Mexico>	<Praise_or_endorse>	<Barack_Obama>
<Government_(Kenya)>	<MakeStatement>	<Rights_Activist_(Kenya)>
<Hannes_Swoboda>	<MakeStatement>	<European_Parliament>
<Ministry_(Russia)>	<Praise_or_endorse>	<Head_of_Government_(Pakistan)>
<Frank_Mba>	<MakeStatement>	<Military_Personnel_-_Special_(Nigeria)>
<Ashraf_Ghani_Ahmadzai>	<Make_a_visit>	<China>
<François_Hollande>	<Express_intent_to_meet_or_negotiate>	<Canada>
<Lawyer/Attorney_(Indonesia)>	<MakeStatement>	<Police_(Indonesia)>
<Xi_Jinping>	<MakeStatement>	<Michael_Sata>
<Other_Authorities_/_Officials_(Turkey)>	<MakeStatement>	<Hezbollah>
<Abdel_Fattah_Al-Sisi>	<MakeStatement>	<Army_Personnel_(Egypt)>
<Ministry_(Nigeria)>	<MakeStatement>	<Yemi_Osinbajo>
<Kim_Jong-Un>	<Consult>	<Barack_Obama>
<Other_Authorities_/_Officials_(Jamaica)>	<MakeStatement>	<Police_(Jamaica)>
<Tamar_Beruchashvili>	<MakeStatement>	<Court_Judge_(Lebanon)>
<Foreign_Affairs_(Ecuador)>	<Grant_asylum>	<Citizen_(Australia)>
<Bolivia>	<Criticize_or_denounce>	<Women_(Bolivia)>
<Sule_Lamido>	<MakeStatement>	<Member_of_Parliament_(Ukraine)>
<Frank_Bainimarama>	<Engage_in_negotiation>	<Julie_Bishop>
<Xi_Jinping>	<Praise_or_endorse>	<Barack_Obama>
<Media_Personnel_(Uganda)>	<MakeStatement>	<Lawyer/Attorney_(Uganda)>
<Ministry_(Angola)>	<Make_an_appeal_or_request>	<Population_(Angola)>
<Ministry_(Iran)>	<Consult>	<Gurbanguly_Berdymukhammedov>
<Medical_Personnel_(Cyprus)>	<MakeStatement>	<Defense_/_Security_Ministry_(Cyprus)>
<Inspector_General_of_Police_and_Customs>	<MakeStatement>	<Ministry_(Liberia)>
<Fumio_Kishida>	<Consult>	<Retno_Marsudi>
<Citizen_(Kenya)>	<Consult>	<Alfred_Mutua>
<Nuri_al-Maliki>	<MakeStatement>	<Legislature_(Iraq)>
<Militia_(Iraq)>	<MakeStatement>	<Henry_M._Paulson>
<Ministry_(Kuwait)>	<MakeStatement>	<Employee_(Kuwait)>
<Atef_Tarawneh>	<Host_a_visit>	<Iraq>
<China>	<Consult>	<Iran>
<Rashid_Derbas>	<MakeStatement>	<Court_Judge_(Nigeria)>
<Opposition_Supporter_(Georgia)>	<MakeStatement>	<Media_Personnel_(Australia)>
<Steven_Chu>	<MakeStatement>	<New_Zealand>
<María_Ángela_Holguín>	<Make_a_visit>	<Middle_East>
<Oman>	<Host_a_visit>	<Iran>
<Head_of_Government_(Pakistan)>	<MakeStatement>	<Benazir_Bhutto>
<Mauritania>	<Consult>	<Cameroon>
<Sergey_Viktorovich_Lavrov>	<MakeStatement>	<Pavel_Gubarev>
<Victor_Ponta>	<Praise_or_endorse>	<Klaus_Johannis>
<Professor_(Senegal)>	<MakeStatement>	<Abdoulaye_Wade>
<Iran>	<MakeStatement>	<Iraq>
<Alexander_Stubb>	<Sign_formal_agreement>	<Taavi_Rõivas>
<Park_Won-soon>	<Make_an_appeal_or_request>	<Citizen_(South_Korea)>
<Military_Personnel_-_Special_(Philippines)>	<MakeStatement>	<Abu_Sayyaf>
<China>	<Sign_formal_agreement>	<Andrew_Robb>
<Iraq>	<Arrest_detain_or_charge_with_legal_action>	<Member_of_Parliament_(Iraq)>
<Oversight_Court_(South_Korea)>	<Arrest_detain_or_charge_with_legal_action>	<Citizen_(South_Korea)>
<Benjamin_Netanyahu>	<MakeStatement>	<Hamas>
<Militant_(Nigeria)>	<fight_with_small_arms_and_light_weapons>	<Company_-_Owner_or_Operator_(Nigeria)>
<Admiral_(Latvia)>	<MakeStatement>	<North_Atlantic_Treaty_Organization>
<Kim_Jong-Un>	<Make_a_visit>	<Nurse_(North_Korea)>
<Food_and_Agriculture_Organization>	<Engage_in_negotiation>	<Head_of_Government_(Egypt)>
<Alfred_Romualdez>	<MakeStatement>	<Franklin_Drilon>
<Scientist_(France)>	<MakeStatement>	<Mwai_Kibaki>
<Foreign_Affairs_(Malaysia)>	<MakeStatement>	<Iran>
<Shiv_Sena>	<MakeStatement>	<Raj_Thackeray>
<Civic_Party_(Hungary)>	<MakeStatement>	<Media_(Romania)>
<Election_Commission_(India)>	<MakeStatement>	<Ministry_(Czech_Republic)>
<Court_Judge_(United_Kingdom)>	<Engage_in_negotiation>	<Lawyer/Attorney_(United_Kingdom)>
<Nicos_Anastasiades>	<MakeStatement>	<Police_(Dominican_Republic)>
<Police_(South_Africa)>	<Use_conventional_military_force>	<Men_(South_Africa)>
<Head_of_Government_(Pakistan)>	<Consult>	<Pervez_Musharraf>
<Police_(New_Zealand)>	<Arrest_detain_or_charge_with_legal_action>	<Men_(New_Zealand)>
<Goh_Chok_Tong>	<MakeStatement>	<Vietnam>
<Lawyer/Attorney_(United_Kingdom)>	<MakeStatement>	<Frank_Bainimarama>
<Abdel_Fattah_Al-Sisi>	<Express_intent_to_meet_or_negotiate>	<Company_-_Owner_or_Operator_(Italy)>
<Vojtěch_Filip>	<MakeStatement>	<Communist_Party_of_Bohemia_and_Moravia>
<Government_Official_(Mali)>	<MakeStatement>	<Armed_Rebel_(Mali)>
<Emrullah_Isler>	<MakeStatement>	<Turkish_Airlines>
<Ministry_(Jamaica)>	<MakeStatement>	<Owen_Ellington>
<Professor_(France)>	<MakeStatement>	<Military_(France)>
<Mexico>	<Express_intent_to_cooperate>	<China>
<Abdel_Fattah_Al-Sisi>	<Make_a_visit>	<France>
<Mohammad_Javad_Zarif>	<MakeStatement>	<France>
<Dawa_Khan_Minapal>	<MakeStatement>	<Armed_Band_(Afghanistan)>
<Foreign_Affairs_(Malaysia)>	<MakeStatement>	<Malaysia>
<Charles_Koffi_Diby>	<MakeStatement>	<Mob_(Kenya)>
<Ashraf_Ghani_Ahmadzai>	<MakeStatement>	<Election_Commission_(Afghanistan)>
<Olajide_Laleye>	<MakeStatement>	<Boko_Haram>
<Chris_Patten>	<MakeStatement>	<Police_(Namibia)>
<Terrorist_(Boko_Haram)>	<MakeStatement>	<Foreign_Affairs_(Lebanon)>
<Micky_Rosenfeld>	<MakeStatement>	<Criminal_(Israel)>
<Mohammad_Javad_Zarif>	<MakeStatement>	<Catherine_Ashton>
<Citizen_(Kenya)>	<Criticize_or_denounce>	<Government_(Kenya)>
<Alfred_Mutua>	<MakeStatement>	<Government_(Kenya)>
<Massoud_Barzani>	<Praise_or_endorse>	<Citizen_(Germany)>
<Environment_Department/Ministry_(Bangladesh)>	<MakeStatement>	<Oil_Tanker_(Bangladesh)>
<Ali_Jannati>	<MakeStatement>	<Iran>
<Chris_Murphy>	<MakeStatement>	<North_Atlantic_Treaty_Organization>
<Joshua_Wong>	<Accuse>	<Police_(Hong_Kong)>
<Police_(Uganda)>	<Investigate>	<Citizen_(Uganda)>
<Citizen_(Namibia)>	<Accuse>	<Police_(Namibia)>
<China>	<Consult>	<Majid_Takht_Ravanchi>
<François_Hollande>	<MakeStatement>	<European_Central_Bank>
<Citizen_(Sudan)>	<MakeStatement>	<Head_of_Government_(Germany)>
<Veterans_(Croatia)>	<Demand_change_in_leadership>	<Ministry_(Croatia)>
<Citizen_(Malaysia)>	<MakeStatement>	<Foreign_Affairs_(Chile)>
<Defense_/_Security_Ministry_(Armenia)>	<MakeStatement>	<Defense_/_Security_Ministry_(Azerbaijan)>
<Military_(Philippines)>	<Investigate>	<Philippines>
<Dmitry_Anatolyevich_Medvedev>	<MakeStatement>	<Business_(Russia)>
<Zimbabwe_Union_of_Journalists>	<MakeStatement>	<Other_Authorities_/_Officials_(Zimbabwe)>
<Afghanistan>	<MakeStatement>	<Armed_Gang_(Afghanistan)>
<Reserve_Personnel_(Russia)>	<MakeStatement>	<Police_(Israel)>
<Military_Personnel_(Algeria)>	<MakeStatement>	<Gendermarie_(Algeria)>
<Iraq>	<MakeStatement>	<Iran>
<National_Security_Advisor_(Thailand)>	<MakeStatement>	<Malaysia>
<Bill_English>	<MakeStatement>	<Government_(New_Zealand)>
<Military_(Turkey)>	<MakeStatement>	<Combatant_(Turkey)>
<Hunter_(Nigeria)>	<Use_unconventional_violence>	<Citizen_(Nigeria)>
<Head_of_Government_(Pakistan)>	<MakeStatement>	<Government_(Pakistan)>
<Mohammad_Javad_Zarif>	<Make_an_appeal_or_request>	<China>
<China>	<MakeStatement>	<Media_(Nigeria)>
<Treasury/Finance_Ministry_(Czech_Republic)>	<MakeStatement>	<Ministry_(Czech_Republic)>
<Anifah_Aman>	<MakeStatement>	<Government_(New_Zealand)>
<Middle_East>	<MakeStatement>	<United_Arab_Emirates>
<Foreign_Affairs_(Rwanda)>	<MakeStatement>	<South_Africa>
<Barack_Obama>	<MakeStatement>	<China>
<Police_(Japan)>	<MakeStatement>	<Medical_Personnel_(Japan)>
<Labor_and_Employment_Ministry_(Nigeria)>	<MakeStatement>	<Government_(Nigeria)>
<North_Korea>	<Engage_in_diplomatic_cooperation>	<Laos>
<Umar_al_Bashir>	<MakeStatement>	<Government_(Sudan)>
<Chen_Chao-min>	<Make_a_visit>	<Vietnam>
<Japan>	<Praise_or_endorse>	<House_of_Representatives_(Japan)>
<Barack_Obama>	<Express_intent_to_meet_or_negotiate>	<Myanmar>
<Head_of_Government_(China)>	<MakeStatement>	<China>
<Mohammad_Nahavandian>	<MakeStatement>	<Iraq>
<Student_(Mexico)>	<MakeStatement>	<Police_(Australia)>
<South_Korea>	<Reject>	<Lawyer/Attorney_(South_Korea)>
<Airline_(Libya)>	<MakeStatement>	<Other_Authorities_/_Officials_(Libya)>
<Børge_Brende>	<Make_a_visit>	<Iran>
<Anupong_Paochinda>	<MakeStatement>	<Chief_Court_Judge_(Zambia)>
<Treasury/Finance_Ministry_(Bangladesh)>	<MakeStatement>	<Employee_(Bangladesh)>
<Main_Opposition_(Bahrain)>	<MakeStatement>	<Sheikh_Ali_Salman>
<Senate_(Ireland)>	<Make_pessimistic_comment>	<Ireland>
<Angola>	<Express_intent_to_engage_in_diplomatic_cooperation_(such_as_policy_support)>	<Legislature_(Italy)>
<Election_Commission_(India)>	<Consult>	<Media_(India)>
<Alpha_Condé>	<MakeStatement>	<Iraq>
<Aladdin_Boroujerdi>	<Criticize_or_denounce>	<Canada>
<Dmitry_Anatolyevich_Medvedev>	<MakeStatement>	<Government_Official_(Russia)>
<Energy_Corp_(Russia)>	<MakeStatement>	<Iran>
<Terrorist_(Boko_Haram)>	<Deny_responsibility>	<Government_(Nigeria)>
<Nikolay_Nenchev>	<MakeStatement>	<Somali_National_Army>
<Joseph_Ole_Lenku>	<MakeStatement>	<Police_(Kenya)>
<Citizen_(Kenya)>	<Accuse>	<Police_(Kenya)>
<Colombia>	<Host_a_visit>	<Congress_(United_States)>
<Mohammad_Javad_Zarif>	<Consult>	<Sergey_Viktorovich_Lavrov>
<Japan>	<MakeStatement>	<Thailand>
<Police_(Kenya)>	<Return_release_person(s)>	<Men_(Kenya)>
<European_Parliament>	<Make_an_appeal_or_request>	<Serbia>
<Villager_(Hong_Kong)>	<MakeStatement>	<Protester_(Hong_Kong)>
<Alexander_Stubb>	<MakeStatement>	<Somali_National_Army>
<Head_of_Government_(Pakistan)>	<Make_an_appeal_or_request>	<Barack_Obama>
<France>	<Host_a_visit>	<Abdel_Fattah_Al-Sisi>
<Hun_Sen>	<MakeStatement>	<Cambodia>
<Military_Personnel_(Uganda)>	<MakeStatement>	<Business_(Bahrain)>
<Mutembo_Nchito>	<MakeStatement>	<Michael_Sata>
<Samuel_Sitta>	<MakeStatement>	<East_African_Community>
<Military_Personnel_(Somalia)>	<MakeStatement>	<Militant_(Somalia)>
<Foreign_Affairs_(United_States)>	<MakeStatement>	<Afghanistan>
<Edwin_Clark>	<MakeStatement>	<Catherine_Ashton>
<National_Union_Party_(Kenya)>	<MakeStatement>	<Employee_(Kenya)>
<Morocco>	<MakeStatement>	<Tamerlan_Tsarnaev>
<Head_of_Government_(New_Zealand)>	<MakeStatement>	<Philippines>
<House_of_Representatives_(Malaysia)>	<MakeStatement>	<Malaysia>
<Media_(India)>	<MakeStatement>	<Fidesz>
<Boko_Haram>	<Threaten_with_military_force>	<Citizen_(Germany)>
<Cabinet_/_Council_of_Ministers_/_Advisors_(United_States)>	<MakeStatement>	<Iran>
