<Senate_(Dominican_Republic)>	<MakeStatement>	<Police_(Dominican_Republic)>
<Barack_Obama>	<Make_an_appeal_or_request>	<Citizen_(International)>
<Israeli_Defense_Forces>	<Use_conventional_military_force>	<Qatar>
<Arseniy_Yatsenyuk>	<MakeStatement>	<Head_of_Government_(Ukraine)>
<Member_of_Parliament_(India)>	<MakeStatement>	<Head_of_Government_(India)>
<Catherine_Ashton>	<Consult>	<Cabinet_/_Council_of_Ministers_/_Advisors_(United_States)>
<Employee_(Sudan)>	<MakeStatement>	<Sudan>
<Maxon_Mbendera>	<MakeStatement>	<Party_Member_(Malawi)>
<China_Development_Bank>	<MakeStatement>	<Social_Democratic_Union>
<John_Odigie-Oyegun>	<MakeStatement>	<Presidential_Candidate_(Nigeria)>
<William_Kabogo>	<MakeStatement>	<Government_(Kenya)>
<Lawyer/Attorney_(United_States)>	<MakeStatement>	<Police_(Jordan)>
<Police_(Sudan)>	<Arrest_detain_or_charge_with_legal_action>	<Student_(Sudan)>
<Military_(Lebanon)>	<MakeStatement>	<Armed_Gang_(Benin)>
<Vietnam>	<Express_intent_to_engage_in_diplomatic_cooperation_(such_as_policy_support)>	<Canada>
<Citizen_(India)>	<Use_unconventional_violence>	<Military_Personnel_(India)>
<Government_(Nigeria)>	<MakeStatement>	<Medical_Personnel_(Nigeria)>
<Court_Judge_(India)>	<Demand>	<Citizen_(India)>
<Geng_Yansheng>	<MakeStatement>	<Defense_/_Security_Ministry_(China)>
<Mevlut_Cavusoglu>	<Express_intent_to_meet_or_negotiate>	<Efkan_Ala>
<Sergey_Viktorovich_Lavrov>	<MakeStatement>	<ITAR_TASS>
<Media_(Azerbaijan)>	<MakeStatement>	<Industrial_/_Textiles_/_Mining_Ministry_(Azerbaijan)>
<Armed_Band_(Syrian_Kurds)>	<Use_unconventional_violence>	<Combatant_(Islamic_State_of_Iraq_and_the_Levant)>
<Uhuru_Muigai_Kenyatta>	<MakeStatement>	<William_Ruto>
<Barack_Obama>	<Engage_in_symbolic_act>	<Military_(Vietnam)>
<Businessperson_(United_Kingdom)>	<Consult>	<High_Commission_(United_Kingdom)>
<Legislature_(Iraq)>	<Reject>	<Party_Member_(Iraq)>
<Prayuth_Chan-ocha>	<Make_an_appeal_or_request>	<Citizen_(Thailand)>
<Mohammad_Javad_Zarif>	<MakeStatement>	<Iran>
<Iraq>	<Engage_in_negotiation>	<Iran>
<Sierra_Leone>	<Host_a_visit>	<China>
<Media_(Lebanon)>	<MakeStatement>	<Military_(Lebanon)>
<James_Ongwae>	<MakeStatement>	<Kisii>
<France>	<Express_intent_to_cooperate>	<Philippines>
<Lawyer/Attorney_(Indonesia)>	<MakeStatement>	<City_Mayor_(Indonesia)>
<Health_Ministry_(Nigeria)>	<Consult>	<Medical_Association_(Nigeria)>
<Barack_Obama>	<MakeStatement>	<North_Atlantic_Treaty_Organization>
<Other_Authorities_/_Officials_(Zimbabwe)>	<MakeStatement>	<Simon_Khaya_Moyo>
<Foreign_Affairs_(South_Africa)>	<MakeStatement>	<Salvador_Sánchez_Cerén>
<Federica_Mogherini>	<MakeStatement>	<Foreign_Affairs_(Russia)>
<Court_Judge_(India)>	<Reject>	<Men_(India)>
<Alexis_Tsipras>	<MakeStatement>	<France>
<Citizen_(Kenya)>	<Criticize_or_denounce>	<Governor_(Kenya)>
<François_Hollande>	<MakeStatement>	<Boko_Haram>
<Daily_Trust>	<MakeStatement>	<Government_(Bahamas)>
<Combatant_(Yemen)>	<MakeStatement>	<Thief_(India)>
<Austria_Press_Agency>	<MakeStatement>	<Rupiah_Banda>
<Congress_(Brazil)>	<MakeStatement>	<Ministry_(Brazil)>
<Alpha_Condé>	<Consult>	<Ministry_(France)>
<Pope_Francis>	<MakeStatement>	<South_Korea>
<Lawyer/Attorney_(Senegal)>	<MakeStatement>	<Police_(Senegal)>
<Military_Personnel_(Bahrain)>	<Consult>	<Governor_(Bahrain)>
<Dmitry_Anatolyevich_Medvedev>	<MakeStatement>	<Arseniy_Yatsenyuk>
<Kashim_Shettima>	<MakeStatement>	<Indigenous_People_(Nigeria)>
<United_Arab_Emirates>	<Host_a_visit>	<Jean-Yves_Le_Drian>
<Chief_of_Staff_(Ukraine)>	<MakeStatement>	<Other_Authorities_/_Officials_(Switzerland)>
<Men_(India)>	<MakeStatement>	<South_Sudan>
<Sebastian_Kurz>	<Express_intent_to_meet_or_negotiate>	<Elmar_Mammadyarov>
<Vincent_Cable>	<MakeStatement>	<Party_Member_(United_Kingdom)>
<Massoud_Barzani>	<Host_a_visit>	<John_Baird>
<Xi_Jinping>	<Make_an_appeal_or_request>	<Japan>
<Union_des_Forces_Démocratiques_de_Guinée>	<MakeStatement>	<Armed_Gang_(Afghanistan)>
<Mzukisi_Fatyela>	<MakeStatement>	<Police_(South_Africa)>
<Maldives>	<Host_a_visit>	<Xi_Jinping>
<Romania>	<MakeStatement>	<Austria_Press_Agency>
<Media_(Azerbaijan)>	<MakeStatement>	<Armed_Forces_of_the_Republic_of_Armenia>
<Armed_Band_(Afghanistan)>	<Use_unconventional_violence>	<North_Atlantic_Treaty_Organization>
<Police_(South_Africa)>	<Bring_lawsuit_against>	<Defense_/_Security_Ministry_(South_Africa)>
<Ma_Ying_Jeou>	<MakeStatement>	<China>
<Member_of_Legislative_(Govt)_(Turkmenistan)>	<MakeStatement>	<Armed_Gang_(Benin)>
<Dmitriy_Kiselev>	<MakeStatement>	<Andrei_Stenin>
<Joseph_Ole_Nkaissery>	<MakeStatement>	<Uhuru>
<Tajikistan>	<Host_a_visit>	<Xi_Jinping>
<Military_Personnel_(Libya)>	<MakeStatement>	<Armed_Gang_(Libya)>
<Congress_(Nigeria)>	<Express_intent_to_meet_or_negotiate>	<Citizen_(Nigeria)>
<Government_(Nigeria)>	<MakeStatement>	<Court_Judge_(Nigeria)>
<Criminal_(Argentina)>	<MakeStatement>	<Lawyer/Attorney_(Argentina)>
<Mohammad_Javad_Zarif>	<Consult>	<Julie_Bishop>
<Director_General_(Philippines)>	<MakeStatement>	<Justice_Department/Ministery_(Philippines)>
<Other_Authorities_/_Officials_(Libya)>	<MakeStatement>	<Military_Personnel_(Libya)>
<Lulzim_Basha>	<MakeStatement>	<People_Associated_with_the_Opposition_(Albania)>
<Treasury/Finance_Ministry_(Greece)>	<MakeStatement>	<Other_Authorities_/_Officials_(Greece)>
<Peter_Lerner>	<MakeStatement>	<Israeli_Defense_Forces>
<John_Walker>	<MakeStatement>	<Dzhokhar_Tsarnaev>
<Evangelos_Venizelos>	<MakeStatement>	<North_Atlantic_Treaty_Organization>
<Lawmaker_(Iraq)>	<Make_an_appeal_or_request>	<Haider_Al-Abadi>
<Uhuru>	<MakeStatement>	<National_Youth_Service>
<Martin_Lidegaard>	<Express_intent_to_meet_or_negotiate>	<Mohammad_Javad_Zarif>
<Royal_Administration_(Nigeria)>	<MakeStatement>	<John_Kerry>
<Sergey_Viktorovich_Lavrov>	<Criticize_or_denounce>	<North_Atlantic_Treaty_Organization>
<Government_(Nigeria)>	<MakeStatement>	<Education_(Nigeria)>
<Chibuike_Rotimi_Amaechi>	<MakeStatement>	<Military_Personnel_(Mali)>
<Police_(Australia)>	<MakeStatement>	<Sue-Ellen_Kovack>
<William_Ruto>	<MakeStatement>	<Government_(Kenya)>
<Juan_Carlos_Eguren>	<MakeStatement>	<Nadine_Heredia>
<Harsimrat_Kaur_Badal>	<MakeStatement>	<Sikh_(India)>
<Kundy_Pahiama>	<MakeStatement>	<Angola>
<Police_(Yemen)>	<MakeStatement>	<Armed_Rebel_(Yemen)>
<Shiv_Sena>	<Sign_formal_agreement>	<Amit_Shah>
<Tarcisio_Bertone>	<MakeStatement>	<Bank_(Holy_See_(Vatican_City_State))>
<Police_(Australia)>	<Express_intent_to_engage_in_diplomatic_cooperation_(such_as_policy_support)>	<Armed_Separatist_(China)>
<Sean_Edwards>	<MakeStatement>	<Armed_Gang_(United_States)>
<Daniel_Constantin>	<MakeStatement>	<Member_of_Parliament_(Romania)>
<Chief_of_Staff_(Ukraine)>	<Consult>	<Foreign_Affairs_(Ukraine)>
<Malaysia>	<Arrest_detain_or_charge_with_legal_action>	<Citizen_(Australia)>
<North_Atlantic_Treaty_Organization>	<Engage_in_diplomatic_cooperation>	<Serbia>
<China>	<Consult>	<Barack_Obama>
<Armed_Gang_(Russia)>	<MakeStatement>	<Media_Personnel_(United_States)>
<African_Union>	<MakeStatement>	<Lawyer/Attorney_(Colombia)>
<Mohammad_Javad_Zarif>	<MakeStatement>	<Cabinet_/_Council_of_Ministers_/_Advisors_(United_States)>
<Lawyer/Attorney_(United_States)>	<Arrest_detain_or_charge_with_legal_action>	<Mexico>
<China>	<Meet_at_a_'third'_location>	<France>
<Sergey_Viktorovich_Lavrov>	<MakeStatement>	<Foreign_Affairs_(Russia)>
<Toru_Hashimoto>	<MakeStatement>	<Japan>
<Kgalema_Petrus_Motlanthe>	<MakeStatement>	<Government_(South_Africa)>
<Sudan>	<Praise_or_endorse>	<Citizen_(Mali)>
<Noppadon_Pattama>	<MakeStatement>	<Thaksin_Shinawatra>
<Police_(Hong_Kong)>	<MakeStatement>	<Protester_(Hong_Kong)>
<Militant_(Somalia)>	<Use_unconventional_violence>	<Al-Shabaab>
<Cabinet_/_Council_of_Ministers_/_Advisors_(United_States)>	<Make_a_visit>	<Middle_East>
<Governor_(Kenya)>	<Accuse>	<William_Ruto>
<Obaid_Humaid_Al_Tayer>	<MakeStatement>	<United_Arab_Emirates>
<Citizen_(Yemen)>	<Use_unconventional_violence>	<Armed_Rebel_(Yemen)>
<Citizen_(Yemen)>	<MakeStatement>	<Volvo>
<Air_Force_(Syria)>	<Use_conventional_military_force>	<Terrorist_(Islamic_State_of_Iraq_and_the_Levant)>
<Head_of_Government_(Nigeria)>	<MakeStatement>	<Ministry_(Nigeria)>
<Mark_James_Mwandosya>	<MakeStatement>	<Jakaya_Mrisho_Kikwete>
<Barack_Obama>	<MakeStatement>	<South_Korea>
<National_Reform_Movement>	<Make_an_appeal_or_request>	<Party_Member_(Yemen)>
<Chief_of_Staff_(Vietnam)>	<MakeStatement>	<Vietnam>
<Madagascar>	<MakeStatement>	<Nestor_Kirchner>
<Joseph_Ole_Lenku>	<MakeStatement>	<Burundi>
<Citizen_(Unidentified_State_Actor)>	<MakeStatement>	<Government_(Nepal)>
<Alexander_Lukashevich>	<MakeStatement>	<Other_Authorities_/_Officials_(United_States)>
<China>	<Coerce>	<Uighur_(China)>
<Police_(Kosovo)>	<Investigate>	<Citizen_(Kosovo)>
<Member_of_the_Judiciary_(Nigeria)>	<Make_pessimistic_comment>	<Citizen_(Nigeria)>
<Barack_Obama>	<MakeStatement>	<Iran>
<Citizen_(Australia)>	<MakeStatement>	<Military_(China)>
<Police_(Rwanda)>	<MakeStatement>	<Cristina_Fernández_de_Kirchner>
<Emmanuel_Eweta_Uduaghan>	<Express_intent_to_cooperate>	<Nigerian_Bar_Association>
<Foreign_Affairs_(Russia)>	<MakeStatement>	<Armenia>
<Company_-_Owner_or_Operator_(Nigeria)>	<Arrest_detain_or_charge_with_legal_action>	<Criminal_(Boko_Haram)>
<Lawmaker_(Nicaragua)>	<MakeStatement>	<Daniel_Ortega>
<South_Africa>	<Express_intent_to_engage_in_diplomatic_cooperation_(such_as_policy_support)>	<China>
<Police_(Yemen)>	<MakeStatement>	<Military_Personnel_(Yemen)>
<Combatant_(Taliban)>	<MakeStatement>	<Head_of_Government_(Pakistan)>
<Criminal_(Venezuela)>	<MakeStatement>	<Government_(Nigeria)>
<Prayuth_Chan-ocha>	<MakeStatement>	<Insurgent_(Thailand)>
<Government_(Nigeria)>	<MakeStatement>	<Ethnic_Group_(Nigeria)>
<Military_(Lebanon)>	<Cooperate_militarily>	<Hezbollah>
<Criminal_(Bangladesh)>	<MakeStatement>	<Party_Member_(Iraq)>
<North_Atlantic_Treaty_Organization>	<MakeStatement>	<Military_(Russia)>
<Zsolt_Simon>	<MakeStatement>	<Ivan_Gasparovic>
<Vietnam>	<MakeStatement>	<Police_(Indonesia)>
<Ma_Ying_Jeou>	<MakeStatement>	<Foreign_Affairs_(United_States)>
<Akhilesh_Yadav>	<MakeStatement>	<Xi_Jinping>
<Hamad_bin_Ali_al-Attiyah>	<MakeStatement>	<Agence_France-Presse>
<Treasury/Finance_Ministry_(Azerbaijan)>	<Consider_policy_option>	<Iran>
<Barack_Obama>	<Express_intent_to_provide_military_aid>	<Armed_Rebel_(Syria)>
<Uhuru_Muigai_Kenyatta>	<MakeStatement>	<Domestic_Affairs_(Kenya)>
<Madagascar>	<Host_a_visit>	<Julie_Bishop>
<Vietnam>	<Praise_or_endorse>	<China>
<City_Mayor_(China)>	<MakeStatement>	<China>
<John_Kerry>	<MakeStatement>	<Iran>
<Iran>	<Engage_in_negotiation>	<Santos_Edelmar_Lopez>
<Kayode_Fayemi>	<Make_empathetic_comment>	<High_Ranking_Military_Personnel_(Nigeria)>
<China>	<MakeStatement>	<Afghanistan>
<Barack_Obama>	<MakeStatement>	<Head_of_Government_(Germany)>
<Loren_Legarda>	<MakeStatement>	<Philippines>
<North_Korea>	<Make_an_appeal_or_request>	<Japan>
<Helena_Valkova>	<MakeStatement>	<Lawyer/Attorney_(Czech_Republic)>
<Mevlut_Cavusoglu>	<Engage_in_negotiation>	<John_Kerry>
<Alexei_Pushkov>	<MakeStatement>	<Government_(United_States)>
<Party_Member_(Iraq)>	<MakeStatement>	<Iraq>
<Iraq>	<MakeStatement>	<National_Alliance_(Iraq)>
<Vietnam>	<MakeStatement>	<China>
<Lawyer/Attorney_(United_States)>	<MakeStatement>	<Barclays_PLC>
<Terry_McAuliffe>	<MakeStatement>	<Business_(Canada)>
<European_Parliament>	<MakeStatement>	<Armed_Gang_(Egypt)>
<Military_Personnel_(Bahrain)>	<MakeStatement>	<Joaquim_Barbosa>
<Japan>	<Ease_economic_sanctions_boycott_embargo>	<North_Korea>
<Citizen_(Nigeria)>	<Make_an_appeal_or_request>	<Public_Courts_(Nigeria)>
<Party_Member_(Iraq)>	<MakeStatement>	<National_Alliance_(Iraq)>
<Iraq>	<Host_a_visit>	<Cabinet_/_Council_of_Ministers_/_Advisors_(United_States)>
<Canada>	<Praise_or_endorse>	<Iraq>
<Kayode_Fayemi>	<MakeStatement>	<Nigerian_Bar_Association>
<Robert_M._Gates>	<MakeStatement>	<Head_of_Government_(Afghanistan)>
<Sierra_Leone>	<MakeStatement>	<Armed_Forces_of_the_Republic_of_Armenia>
<Police_(Namibia)>	<fight_with_small_arms_and_light_weapons>	<Citizen_(Namibia)>
<Denis_Napthine>	<MakeStatement>	<Police_(Senegal)>
<Government_(United_States)>	<Expel_or_deport_individuals>	<Citizen_(Bulgaria)>
<Legislature_(Iraq)>	<MakeStatement>	<Government_(Bahamas)>
<William_Ruto>	<Demand_diplomatic_cooperation_(such_as_policy_support)>	<Kamba>
<John_Kerry>	<MakeStatement>	<Foreign_Affairs_(Honduras)>
<Olisa_Agbakoba>	<MakeStatement>	<Government_(Nigeria)>
<Robert_Menendez>	<MakeStatement>	<Opposition_Supporter_(Venezuela)>
<Julia_Gillard>	<Accuse>	<Citizen_(Australia)>
<Extremist_(Syria)>	<MakeStatement>	<Police_(Greece)>
<Representatives_(France)>	<Consult>	<Stephane_Le_Foll>
<Police_(Hong_Kong)>	<Use_tactics_of_violent_repression>	<Protester_(Hong_Kong)>
<Barack_Obama>	<MakeStatement>	<Combatant_(Islamic_State_of_Iraq_and_the_Levant)>
<Emmanuel_Eweta_Uduaghan>	<MakeStatement>	<Government_(Nigeria)>
<Defense_/_Security_Ministry_(Nigeria)>	<MakeStatement>	<Militant_(Boko_Haram)>
<Michael_Fahy>	<MakeStatement>	<Canada>
<Citizen_(Australia)>	<Physically_assault>	<Police_(Australia)>
<City_Manager_(United_States)>	<MakeStatement>	<Mauritius>
<China>	<Express_intent_to_meet_or_negotiate>	<Japan>
<Jean-Yves_Le_Drian>	<MakeStatement>	<France>
<Federica_Mogherini>	<MakeStatement>	<Algirdas_Butkevičius>
<Military_(Mexico)>	<Use_conventional_military_force>	<Mexico>
<Abdel_Fattah_Al-Sisi>	<MakeStatement>	<Media_(Africa)>
<International_Government_Organizations>	<Accuse>	<Israeli_Defense_Forces>
<Citizen_(Kenya)>	<Criticize_or_denounce>	<Uhuru>
<Information_/_Communication_/_Transparency_Ministry_(Singapore)>	<MakeStatement>	<Foreign_Affairs_(United_States)>
<Gjorge_Ivanov>	<MakeStatement>	<Political_Parties_(Fiji)>
<Head_of_Government_(Croatia)>	<MakeStatement>	<Veterans_(Croatia)>
<Haider_Al-Abadi>	<MakeStatement>	<Iraq>
<China>	<Provide_military_aid>	<South_Sudan>
<Armed_Band_(Syria)>	<MakeStatement>	<Pervez_Musharraf>
<Pope_Francis>	<Reject>	<Paraguay>
<Chulalongkorn_University>	<MakeStatement>	<Prayuth_Chan-ocha>
<Emal_Faizi>	<MakeStatement>	<Ministry_(Afghanistan)>
<International_Court_of_Justice>	<MakeStatement>	<Education_(Nigeria)>
<Christine_Milne>	<MakeStatement>	<Australia_Greens>
<Hezbollah>	<MakeStatement>	<Armed_Rebel_(Syria)>
<Police_(Egypt)>	<MakeStatement>	<Agence_France-Presse>
<Military_Personnel_(Libya)>	<MakeStatement>	<Legislature_(Libya)>
<Haider_Al-Abadi>	<MakeStatement>	<National_Alliance_(Iraq)>
<Lawyer/Attorney_(United_States)>	<MakeStatement>	<Dzhokhar_Tsarnaev>
<Criminal_(Venezuela)>	<Abduct_hijack_or_take_hostage>	<Citizen_(Venezuela)>
<Terrorist_(Islamic_State_of_Iraq_and_the_Levant)>	<Use_unconventional_violence>	<Citizen_(Australia)>
<Islamic_Militant_(Syria)>	<Abduct_hijack_or_take_hostage>	<Media_Personnel_(United_States)>
<Police_(South_Africa)>	<Express_intent_to_release_persons_or_property>	<Ministry_(South_Africa)>
<Media_Personnel_(United_States)>	<MakeStatement>	<UN_Security_Council>
<Medical_Personnel_(Nigeria)>	<MakeStatement>	<Government_(Nigeria)>
<Chuck_Hagel>	<Express_intent_to_cooperate>	<Akinori_Eto>
<Angela_Merkel>	<MakeStatement>	<Madeleine_Albright>
<Maxon_Mbendera>	<MakeStatement>	<Malawi>
<Lin_Chia-lung>	<MakeStatement>	<Jason_C._Hu>
<Hezbollah>	<Praise_or_endorse>	<Military_(Lebanon)>
<Citizen_(Greece)>	<MakeStatement>	<Business_(Canada)>
<Mohammad_Javad_Zarif>	<MakeStatement>	<Iraq>
<Gen_Prayut_Chan-o-cha>	<Make_an_appeal_or_request>	<Citizen_(Thailand)>
<High_Ranking_Military_Personnel_(Nigeria)>	<MakeStatement>	<Government_(Nigeria)>
<Jaber_Mubarak_Al-Sabah>	<MakeStatement>	<Kuwait>
<Media_(Africa)>	<Consult>	<Citizen_(Sudan)>
<China>	<Make_an_appeal_or_request>	<Malaysia>
<Alex_Salmond>	<Accuse>	<Citizen_(United_Kingdom)>
<Ishaq_Dar>	<Reject>	<Imran_Khan>
<Citizen_(Nigeria)>	<Accuse>	<Government_(Nigeria)>
<Governor_(India)>	<MakeStatement>	<Education_Ministry_(France)>
<Representatives_(Tanzania)>	<Consult>	<Jakaya_Mrisho_Kikwete>
<John_Kerry>	<Make_a_visit>	<Iraq>
<Criminal_(Mexico)>	<fight_with_small_arms_and_light_weapons>	<Military_(Mexico)>
<Leopoldo_Dominico_Petilla>	<MakeStatement>	<Philippines>
<Arseniy_Yatsenyuk>	<MakeStatement>	<Ukrinform>
<Martin_Lidegaard>	<MakeStatement>	<New_Democracy>
<Iraq>	<MakeStatement>	<Nuri_al-Maliki>
<Protester_(Hong_Kong)>	<Protest_violently_riot>	<Police_(Hong_Kong)>
<Zoran_Zaev>	<MakeStatement>	<Social_Democratic_Union>
<John_Baird>	<MakeStatement>	<Canada>
<Governor_(Democratic_Republic_of_Congo)>	<MakeStatement>	<Cobra_Matata>
<John_Hamre>	<Consult>	<Daniel_Mitov>
<Alexis_Tsipras>	<Consult>	<New_Democracy>
<Joseph_Ole_Lenku>	<MakeStatement>	<Government_(Kenya)>
<City_Mayor_(Somalia)>	<MakeStatement>	<Somali_National_Army>
<Medical_Personnel_(Zimbabwe)>	<MakeStatement>	<Ministry_(Zimbabwe)>
<Isaac_Kiprono_Ruto>	<MakeStatement>	<Government_(Kenya)>
<Citizen_(Unidentified_State_Actor)>	<Accuse>	<North_Korea>
<Xi_Jinping>	<MakeStatement>	<China>
<Amnesty_International>	<MakeStatement>	<Scientist_(Tajikistan)>
<Media_(Russia)>	<MakeStatement>	<Education_(Russia)>
<Population_(Angola)>	<MakeStatement>	<Government_(Angola)>
<George_Solo>	<MakeStatement>	<Ministry_(Liberia)>
<France>	<MakeStatement>	<Boko_Haram>
<Bureaucrat_(India)>	<MakeStatement>	<Government_(United_States)>
<Military_(Lebanon)>	<MakeStatement>	<Armed_Band_(Lebanon)>
<Military_(Mexico)>	<fight_with_small_arms_and_light_weapons>	<Criminal_(Mexico)>
<Gabor_Vona>	<MakeStatement>	<Fidesz>
<Government_(Oman)>	<MakeStatement>	<Iran>
<Militant_(Iraq)>	<Retreat_or_surrender_militarily>	<Iraq>
<International_Government_Organizations>	<MakeStatement>	<Ukrinform>
<Tehrik-i-Taliban_Pakistan>	<Abduct_hijack_or_take_hostage>	<Head_of_Government_(Pakistan)>
<Kim_Jong-Un>	<MakeStatement>	<North_Korea>
<Head_of_Government_(Nigeria)>	<MakeStatement>	<Fula_people>
<Peter_Lerner>	<MakeStatement>	<Iran>
<North_Ossetia-Alania>	<MakeStatement>	<Iran>
<Foreign_Affairs_(Russia)>	<MakeStatement>	<Daily_Monitor>
<Company_-_Owner_or_Operator_(Tonga)>	<MakeStatement>	<Business_(Tonga)>
<Citizen_(Nigeria)>	<Make_an_appeal_or_request>	<Nigerian_Bar_Association>
<Election_Commission_(Turkey)>	<MakeStatement>	<Party_Member_(Turkey)>
<Sirichan_Ngathong>	<MakeStatement>	<Military_(Thailand)>
<Head_of_Government_(Cuba)>	<Consult>	<Nguyen_Phu_Trong>
<Medical_Personnel_(Nigeria)>	<MakeStatement>	<Government_(United_States)>
<Justin_Trudeau>	<MakeStatement>	<Liberals_(Canada)>
<Raul_Hernandez>	<MakeStatement>	<Philippines>
<John_Baird>	<MakeStatement>	<Armed_Rebel_(Ukraine)>
<Ahmad_Zia_Abdulzai>	<MakeStatement>	<Kidnapper_(Afghanistan)>
<Party_Member_(Iraq)>	<Consult>	<John_Kerry>
<Lawmaker_(Ukraine)>	<Consult>	<Verkhovna_Rada>
<Head_of_Government_(China)>	<Make_a_visit>	<Serbia>
<Bhupinder_Singh_Hooda>	<Make_pessimistic_comment>	<Citizen_(India)>
<Nabil_Abu-Rudaynah>	<MakeStatement>	<Head_of_Government_(Egypt)>
<Lawmaker_(Ukraine)>	<MakeStatement>	<Hubert_Alexander_Ingraham>
<Cabinet_/_Council_of_Ministers_/_Advisors_(United_States)>	<Praise_or_endorse>	<Fiji>
<China>	<Consult>	<South_Korea>
<Fiona_Woolf>	<MakeStatement>	<Business_(Tonga)>
<Ministry_(Sudan)>	<Sign_formal_agreement>	<Treasury/Finance_Ministry_(Sudan)>
<North_Korea>	<Accuse>	<Citizen_(South_Korea)>
<Associated_Press>	<MakeStatement>	<Armed_Gang_(Egypt)>
<Ma_Xiaoguang>	<MakeStatement>	<China>
<National_Reform_Movement>	<MakeStatement>	<National_Liberation_Army>
<Labor_Union_(Canada)>	<Investigate>	<Women_(Canada)>
<Sheikh_Hasina_Wajed>	<Make_an_appeal_or_request>	<Citizen_(International)>
<Rosoboronexport>	<MakeStatement>	<Afghanistan>
<Mamnoon_Hussain>	<Make_a_visit>	<Afghanistan>
<Foreign_Affairs_(Russia)>	<MakeStatement>	<Foreign_Affairs_(Syria)>
<Labor_and_Employment_Ministry_(Nigeria)>	<MakeStatement>	<Labor_Union_(Nigeria)>
<Malaysian_People's_Party>	<MakeStatement>	<Naval_(China)>
<Cameroon>	<Arrest_detain_or_charge_with_legal_action>	<Democratic_Union_of_Cameroon>
<Abdel_Fattah_Al-Sisi>	<Consult>	<Henry_Kissinger>
<Bahrain>	<MakeStatement>	<Republican_People's_Party>
<Xi_Jinping>	<MakeStatement>	<Henry_M._Paulson>
<Police_(Namibia)>	<MakeStatement>	<Business_(New_Zealand)>
<Chuck_Hagel>	<MakeStatement>	<Iran>
<Barack_Obama>	<MakeStatement>	<Japan>
<Ministry_(Egypt)>	<MakeStatement>	<Western_Sahara>
<Pope_Francis>	<Make_a_visit>	<Philippines>
<Royal_Administration_(Spain)>	<MakeStatement>	<Farm_Worker_(Nigeria)>
<Attorney_General_(Argentina)>	<MakeStatement>	<Lawyer/Attorney_(Argentina)>
<Børge_Brende>	<MakeStatement>	<Ethnic_Group_(India)>
<Foreign_Affairs_(Russia)>	<MakeStatement>	<Defense_/_Security_Ministry_(Malaysia)>
<Benjamin_Netanyahu>	<Praise_or_endorse>	<Barack_Obama>
<Fiona_Woolf>	<Consult>	<Uhuru_Muigai_Kenyatta>
<Iran>	<Express_intent_to_engage_in_diplomatic_cooperation_(such_as_policy_support)>	<Afghanistan>
<Head_of_Government_(India)>	<Criticize_or_denounce>	<Member_of_Parliament_(India)>
<Augustine_Alegeh>	<MakeStatement>	<Okey_Wali>
<Angela_Merkel>	<Praise_or_endorse>	<Government_(France)>
<Police_(Ukraine)>	<Arrest_detain_or_charge_with_legal_action>	<Murderer_(Ukraine)>
<Information_/_Communication_/_Transparency_Ministry_(Singapore)>	<MakeStatement>	<Malaysia>
<Likud>	<Criticize_or_denounce>	<Police_(Israel)>
<Carlo_Calenda>	<MakeStatement>	<Bernd_Lange>
<Barack_Obama>	<Consult>	<Abdullah_Abdullah>
<Armed_Gang_(Fula_people)>	<MakeStatement>	<AvtoVAZ>
<Head_of_Government_(China)>	<MakeStatement>	<Japan>
<Derek_Andre_Hanekom>	<MakeStatement>	<South_Africa>
<Communist_Party_of_India>	<MakeStatement>	<Ethnic_Group_(India)>
<Iraq>	<MakeStatement>	<Militant_(Iraq)>
<Army_Personnel_(Philippines)>	<MakeStatement>	<Philippines>
<Alexis_Tsipras>	<MakeStatement>	<Evangelos_Venizelos>
<Citizen_(Nigeria)>	<Demand>	<Government_(Nigeria)>
<Jack_Straw>	<Make_an_appeal_or_request>	<Iran>
<Mikhail_Yefimovich_Fradkov>	<MakeStatement>	<Villager_(Philippines)>
<Jagdish_Mukhi>	<MakeStatement>	<Head_of_Government_(India)>
<Kashim_Shettima>	<Make_a_visit>	<Sudan>
<Conservative_Party_(United_Kingdom)>	<MakeStatement>	<Martin_McGuinness>
<Lawyer/Attorney_(United_States)>	<MakeStatement>	<Canada>
<Canada>	<MakeStatement>	<Liberal_Party_(Canada)>
<Media_Personnel_(Uganda)>	<MakeStatement>	<Military_(Central_African_Republic)>
<John_Kerry>	<Consult>	<Party_Member_(Iraq)>
<Foreign_Affairs_(Argentina)>	<MakeStatement>	<Abu_Sayyaf>
<Employee_(Iraq)>	<Conduct_strike_or_boycott>	<Iraq>
<Cyprian_Awiti>	<MakeStatement>	<Government_(Kenya)>
<François_Rebsamen>	<MakeStatement>	<Government_(France)>
<Fire_Brigade_(Australia)>	<MakeStatement>	<Police_(Australia)>
<UN_Security_Council>	<Make_a_visit>	<Kazakhstan>
<Maldives>	<MakeStatement>	<Afghanistan>
<Citizen_(United_Kingdom)>	<MakeStatement>	<Member_of_Parliament_(Ukraine)>
<Amnesty_International>	<Make_an_appeal_or_request>	<Government_(Nigeria)>
<Police_(Greece)>	<Arrest_detain_or_charge_with_legal_action>	<Citizen_(Greece)>
<Viktor_Chirkov>	<MakeStatement>	<AvtoVAZ>
<South_Korea>	<Express_intent_to_settle_dispute>	<China>
<Treasury/Finance_Ministry_(Nigeria)>	<MakeStatement>	<Government_(Nigeria)>
<Ashraf_Ghani_Ahmadzai>	<Express_intent_to_engage_in_diplomatic_cooperation_(such_as_policy_support)>	<Abdullah_Abdullah>
<Human_Rights_Watch>	<MakeStatement>	<China>
<Ministry_(Sudan)>	<MakeStatement>	<Government_(Sudan)>
<Anglican_Communion_News_Service>	<Make_an_appeal_or_request>	<Citizen_(International)>
<North_Atlantic_Treaty_Organization>	<Threaten_with_military_force>	<Citizen_(United_Kingdom)>
<Justice_Department/Ministery_(Libya)>	<MakeStatement>	<Cabinet_/_Council_of_Ministers_/_Advisors_(Libya)>
<Member_of_Parliament_(Iraq)>	<MakeStatement>	<Iran>
<Medical_Association_(India)>	<MakeStatement>	<Oil_Tanker_(Bangladesh)>
<Court_Judge_(India)>	<MakeStatement>	<Medical_Personnel_(India)>
<Cristina_Fernández_de_Kirchner>	<MakeStatement>	<Government_(Argentina)>
<France>	<Criticize_or_denounce>	<Boko_Haram>
<Domestic_Affairs_(Panama)>	<MakeStatement>	<Government_(Panama)>
<John_Kerry>	<MakeStatement>	<Sergey_Viktorovich_Lavrov>
<Military_(Thailand)>	<MakeStatement>	<Head_of_Government_(Latvia)>
<Aam_Aadmi_Party>	<MakeStatement>	<Election_Commission_(India)>
<Dmitry_Anatolyevich_Medvedev>	<Demand>	<Representatives_(Russia)>
<Stephane_Le_Foll>	<MakeStatement>	<France>
<Media_(Azerbaijan)>	<MakeStatement>	<Iran>
<France>	<Consult>	<Canada>
<Guatemala>	<Express_intent_to_cooperate>	<Mexico>
<Head_of_Government_(Nigeria)>	<MakeStatement>	<Indigenous_People_(Nigeria)>
<Department_of_Transportation>	<MakeStatement>	<South_Korea>
<Government_Official_(Mali)>	<MakeStatement>	<Military_(Mali)>
<Dino_Bouterse>	<MakeStatement>	<Employee_(Iraq)>
<Robert_Pickersgill>	<MakeStatement>	<Government_(Jamaica)>
<Canada>	<MakeStatement>	<Justin_Trudeau>
<Haider_Al-Abadi>	<MakeStatement>	<Militant_(Iraq)>
<John_Kerry>	<MakeStatement>	<Iraq>
<Barack_Obama>	<Appeal_for_material_cooperation>	<Citizen_(International)>
<Head_of_Government_(India)>	<MakeStatement>	<Company_-_Owner_or_Operator_(India)>
<Foreign_Affairs_(Argentina)>	<Consult>	<Foreign_Affairs_(United_States)>
<International_Court_of_Justice>	<MakeStatement>	<Japan>
<Citizen_(India)>	<Criticize_or_denounce>	<Member_of_Parliament_(India)>
<Nestor_Kirchner>	<MakeStatement>	<Civic_Group_(Argentina)>
<Military_Personnel_(Angola)>	<MakeStatement>	<Governor_(Angola)>
<Abdullah_Abdullah>	<MakeStatement>	<John_Kerry>
<Ministry_(Tanzania)>	<Demand>	<Party_Member_(Tanzania)>
<François_Hollande>	<Consult>	<Haider_Al-Abadi>
<Sid_Ahmed_Ghozali>	<MakeStatement>	<Ethiopia>
<Federica_Mogherini>	<Discuss_by_telephone>	<Sergey_Viktorovich_Lavrov>
<Uhuru_Muigai_Kenyatta>	<MakeStatement>	<Government_(Kenya)>
<National_Directorate_of_Security>	<MakeStatement>	<Secret_Agent_(Afghanistan)>
<Malaysian_People's_Party>	<Make_optimistic_comment>	<National_Front_Malaysia>
<Police_(Guinea)>	<MakeStatement>	<Vytenis_Povilas_Andriukaitis>
<Ministry_of_Public_Security_(Canada)>	<MakeStatement>	<Business_(Canada)>
<Military_(Turkey)>	<Use_tactics_of_violent_repression>	<Citizen_(Turkey)>
<China>	<MakeStatement>	<Military_(China)>
<Head_of_Government_(India)>	<MakeStatement>	<Indigenous_People_(India)>
<Isaac_Kiprono_Ruto>	<MakeStatement>	<Uhuru_Muigai_Kenyatta>
<Citizen_(Germany)>	<MakeStatement>	<Member_of_Legislative_(Govt)_(Kenya)>
<UN_Security_Council>	<Impose_embargo_boycott_or_sanctions>	<North_Korea>
<Catherine_Ashton>	<MakeStatement>	<Iran>
<Alexander_Lukashevich>	<MakeStatement>	<Representatives_(Iraq)>
<Media_(Africa)>	<MakeStatement>	<Businessperson_(Kenya)>
<Evangelos_Venizelos>	<Consult>	<Dimitrios_Avramopoulos>
<Citizen_(Australia)>	<Demand>	<Member_of_Parliament_(Australia)>
<Military_(Lebanon)>	<Use_conventional_military_force>	<Terrorist_(Jabhat_al-Nusra)>
<Foreign_Affairs_(Singapore)>	<Make_a_visit>	<Andrej_Kiska>
<John_Kerry>	<MakeStatement>	<China>
<Benjamin_Netanyahu>	<MakeStatement>	<John_Kerry>
<Hanno_Pevkur>	<Consult>	<Taavi_Rõivas>
<Jacek_Rostowski>	<MakeStatement>	<European_Parliament>
<Prayuth_Chan-ocha>	<MakeStatement>	<Thailand>
<Hashmat_Stanikzai>	<MakeStatement>	<Military_Personnel_-_Special_(Afghanistan)>
<Prayuth_Chan-ocha>	<Make_a_visit>	<Malaysia>
<Akhilesh_Yadav>	<Engage_in_symbolic_act>	<Citizen_(India)>
<Robert_Cazanciuc>	<MakeStatement>	<Romania>
<Terrorist_(Islamic_State_of_Iraq_and_the_Levant)>	<MakeStatement>	<UN_Security_Council>
<Lawyer/Attorney_(Cambodia)>	<MakeStatement>	<Police_(Cambodia)>
<Senate_(Italy)>	<MakeStatement>	<Iran>
<Alex_Salmond>	<Make_an_appeal_or_request>	<Liberal_Democratic_Party_(United_Kingdom)>
<Sawarmi_Khaled_Saad>	<MakeStatement>	<Sudan>
<Local_Media_(Switzerland)>	<MakeStatement>	<Other_Authorities_/_Officials_(Switzerland)>
<China>	<Host_a_visit>	<Sadayuki_Sakakibara>
<Preneet_Kaur>	<MakeStatement>	<Aam_Aadmi_Party>
<Micky_Rosenfeld>	<MakeStatement>	<Police_(Israel)>
<Reserve_Personnel_(Ukraine)>	<MakeStatement>	<Military_(Russia)>
<France>	<MakeStatement>	<Guinea>
<Foreign_Affairs_(Senegal)>	<MakeStatement>	<Veterans_(Croatia)>
<Angela_Merkel>	<MakeStatement>	<Iran>
<Barack_Obama>	<MakeStatement>	<Hamas>
<Media_Personnel_(Japan)>	<MakeStatement>	<China>
<Military_Personnel_(Thailand)>	<MakeStatement>	<Thailand>
<Efkan_Ala>	<MakeStatement>	<Main_Opposition_(Turkey)>
<France>	<Employ_aerial_weapons>	<Militant_(Iraq)>
<Barack_Obama>	<MakeStatement>	<North_Korea>
<Royal_Administration_(Jordan)>	<MakeStatement>	<Iran>
<Levon_Ter-Petrosyan>	<MakeStatement>	<Gagik_Tsarukyan>
<Afghanistan>	<Discuss_by_telephone>	<Angela_Merkel>
<Communist_Party_of_India>	<MakeStatement>	<Ruling_Party_(India)>
<Ministry_(Thailand)>	<Investigate>	<Thailand>
<Edwin_Lacierda>	<MakeStatement>	<Moro_National_Liberation_Front>
<Jens_Weidmann>	<MakeStatement>	<France>
<Treasury/Finance_Ministry_(Lebanon)>	<MakeStatement>	<Armed_Band_(Afghanistan)>
<Daniel_Ortega>	<MakeStatement>	<Mexico>
<Angela_Merkel>	<MakeStatement>	<Malaysia>
<Werner_Faymann>	<MakeStatement>	<Defense_/_Security_Ministry_(Azerbaijan)>
<Ma_Ying_Jeou>	<Make_an_appeal_or_request>	<Other_Authorities_/_Officials_(Hong_Kong)>
<François_Hollande>	<Praise_or_endorse>	<Abdel_Fattah_Al-Sisi>
<Lawyer/Attorney_(United_States)>	<MakeStatement>	<Tamerlan_Tsarnaev>
<Uhuru_Muigai_Kenyatta>	<MakeStatement>	<Ethiopia>
<Femi_Falana>	<MakeStatement>	<Al_Arabiya>
<Phongthep_Thepkanjana>	<MakeStatement>	<Cabinet_/_Council_of_Ministers_/_Advisors_(Thailand)>
<Police_(Libya)>	<MakeStatement>	<Mustafa_Abu_Shagur>
<Head_of_Government_(Sweden)>	<MakeStatement>	<Government_(Sweden)>
<Businessperson_(Kenya)>	<Make_an_appeal_or_request>	<Kisii>
<Other_Authorities_/_Officials_(Chad)>	<Confiscate_property>	<Citizen_(Sudan)>
<Member_of_Parliament_(India)>	<MakeStatement>	<Medical_Personnel_(India)>
<Milliyet>	<MakeStatement>	<Lawyer/Attorney_(Turkey)>
<Foreign_Affairs_(Rwanda)>	<MakeStatement>	<UN_Security_Council>
<Femi_Falana>	<Make_an_appeal_or_request>	<Citizen_(Nigeria)>
<Valdis_Dombrovskis>	<MakeStatement>	<Head_of_Government_(Latvia)>
<Børge_Brende>	<Consult>	<Benjamin_Netanyahu>
<Bureaucrat_(India)>	<Impose_administrative_sanctions>	<Citizen_(India)>
<Customs_Official_(United_Arab_Emirates)>	<MakeStatement>	<Villager_(Philippines)>
<Military_(Philippines)>	<MakeStatement>	<Criminal_(Philippines)>
<Court_Judge_(India)>	<Express_intent_to_release_persons_or_property>	<Citizen_(India)>
<Devlet_Bahçeli>	<MakeStatement>	<Nationalist_Movement_Party>
<Japan>	<MakeStatement>	<China>
<Protester_(United_Kingdom)>	<MakeStatement>	<Indigenous_People_(United_Kingdom)>
<Arif_Alvi>	<Consult>	<Ishaq_Dar>
<Environment_Department/Ministry_(Kenya)>	<MakeStatement>	<Government_(Angola)>
<Canada>	<Make_an_appeal_or_request>	<Businessperson_(Canada)>
<Police_(Egypt)>	<Use_tactics_of_violent_repression>	<Education_(Egypt)>
<Admiral_(Iran)>	<MakeStatement>	<Fighter_Bomber_(Iran)>
<Citizen_(Australia)>	<Threaten_with_military_force>	<Police_(Australia)>
<Arseniy_Yatsenyuk>	<Make_an_appeal_or_request>	<Citizen_(International)>
<Treasury/Finance_Ministry_(Lebanon)>	<Engage_in_negotiation>	<Nabih_Berri>
<Other_Authorities_/_Officials_(Jamaica)>	<MakeStatement>	<Criminal_(Jamaica)>
<Justice_Department/Ministery_(Niger)>	<MakeStatement>	<Attacker_(Niger)>
<Sergey_Viktorovich_Lavrov>	<MakeStatement>	<John_Kerry>
<International_Court_of_Justice>	<MakeStatement>	<Police_(Rwanda)>
<Benjamin_Netanyahu>	<MakeStatement>	<Tzipi_Livni>
<Theo-Ben_Gurirab>	<Consult>	<Media_(Africa)>
<Other_Authorities_/_Officials_(South_Africa)>	<Impose_administrative_sanctions>	<South_Africa>
<Lawyer/Attorney_(United_States)>	<MakeStatement>	<Daniel_Barrera_Barrera>
<Government_(Nigeria)>	<MakeStatement>	<Boko_Haram>
<William_Lukuvi>	<MakeStatement>	<Tanzania>
<Police_(Sudan)>	<MakeStatement>	<Dmitry_Anatolyevich_Medvedev>
<Media_Personnel_(United_States)>	<MakeStatement>	<Chevron>
<Customs_Official_(United_Arab_Emirates)>	<Arrest_detain_or_charge_with_legal_action>	<Citizen_(United_Arab_Emirates)>
<China>	<MakeStatement>	<Myanmar>
<Lawyer/Attorney_(Kenya)>	<MakeStatement>	<Uhuru>
<Energy_Department/Ministry_(Philippines)>	<MakeStatement>	<Philippines>
<Boy_Rafli_Amar>	<MakeStatement>	<Police_(Indonesia)>
<Rauf_Aregbesola>	<Consult>	<Independent_Corrupt_Practices_Commission>
<Military_(South_Sudan)>	<MakeStatement>	<Imad_Mugniyah>
<China>	<Consult>	<Mehr_News_Agency>
<TDC>	<MakeStatement>	<Al_Jazeera>
<Islamic_Militant_(Syria)>	<MakeStatement>	<Military_Personnel_(Lebanon)>
<Najam_Sethi>	<MakeStatement>	<Raheel_Sharif>
<China>	<Consider_policy_option>	<Japan>
<Admiral_(Iran)>	<MakeStatement>	<Iran>
<Iran>	<Express_intent_to_provide_material_aid>	<Iraq>
<Lawyer/Attorney_(Philippines)>	<MakeStatement>	<City_Mayor_(Philippines)>
<Other_Authorities_/_Officials_(Bahrain)>	<Investigate>	<Defense_Attorney_(Bahrain)>
<Citizen_(India)>	<Demand_economic_aid>	<Shahid_Khan>
<Ashraf_Ghani_Ahmadzai>	<MakeStatement>	<Afghanistan>
<François_Hollande>	<MakeStatement>	<Government_(France)>
<Benjamin_Netanyahu>	<MakeStatement>	<Angela_Merkel>
<Barack_Obama>	<Threaten>	<Citizen_(International)>
<Abdel_Fattah_Al-Sisi>	<Make_a_visit>	<Cairo_University>
<Miroslav_Lajcak>	<Express_intent_to_meet_or_negotiate>	<Iran>
<France>	<MakeStatement>	<Barack_Obama>
<Chuck_Hagel>	<MakeStatement>	<Iraq>
<Police_(Malaysia)>	<Arrest_detain_or_charge_with_legal_action>	<Citizen_(Malaysia)>
<Alexis_Tsipras>	<MakeStatement>	<Police_(Greece)>
<Tharit_Pengdit>	<MakeStatement>	<Protester_(Thailand)>
<Media_(Morocco)>	<MakeStatement>	<Morocco>
<Foreign_Affairs_(Senegal)>	<Consult>	<Sergey_Viktorovich_Lavrov>
<Bala_Ngilari>	<MakeStatement>	<Member_of_the_Judiciary_(Nigeria)>
<Vytenis_Povilas_Andriukaitis>	<MakeStatement>	<Algirdas_Butkevičius>
<Yevhen_Perebyinis>	<MakeStatement>	<Secret_Agent_(Russia)>
<Police_(Rwanda)>	<Arrest_detain_or_charge_with_legal_action>	<Director_General_(Rwanda)>
<Criminal_(Pakistan)>	<MakeStatement>	<Other_Authorities_/_Officials_(Switzerland)>
<Soumeylou_Boubèye_Maiga>	<MakeStatement>	<Military_(Mali)>
<France>	<Host_a_visit>	<François_Hollande>
<Chris_Bowen>	<Make_optimistic_comment>	<Citizen_(Australia)>
<North_Korea>	<MakeStatement>	<South_Korea>
<Xi_Jinping>	<Consult>	<Communist_Party_(Russia)>
<Tony_Blair>	<MakeStatement>	<Armed_Gang_(Egypt)>
<Undersecretary_(Bahrain)>	<MakeStatement>	<Labor_and_Employment_Ministry_(Bahrain)>
<House_of_Representatives_(Russia)>	<MakeStatement>	<Holy_See>
<Barack_Obama>	<Consult>	<North_Atlantic_Treaty_Organization>
<Court_Judge_(Zambia)>	<Coerce>	<Men_(Zambia)>
<Tony_Blair>	<Consult>	<Head_of_Government_(Egypt)>
<Iran>	<MakeStatement>	<Morteza_Sarmadi>
<Undersecretary_(Kuwait)>	<MakeStatement>	<Kuwait>
<Iraq>	<Consult>	<François_Hollande>
<Armenia>	<MakeStatement>	<Cobra_Matata>
<Angela_Merkel>	<MakeStatement>	<Victoria_Nuland>
<Treasury/Finance_Ministry_(Greece)>	<Make_a_visit>	<France>
<Labor_Union_(South_Korea)>	<Criticize_or_denounce>	<Lawmaker_(South_Korea)>
<Police_(South_Africa)>	<MakeStatement>	<Romania>
<Sergey_Viktorovich_Lavrov>	<Discuss_by_telephone>	<Federica_Mogherini>
<Labor_Union_(South_Korea)>	<MakeStatement>	<Government_(Panama)>
<Citizen_(Uganda)>	<MakeStatement>	<Lawyer/Attorney_(Turkey)>
<Fire_Brigade_(China)>	<MakeStatement>	<China>
<Defense_/_Security_Ministry_(Nigeria)>	<MakeStatement>	<Government_(Nigeria)>
<Citizen_(United_Kingdom)>	<Make_an_appeal_or_request>	<Party_Member_(United_Kingdom)>
<Military_(Lebanon)>	<MakeStatement>	<Detainee_(Lebanon)>
<Citizen_(India)>	<Accuse>	<Military_Personnel_(India)>
<Pope_Francis>	<MakeStatement>	<Holy_See>
<Pakistan_Tehreek-e-Insaf>	<Express_intent_to_meet_or_negotiate>	<Government_(Pakistan)>
<Cabinet_/_Council_of_Ministers_/_Advisors_(United_States)>	<MakeStatement>	<Fumio_Kishida>
<Congress_(Nigeria)>	<MakeStatement>	<Morteza_Sarmadi>
<Planning_Commission_(Nigeria)>	<MakeStatement>	<Ministry_(Nigeria)>
<Head_of_Government_(Mauritania)>	<MakeStatement>	<Mauritania>
<Defense_/_Security_Ministry_(Ukraine)>	<MakeStatement>	<Militant_(Ukraine)>
<Meretz>	<MakeStatement>	<Tzipi_Livni>
<China>	<MakeStatement>	<Vietnam>
<Health_Ministry_(Nigeria)>	<Make_an_appeal_or_request>	<Citizen_(Nigeria)>
<Pakistan_Tehreek-e-Insaf>	<Grant_diplomatic_recognition>	<Legislature_(Pakistan)>
<Japan>	<Make_an_appeal_or_request>	<China>
<Other_Authorities_/_Officials_(Chad)>	<MakeStatement>	<Maldives>
<Arif_Alvi>	<MakeStatement>	<Pakistan_Tehreek-e-Insaf>
<Armed_Opposition_(India)>	<MakeStatement>	<Head_of_Government_(Nigeria)>
<Mahinda_Rajapaksa>	<Praise_or_endorse>	<Xi_Jinping>
<John_Kerry>	<MakeStatement>	<National_Coalition_for_Syrian_Revolutionary_and_Opposition_Forces>
<Royal_Administration_(Spain)>	<Consult>	<Barack_Obama>
<Amnesty_International>	<Criticize_or_denounce>	<National_Council_for_Peace_and_Order_of_Thailand>
<Protester_(Hong_Kong)>	<MakeStatement>	<China>
<Foreign_Affairs_(Romania)>	<MakeStatement>	<Romania>
<Iran>	<Host_a_visit>	<France>
<Iran>	<Arrest_detain_or_charge_with_legal_action>	<Indigenous_People_(Pakistan)>
<Air_Force_(Syria)>	<MakeStatement>	<Other_Authorities_/_Officials_(Russia)>
<Businessperson_(Kenya)>	<MakeStatement>	<Court_Judge_(Mexico)>
<Civic_Group_(Croatia)>	<MakeStatement>	<City_Mayor_(Croatia)>
<Majid_Takht_Ravanchi>	<MakeStatement>	<Iran>
<Chuck_Hagel>	<MakeStatement>	<Al_Arabiya>
<High_Ranking_Military_Personnel_(Pakistan)>	<MakeStatement>	<Militant_(Taliban)>
<United_Aircraft_Corporation>	<Impose_embargo_boycott_or_sanctions>	<Business_(Russia)>
<Mohammad_Javad_Zarif>	<Consult>	<John_Kerry>
<Iran>	<Express_intent_to_provide_material_aid>	<Hamas>
<South_Africa>	<MakeStatement>	<China>
<Vitaliy_Yarema>	<MakeStatement>	<Defense_/_Security_Ministry_(Ukraine)>
<Prayuth_Chan-ocha>	<MakeStatement>	<Military_(Thailand)>
<Police_(Hong_Kong)>	<Use_conventional_military_force>	<Student_(Hong_Kong)>
<Royal_Administration_(Spain)>	<Express_intent_to_meet_or_negotiate>	<Barack_Obama>
<Catherine_Ashton>	<Consult>	<Ministry_(Iran)>
<Businessperson_(United_Kingdom)>	<MakeStatement>	<Oil_Tanker_(Bangladesh)>
<Joachim_Gauck>	<MakeStatement>	<Labor_and_Employment_Ministry_(Bahrain)>
<Labor_Union_(Nigeria)>	<MakeStatement>	<Guerrilla_(Revolutionary_Armed_Forces_of_Colombia)>
<Other_Authorities_/_Officials_(South_Africa)>	<MakeStatement>	<City_Mayor_(Croatia)>
<Armed_Band_(Syria)>	<Use_unconventional_violence>	<Activist_(Syria)>
<Foreign_Affairs_(Russia)>	<MakeStatement>	<Iraq>
<Police_(Egypt)>	<MakeStatement>	<Armed_Gang_(Egypt)>
<Makame_Mbarawa>	<MakeStatement>	<Tanzania>
<Employee_(Iraq)>	<MakeStatement>	<Myanmar>
<Government_(United_States)>	<MakeStatement>	<Civic_Group_(Kenya)>
<Salvador_Sánchez_Cerén>	<MakeStatement>	<Guerrilla_(El_Salvador)>
<Miroslav_Lajcak>	<Make_a_visit>	<Iran>
<Sheikh_Hasina_Wajed>	<MakeStatement>	<Member_of_Parliament_(Bangladesh)>
<Dinh_Tien_Dung>	<MakeStatement>	<Ministry_(Vietnam)>
<Arseniy_Yatsenyuk>	<MakeStatement>	<Police_(Ukraine)>
<Ayatollah_Seyyed_Ahmad_Alamolhoda>	<MakeStatement>	<Iran>
<Main_Opposition_(Slovakia)>	<MakeStatement>	<Edgars_Rinkevics>
<Emperor_Akihito>	<Make_a_visit>	<Guatemala>
<Defense_/_Security_Ministry_(Ukraine)>	<MakeStatement>	<North_Atlantic_Treaty_Organization>
<Ministry_(Morocco)>	<MakeStatement>	<Morocco>
<Yamfwa_Mukanga>	<MakeStatement>	<Government_(United_States)>
<Sebastian_Ndeitunga>	<MakeStatement>	<Police_(Namibia)>
<Lawmaker_(Iraq)>	<MakeStatement>	<Kisii>
<Saud_bin_Faisal_bin_Abdul-Aziz>	<MakeStatement>	<Member_of_Parliament_(Ukraine)>
<Citizen_(Kenya)>	<MakeStatement>	<Volvo>
<Julius_Malema>	<MakeStatement>	<South_Africa>
<Barack_Obama>	<MakeStatement>	<Government_(Nigeria)>
<Gen_Prayut_Chan-o-cha>	<MakeStatement>	<Thailand>
<Ghadir_Investment_Company>	<Host_a_visit>	<Ayatollah_Seyyed_Ahmad_Alamolhoda>
<United_Aircraft_Corporation>	<MakeStatement>	<Member_of_Parliament_(Ukraine)>
<Labor_Union_(Canada)>	<MakeStatement>	<Police_(Rwanda)>
<Legislature_(Libya)>	<Praise_or_endorse>	<Cabinet_/_Council_of_Ministers_/_Advisors_(Libya)>
<Human_Rights_Watch>	<MakeStatement>	<Cambodia>
<Police_(Kosovo)>	<MakeStatement>	<Party_Member_(Kosovo)>
<Head_of_Government_(Ukraine)>	<Make_a_visit>	<North_America>
<Cabinet_/_Council_of_Ministers_/_Advisors_(United_States)>	<Meet_at_a_'third'_location>	<Abdel_Fattah_Al-Sisi>
<Abdullah_Abdullah>	<Threaten>	<Afghanistan>
<Citizen_(India)>	<MakeStatement>	<Education_(Nigeria)>
<Bishop_(Nigeria)>	<Demand>	<Government_(Nigeria)>
<Gazprom>	<MakeStatement>	<Interfax>
<Gjorge_Ivanov>	<Praise_or_endorse>	<Canada>
<High_Ranking_Military_Personnel_(Jordan)>	<MakeStatement>	<Police_(Jordan)>
<Bishop_(Nigeria)>	<MakeStatement>	<Uhuru_Muigai_Kenyatta>
<Chuck_Hagel>	<MakeStatement>	<Lawmaker_(Turkey)>
<Court_Judge_(Zambia)>	<MakeStatement>	<Chief_Court_Judge_(Zambia)>
<Dunya_Maumoon>	<MakeStatement>	<Maldives>
<Pier_Ferdinando_Casini>	<MakeStatement>	<Iran>
<UN_Security_Council>	<MakeStatement>	<Sudan>
<Serik_Akhmetov>	<MakeStatement>	<Cabinet_/_Council_of_Ministers_/_Advisors_(Kazakhstan)>
<Police_(Ukraine)>	<MakeStatement>	<Protester_(Ukraine)>
<Caitlin_Hayden>	<MakeStatement>	<Imad_Mugniyah>
<Cristina_Fernández_de_Kirchner>	<Praise_or_endorse>	<Legislature_(Argentina)>
<Police_(El_Salvador)>	<MakeStatement>	<Criminal_(El_Salvador)>
<Mamnoon_Hussain>	<MakeStatement>	<Media_(Pakistan)>
<Amnesty_International>	<MakeStatement>	<Media_Personnel_(Thailand)>
<Agriculture_/_Fishing_/_Forestry_Ministry_(Sudan)>	<MakeStatement>	<Sudan>
<Governor_(Angola)>	<MakeStatement>	<Angola>
<Daily_Trust>	<Discuss_by_telephone>	<Citizen_(Nigeria)>
<Romania>	<Make_a_visit>	<Iran>
<Foreign_Affairs_(Romania)>	<Make_pessimistic_comment>	<Romania>
<Government_(Nigeria)>	<MakeStatement>	<Fula_people>
<Thief_(India)>	<Physically_assault>	<Citizen_(India)>
<Cabinet_/_Council_of_Ministers_/_Advisors_(United_States)>	<Consult>	<Catherine_Ashton>
<Union_des_Forces_Démocratiques_de_Guinée>	<Make_a_visit>	<Canada>
<Criminal_(Bangladesh)>	<Kill_by_physical_assault>	<Citizen_(Bangladesh)>
<Representatives_(Tanzania)>	<MakeStatement>	<European_Parliament>
<Qassim_Atta>	<MakeStatement>	<Air_Force_(Iraq)>
<Toru_Hashimoto>	<MakeStatement>	<Newspaper_(Japan)>
<Media_(Nigeria)>	<Engage_in_symbolic_act>	<Citizen_(Nigeria)>
<Benjamin_Netanyahu>	<MakeStatement>	<Police_(Israel)>
<Archbishop_(Australia)>	<MakeStatement>	<Lawyer/Attorney_(Australia)>
<Mouloud_Hamrouche>	<MakeStatement>	<Civil_Guard>
<Bradesco>	<MakeStatement>	<Government_Affiliated_Bank_(Brazil)>
<Police_(Indonesia)>	<MakeStatement>	<New_Zealand>
<Barack_Obama>	<MakeStatement>	<Raúl_Castro>
<Head_of_Government_(Bahrain)>	<Praise_or_endorse>	<Governor_(Bahrain)>
<Susana_Villaran>	<MakeStatement>	<Business_(Peru)>
<Emal_Faizi>	<MakeStatement>	<Afghanistan>
<Malta>	<MakeStatement>	<Government_(Ecuador)>
<Pope_Francis>	<MakeStatement>	<Priest_(Holy_See_(Vatican_City_State))>
<Sergey_Viktorovich_Lavrov>	<Make_a_visit>	<Ethiopia>
<Bhupinder_Singh_Hooda>	<MakeStatement>	<Police_(Hong_Kong)>
<Lawyer/Attorney_(Sierra_Leone)>	<MakeStatement>	<Member_of_the_Judiciary_(Sierra_Leone)>
<Abdullah_Abdullah>	<MakeStatement>	<Afghanistan>
<High_Ranking_Military_Personnel_(Pakistan)>	<MakeStatement>	<Criminal_(Pakistan)>
<Dmitry_Anatolyevich_Medvedev>	<Express_intent_to_meet_or_negotiate>	<Other_Authorities_/_Officials_(Russia)>
<Thailand>	<MakeStatement>	<Cambodia>
<Geng_Yansheng>	<MakeStatement>	<Japan>
<Angus_Houston>	<MakeStatement>	<Associated_Press>
<South_Korea>	<Express_intent_to_meet_or_negotiate>	<China>
<Alexander_Lukashevich>	<MakeStatement>	<Canada>
<Isaac_Kiprono_Ruto>	<MakeStatement>	<Member_of_Legislative_(Govt)_(Kenya)>
<John_Kerry>	<MakeStatement>	<UN_Security_Council>
<Citizen_(India)>	<Criticize_or_denounce>	<Head_of_Government_(India)>
<UN_Security_Council>	<MakeStatement>	<Government_(Syria)>
<South_Korea>	<Consult>	<Japan>
<Criminal_(Mexico)>	<MakeStatement>	<Social_Democratic_Party_(Lithuania)>
<Kuwait>	<MakeStatement>	<Pavel_Gubarev>
<Treasury/Finance_Ministry_(Nigeria)>	<MakeStatement>	<Boko_Haram>
<Massoud_Barzani>	<MakeStatement>	<Iraq>
<Xi_Jinping>	<Express_intent_to_engage_in_diplomatic_cooperation_(such_as_policy_support)>	<Maldives>
<Militant_(Iraq)>	<MakeStatement>	<Military_Personnel_-_Special_(Nigeria)>
<Police_(Kenya)>	<MakeStatement>	<Immigrants_(Ethiopia)>
<North_Korea>	<Meet_at_a_'third'_location>	<Japan>
<Benjamin_Netanyahu>	<MakeStatement>	<Israeli_Defense_Forces>
<Mohammad_Javad_Zarif>	<MakeStatement>	<Afghanistan>
<Nguyen_Phu_Trong>	<Appeal_for_diplomatic_cooperation_(such_as_policy_support)>	<Vietnam>
<Human_Rights_Watch>	<MakeStatement>	<Lawyer/Attorney_(Australia)>
<Head_of_Government_(Afghanistan)>	<Make_a_visit>	<Tajikistan>
<Health_Ministry_(Nigeria)>	<MakeStatement>	<Ministry_(Nigeria)>
<Government_(Croatia)>	<MakeStatement>	<Ministry_(Croatia)>
<City_Mayor_(South_Africa)>	<MakeStatement>	<Government_(South_Africa)>
<Aggrey_Tisa_Sabuni>	<MakeStatement>	<Indigenous_People_(United_Kingdom)>
<Royal_Air_Force>	<MakeStatement>	<Attack_Craft_(United_Kingdom)>
<Abdel_Fattah_Al-Sisi>	<MakeStatement>	<Secretariat_(Egypt)>
<Citizen_(India)>	<Make_an_appeal_or_request>	<Governor_(India)>
<Tomislav_Nikolić>	<MakeStatement>	<European_Parliament>
<Vietnam>	<MakeStatement>	<Military_(Vietnam)>
<Abdullah_Abdullah>	<Sign_formal_agreement>	<Agence_France-Presse>
<Head_of_Government_(India)>	<Consult>	<Nguyen_Phu_Trong>
<Chris_Alexander>	<MakeStatement>	<Canada>
<Foreign_Affairs_(Russia)>	<MakeStatement>	<North_Atlantic_Treaty_Organization>
<David_Choquehuanca>	<MakeStatement>	<Bolivia>
<Military_(Thailand)>	<Consult>	<Military_(China)>
<Government_(Nigeria)>	<MakeStatement>	<Ogbeni_Rauf_Aregbesola>
<Prayuth_Chan-ocha>	<MakeStatement>	<National_Council_for_Peace_and_Order_of_Thailand>
<France>	<MakeStatement>	<South_Korea>
<Iran>	<MakeStatement>	<Edgars_Rinkevics>
<Israeli_Defense_Forces>	<MakeStatement>	<Iran>
<Ashraf_Ghani_Ahmadzai>	<Express_intent_to_cooperate>	<Abdullah_Abdullah>
<North_Atlantic_Treaty_Organization>	<Meet_at_a_'third'_location>	<Barack_Obama>
<Salah_al-Bardawil>	<MakeStatement>	<Government_(Palestinian_Territory_Occupied)>
<European_Parliament>	<Sign_formal_agreement>	<Verkhovna_Rada>
<Ri_Su_Yong>	<MakeStatement>	<Bhupinder_Singh_Hooda>
<Sadiq_al-Mahdi>	<MakeStatement>	<Government_(Sudan)>
<South_Korea>	<Consider_policy_option>	<Japan>
<North_Korea>	<MakeStatement>	<Japan>
<Afghanistan>	<MakeStatement>	<Armed_Band_(Afghanistan)>
<Ishaq_Dar>	<Consult>	<Shah_Mehmood_Qureshi>
<Head_of_Government_(India)>	<MakeStatement>	<Islamic_(India)>
<Nhial_Deng_Nhial>	<MakeStatement>	<Ethiopia>
<Ri_Su_Yong>	<Criticize_or_denounce>	<South_Korea>
<Cabinet_/_Council_of_Ministers_/_Advisors_(United_States)>	<Express_intent_to_meet_or_negotiate>	<Sergey_Viktorovich_Lavrov>
<Police_(Guinea)>	<Arrest_detain_or_charge_with_legal_action>	<Criminal_(Guinea)>
<Tamil_National_Alliance>	<Praise_or_endorse>	<Mahinda_Rajapaksa>
<Sudan>	<MakeStatement>	<Benazir_Bhutto>
<Majid_Takht_Ravanchi>	<Express_intent_to_meet_or_negotiate>	<Citizen_(Czech_Republic)>
<Ethiopia>	<Provide_military_protection_or_peacekeeping>	<South_Sudan>
<Military_Personnel_(Thailand)>	<MakeStatement>	<National_Council_for_Peace_and_Order_of_Thailand>
<Main_Opposition_(Slovakia)>	<Praise_or_endorse>	<Pavol_Hrusovský>
<China>	<Praise_or_endorse>	<Romania>
<Aam_Aadmi_Party>	<Make_an_appeal_or_request>	<Citizen_(India)>
<Bank_(Albania)>	<Make_an_appeal_or_request>	<Governor_(Albania)>
<Media_Personnel_(United_States)>	<MakeStatement>	<Police_(Jamaica)>
<Police_(Indonesia)>	<Investigate>	<Men_(Indonesia)>
<Foreign_Affairs_(Russia)>	<Host_a_visit>	<Foreign_Affairs_(United_States)>
<Media_Personnel_(Somalia)>	<MakeStatement>	<Al-Shabaab>
<Amnesty_International>	<Consult>	<Citizen_(Thailand)>
<Ministry_(Egypt)>	<Express_intent_to_meet_or_negotiate>	<John_Kerry>
<Police_(Cote_d'Ivoire)>	<MakeStatement>	<Ogbeni_Rauf_Aregbesola>
<Defense_/_Security_Ministry_(Malaysia)>	<MakeStatement>	<Ministry_(Malaysia)>
<South_Africa>	<Host_a_visit>	<Head_of_Government_(Lesotho)>
<Citizen_(India)>	<Criticize_or_denounce>	<Ruling_Party_(India)>
<Joao_Lourenco>	<Consult>	<Foreign_Affairs_(United_States)>
<Angela_Merkel>	<Praise_or_endorse>	<Head_of_Government_(Germany)>
<Maldives>	<Express_intent_to_meet_or_negotiate>	<Afghanistan>
<Chuck_Hagel>	<Express_intent_to_engage_in_diplomatic_cooperation_(such_as_policy_support)>	<Japan>
<Police_(Australia)>	<fight_with_small_arms_and_light_weapons>	<Criminal_(Australia)>
<Melissa_Fleming>	<MakeStatement>	<Asylum_Seeker_(Sudan)>
<Economic_Cooperation_Organization>	<Consult>	<Association_of_Southeast_Asian_Nations>
<Xi_Jinping>	<MakeStatement>	<Tanzania>
<Mohammad_Reza_Naqdi>	<MakeStatement>	<Iran>
<Media_Personnel_(United_States)>	<MakeStatement>	<AT&T>
<Chongwadai>	<MakeStatement>	<Government_(United_States)>
<Malaysia>	<Appeal_for_diplomatic_cooperation_(such_as_policy_support)>	<Citizen_(Malaysia)>
<Activist_(France)>	<MakeStatement>	<France>
<Philipp_Rösler>	<MakeStatement>	<Vietnam>
<Armed_Opposition_(India)>	<fight_with_small_arms_and_light_weapons>	<Company_-_Owner_or_Operator_(India)>
<Brownie_Samukai>	<MakeStatement>	<National_Council_for_Peace_and_Order_of_Thailand>
<Alexander_Lukashevich>	<MakeStatement>	<Sergey_Viktorovich_Lavrov>
<Iran>	<MakeStatement>	<Barack_Obama>
<Abdol-Reza_Mesri>	<MakeStatement>	<European_Parliament>
<Member_of_Legislative_(Govt)_(Turkmenistan)>	<Consult>	<Head_of_Government_(Turkmenistan)>
<Criminal_(Argentina)>	<Use_unconventional_violence>	<Presidential_Candidate_(Argentina)>
<Mahinda_Rajapaksa>	<MakeStatement>	<Malawi>
<Xi_Jinping>	<Express_intent_to_meet_or_negotiate>	<Tajikistan>
<Yves-Fran_Francois_Blanchet>	<MakeStatement>	<Canada>
<Theo-Ben_Gurirab>	<MakeStatement>	<Cabinet_/_Council_of_Ministers_/_Advisors_(Somalia)>
<Head_of_Government_(Ecuador)>	<MakeStatement>	<Government_(Ecuador)>
<Al_Arabiya>	<MakeStatement>	<Royal_Administration_(Saudi_Arabia)>
<Tehrik-i-Taliban_Pakistan>	<MakeStatement>	<Australia_Greens>
<Company_-_Owner_or_Operator_(Nigeria)>	<MakeStatement>	<Industry_(South_Africa)>
<Kaci_Hickox>	<MakeStatement>	<Nurse_(United_States)>
<Head_of_Government_(Ukraine)>	<MakeStatement>	<Verkhovna_Rada>
<Anglican_Communion_News_Service>	<MakeStatement>	<Communist_Party_of_Bohemia_and_Moravia>
<Member_of_the_Judiciary_(Nigeria)>	<MakeStatement>	<Cristina_Fernández_de_Kirchner>
<Justice_Department/Ministery_(Libya)>	<MakeStatement>	<Ahmed_Abu_Khatallah>
<Uhuru_Muigai_Kenyatta>	<MakeStatement>	<Qatar>
<Economic_Cooperation_Organization>	<MakeStatement>	<Sergey_Viktorovich_Lavrov>
<China>	<MakeStatement>	<Iran>
<Citizen_(Greece)>	<Criticize_or_denounce>	<Alexis_Tsipras>
<Japan>	<Engage_in_negotiation>	<China>
<Joachim_Gauck>	<Make_a_visit>	<Canada>
<Military_Personnel_-_Special_(United_States)>	<Use_conventional_military_force>	<Al-Shabaab>
<Domestic_Affairs_(France)>	<MakeStatement>	<France>
<State_Security_Service>	<Arrest_detain_or_charge_with_legal_action>	<Citizen_(Nigeria)>
<Director_General_(Russia)>	<MakeStatement>	<Business_(Russia)>
<Military_Personnel_(Zambia)>	<MakeStatement>	<Media_(Romania)>
<Government_(Nigeria)>	<Praise_or_endorse>	<Muhammadu_Buhari>
<Chris_Bowen>	<MakeStatement>	<Business_(Bulgaria)>
<Congress_for_Democratic_Change>	<MakeStatement>	<Media_Personnel_(Australia)>
<Media_Personnel_(Honduras)>	<MakeStatement>	<Court_Judge_(Honduras)>
<James_Ongwae>	<MakeStatement>	<Media_(Africa)>
<Party_President_(Romania)>	<MakeStatement>	<Klaus_Johannis>
<Thailand>	<Host_a_visit>	<Prayuth_Chan-ocha>
<James_Selfe>	<MakeStatement>	<Media_Personnel_(United_States)>
<Angela_Merkel>	<MakeStatement>	<Government_(Germany)>
<Media_Personnel_(United_States)>	<Demand_diplomatic_cooperation_(such_as_policy_support)>	<North_Atlantic_Treaty_Organization>
<John_Kerry>	<MakeStatement>	<Angola>
<Prayuth_Chan-ocha>	<MakeStatement>	<Government_(Qatar)>
<Head_of_Government_(China)>	<MakeStatement>	<Businessperson_(China)>
<Sean_Edwards>	<MakeStatement>	<Police_(United_States)>
<Citizen_(Nigeria)>	<Make_an_appeal_or_request>	<Godwin_Emefiele>
<Head_of_Government_(Chile)>	<MakeStatement>	<City_Mayor_(Chile)>
<Head_of_Government_(India)>	<MakeStatement>	<China>
<Citizen_(Uganda)>	<Make_an_appeal_or_request>	<Police_(Uganda)>
<Haider_Al-Abadi>	<Discuss_by_telephone>	<Barack_Obama>
<Lawyer/Attorney_(Philippines)>	<MakeStatement>	<Justice_Department/Ministery_(Philippines)>
<UN_Security_Council>	<MakeStatement>	<Other_Authorities_/_Officials_(Russia)>
<Joao_Lourenco>	<MakeStatement>	<Head_of_Government_(Ukraine)>
<Daniel_Russel>	<MakeStatement>	<Armed_Gang_(United_States)>
<Smriti_Irani>	<Make_an_appeal_or_request>	<Citizen_(India)>
<Airline_(Bulgaria)>	<Make_a_visit>	<China>
<National_Coalition_Party>	<MakeStatement>	<Alexander_Stubb>
<Armed_Band_(Syrian_Kurds)>	<MakeStatement>	<Businessperson_(Turkey)>
<François_Hollande>	<MakeStatement>	<France>
<Office_of_the_United_Nations_High_Commissioner_for_Human_Rights>	<MakeStatement>	<Military_Personnel_-_Special_(Guinea)>
<Amit_Shah>	<MakeStatement>	<Criminal_(Argentina)>
<Gen_Prayut_Chan-o-cha>	<MakeStatement>	<Military_(Thailand)>
<Ethiopia>	<MakeStatement>	<Al-Shabaab>
<Foreign_Affairs_(Russia)>	<Make_a_visit>	<Ethiopia>
<Blogger_(Australia)>	<MakeStatement>	<Police_(Australia)>
<Japan>	<Make_a_visit>	<North_Korea>
<Governor_(Kenya)>	<MakeStatement>	<James_Ongwae>
<Foreign_Affairs_(United_States)>	<MakeStatement>	<Angola>
<Liu_Jieyi>	<MakeStatement>	<China>
<Police_(South_Africa)>	<Investigate>	<Men_(South_Africa)>
<Malaysia>	<MakeStatement>	<Armed_Rebel_(Ukraine)>
<Micky_Rosenfeld>	<MakeStatement>	<Tourist_(United_States)>
<Alexis_Tsipras>	<Demand>	<Citizen_(Greece)>
<Ishaq_Dar>	<MakeStatement>	<Government_(Pakistan)>
<Angela_Merkel>	<Discuss_by_telephone>	<Afghanistan>
<Labor_Union_(Nigeria)>	<Praise_or_endorse>	<Government_(Nigeria)>
<Tajikistan>	<Host_a_visit>	<Cheng_Guoping>
<Lawyer/Attorney_(United_States)>	<MakeStatement>	<Police_(Jamaica)>
<Media_Personnel_(New_Zealand)>	<MakeStatement>	<Government_(New_Zealand)>
<Juan_Antonio_Coloma>	<MakeStatement>	<Foreign_Affairs_(Chile)>
<Israeli_Defense_Forces>	<MakeStatement>	<Al_Jazeera>
<Court_Judge_(India)>	<Express_accord>	<Citizen_(India)>
<Media_Personnel_(United_States)>	<MakeStatement>	<Court_Judge_(Mexico)>
<North_American_Aerospace_Defense_Command>	<MakeStatement>	<Military_(Russia)>
<Abdullah_Abdullah>	<Consult>	<Mamnoon_Hussain>
<Extremist_(Syria)>	<Abduct_hijack_or_take_hostage>	<Citizen_(United_Kingdom)>
<Military_(Lebanon)>	<MakeStatement>	<Military_Personnel_(Lebanon)>
<Canada>	<Mobilize_or_increase_armed_forces>	<Iraq>
<Sergey_Viktorovich_Lavrov>	<MakeStatement>	<RIA_Novosti>
<Barack_Obama>	<MakeStatement>	<Government_(Syria)>
<Media_Personnel_(Pakistan)>	<MakeStatement>	<Abdul_Aziz>
<Insurgent_(Afghanistan)>	<MakeStatement>	<Foreign_Affairs_(Lebanon)>
<United_Arab_Emirates>	<MakeStatement>	<Raúl_Castro>
<Police_(Australia)>	<Investigate>	<Citizen_(Australia)>
<Ravi_Shankar_Prasad>	<MakeStatement>	<Head_of_Government_(India)>
<Thailand>	<Express_intent_to_engage_in_diplomatic_cooperation_(such_as_policy_support)>	<Japan>
<Vietnam>	<Engage_in_diplomatic_cooperation>	<Cambodia>
<China_Development_Bank>	<Express_intent_to_provide_economic_aid>	<Exim_Bank>
<Malta>	<Host_a_visit>	<Amnesty_International>
<Citizen_(India)>	<fight_with_small_arms_and_light_weapons>	<Military_Personnel_-_Special_(India)>
<Dino_Bouterse>	<Acknowledge_or_claim_responsibility>	<Member_of_the_Judiciary_(United_States)>
<Kashim_Shettima>	<Praise_or_endorse>	<Academic_Staff_Union_of_Universities>
<Police_(Yemen)>	<Use_conventional_military_force>	<Armed_Rebel_(Yemen)>
<Head_of_Government_(Tajikistan)>	<Consult>	<Xi_Jinping>
<Taufa'ahau_Tupou_IV>	<MakeStatement>	<Tonga>
<High_Ranking_Military_Personnel_(Syria)>	<MakeStatement>	<Business_(New_Zealand)>
<Aam_Aadmi_Party>	<MakeStatement>	<National_Party_(India)>
<Sudan>	<Consult>	<Representatives_(Sudan)>
<Scientist_(France)>	<MakeStatement>	<Environmentalist_(France)>
<North_Atlantic_Treaty_Organization>	<Make_a_visit>	<Curacao>
<High_Ranking_Military_Personnel_(Jordan)>	<MakeStatement>	<Ministry_(Jordan)>
<Curacao>	<Host_a_visit>	<North_Atlantic_Treaty_Organization>
<Cheng_Yonghua>	<MakeStatement>	<China>
<Iran>	<MakeStatement>	<Mohammad_Javad_Zarif>
<Canada>	<Sign_formal_agreement>	<South_Korea>
<Reza_Najafi>	<MakeStatement>	<Kidnapper_(Mexico)>
<Head_of_Government_(Egypt)>	<MakeStatement>	<Boko_Haram>
<Edwin_Kanguatjivi>	<MakeStatement>	<Police_(Namibia)>
<Yoon_Sang-jick>	<MakeStatement>	<South_Korea>
<Police_(Ukraine)>	<MakeStatement>	<Arseniy_Yatsenyuk>
<Election_Commission_(Fiji)>	<MakeStatement>	<Political_Parties_(Fiji)>
<Other_Authorities_/_Officials_(Zimbabwe)>	<MakeStatement>	<Federal_Police>
<Citizen_(Australia)>	<Use_unconventional_violence>	<Lawyer/Attorney_(Australia)>
<Miguel_Ángel_Osorio_Chong>	<MakeStatement>	<Government_(Mexico)>
<Foreign_Affairs_(United_States)>	<Consult>	<Lawmaker_(Zimbabwe)>
<Foreign_Affairs_(United_States)>	<MakeStatement>	<South_Sudan>
<Ministry_(Tanzania)>	<MakeStatement>	<Barack_Obama>
<Alfred_Romualdez>	<MakeStatement>	<Philippines>
<Noh_Kwang-il>	<MakeStatement>	<South_Korea>
<Guatemala>	<Express_intent_to_cooperate>	<Carlos_Raúl_Morales>
<Activist_(Colombia)>	<MakeStatement>	<Lawyer/Attorney_(Colombia)>
<Industrial_/_Textiles_/_Mining_Ministry_(China)>	<MakeStatement>	<China>
<Sergey_Viktorovich_Lavrov>	<MakeStatement>	<Joseph_Robinette_Biden>
<Legislature_(Iraq)>	<Praise_or_endorse>	<Haider_Al-Abadi>
<House_of_Representatives_(Russia)>	<Sign_formal_agreement>	<Lawmaker_(Russia)>
<Governor_(Angola)>	<MakeStatement>	<Government_(Angola)>
<Head_of_Government_(Bahamas)>	<MakeStatement>	<Government_(Bahamas)>
<Haider_Al-Abadi>	<Engage_in_negotiation>	<John_Kerry>
<Kim_Jong-Un>	<Express_intent_to_meet_or_negotiate>	<Legislature_(South_Korea)>
<Benjamin_Netanyahu>	<MakeStatement>	<Iran>
<Afghanistan>	<Appeal_for_diplomatic_cooperation_(such_as_policy_support)>	<Ashraf_Ghani_Ahmadzai>
<John_Kerry>	<Discuss_by_telephone>	<United_Arab_Emirates>
<Majid_Takht_Ravanchi>	<MakeStatement>	<Benjamin_Netanyahu>
<John_Kerry>	<MakeStatement>	<North_Korea>
<Aggrey_Tisa_Sabuni>	<Make_a_visit>	<Sudan>
<Colombia>	<Host_a_visit>	<Drug_Gang_(Mexico)>
<Media_Personnel_(Pakistan)>	<MakeStatement>	<Cleric_(Pakistan)>
<Amit_Shah>	<Make_a_visit>	<Shivraj_Singh_Chouhan>
<Ashraf_Ghani_Ahmadzai>	<Demand>	<Afghanistan>
<North_Korea>	<Reject_proposal_to_meet_discuss_or_negotiate>	<South_Korea>
<Iranian_Kurds>	<Use_conventional_military_force>	<Militant_(Iraq)>
<Wang_Anshun>	<MakeStatement>	<China>
<Foreign_Affairs_(Singapore)>	<MakeStatement>	<Iran>
<Japan>	<Engage_in_diplomatic_cooperation>	<South_Korea>
<Virgin_Atlantic_Airways>	<MakeStatement>	<Air_France>
<Nikos_Christodoulides>	<MakeStatement>	<Nicos_Anastasiades>
<Military_Personnel_(Zambia)>	<Consult>	<Michael_Sata>
<House_of_Representatives_(Jordan)>	<MakeStatement>	<Criminal_(Argentina)>
<Ministry_(La_Francophonie)>	<MakeStatement>	<Canada>
<Ashraf_Ghani_Ahmadzai>	<Sign_formal_agreement>	<Abdullah_Abdullah>
<Police_(Kenya)>	<MakeStatement>	<The_Standard>
<Citizen_(North_Korea)>	<Reject>	<Japan>
<Media_Personnel_(United_States)>	<Appeal_for_diplomatic_cooperation_(such_as_policy_support)>	<Ashraf_Ghani_Ahmadzai>
<Media_Personnel_(Saudi_Arabia)>	<MakeStatement>	<Media_(Saudi_Arabia)>
<Head_of_Government_(India)>	<Make_an_appeal_or_request>	<Bureaucrat_(India)>
<Guatemala>	<MakeStatement>	<Bala_Abdulkadir_Mohammed>
<Sid_Ahmed_Ghozali>	<Express_intent_to_meet_or_negotiate>	<Mouloud_Hamrouche>
<Head_of_Government_(Bahrain)>	<MakeStatement>	<Business_(Bahrain)>
<Marou_Amadou>	<MakeStatement>	<Attacker_(Niger)>
<High_Ranking_Military_Personnel_(Syria)>	<Consult>	<Representatives_(Syria)>
<Police_(Greece)>	<MakeStatement>	<Education_(Greece)>
<Lawyer/Attorney_(United_States)>	<MakeStatement>	<Court_Judge_(Mexico)>
<Xi_Jinping>	<MakeStatement>	<Military_(China)>
<Awami_(People's)_League>	<MakeStatement>	<Government_(South_Africa)>
<Vincent_Gray>	<Make_a_visit>	<China>
<Military_Personnel_(Thailand)>	<Make_an_appeal_or_request>	<Citizen_(Thailand)>
<Mahinda_Rajapaksa>	<Express_intent_to_meet_or_negotiate>	<Pope_Francis>
<Foreign_Affairs_(Russia)>	<Consult>	<Ilkka_Kanerva>
<Citizen_(Nigeria)>	<Make_an_appeal_or_request>	<Dimeji_Bankole>
<Police_(Kenya)>	<MakeStatement>	<Mob_(Kenya)>
<Gilles_Jaron>	<MakeStatement>	<Military_(France)>
<Head_of_Government_(Nigeria)>	<Make_an_appeal_or_request>	<Government_(Nigeria)>
<Ministry/Department_of_Technology_(Iraq)>	<MakeStatement>	<Militant_(Iraq)>
<Supreme_Council_(Iraq)>	<MakeStatement>	<Court_Judge_(Iraq)>
<Royal_Administration_(Iraq)>	<MakeStatement>	<Iraq>
<Gen_Prayut_Chan-o-cha>	<MakeStatement>	<National_Council_for_Peace_and_Order_of_Thailand>
<Tamil_National_Alliance>	<MakeStatement>	<Uhuru>
<Other_Authorities_/_Officials_(Bahrain)>	<MakeStatement>	<Coalition_of_the_Radical_Left>
<Henry_Kissinger>	<MakeStatement>	<Armed_Band_(Afghanistan)>
<Men_(India)>	<Express_intent_to_meet_or_negotiate>	<Labor_Union_(India)>
<Barack_Obama>	<MakeStatement>	<Xi_Jinping>
<Malawi_Electoral_Commission>	<MakeStatement>	<Political_Parties_(Malawi)>
<Thief_(India)>	<Threaten_with_military_force>	<Citizen_(India)>
<Greenpeace>	<MakeStatement>	<Activist_(United_States)>
<Pakistan_Tehreek-e-Insaf>	<MakeStatement>	<Imran_Khan>
<Smriti_Irani>	<MakeStatement>	<Police_(Jordan)>
<Angela_Merkel>	<MakeStatement>	<Head_of_Government_(Bulgaria)>
<Joseph_Ole_Lenku>	<MakeStatement>	<High_Commission_for_Refugees>
<Armenia>	<Host_a_visit>	<Legislature_(Belarus)>
<Saud_bin_Faisal_bin_Abdul-Aziz>	<Consult>	<Mohammad_Javad_Zarif>
<Fessehaye_Yohannes>	<MakeStatement>	<Party_Member_(Afghanistan)>
<Criminal_(Pakistan)>	<Accuse>	<Inspector_General_(Pakistan)>
<Joe_Oliver>	<MakeStatement>	<Barack_Obama>
<Xi_Jinping>	<Consult>	<Rajya_Sabha>
<Ministry_(Thailand)>	<MakeStatement>	<Thailand>
<Director_General_(Cambodia)>	<MakeStatement>	<Cambodia>
<Legislature_(China)>	<MakeStatement>	<China>
<China>	<Express_intent_to_provide_material_aid>	<Sierra_Leone>
<Domestic_Affairs_(Spain)>	<MakeStatement>	<Civil_Guard>
<Citizen_(India)>	<Engage_in_diplomatic_cooperation>	<Election_Commission_(India)>
<Alex_Salmond>	<MakeStatement>	<Party_Member_(United_Kingdom)>
<Police_(Sudan)>	<Arrest_detain_or_charge_with_legal_action>	<Citizen_(Sudan)>
<Japan>	<MakeStatement>	<North_Korea>
<Mahamat_Saleh_Annadif>	<MakeStatement>	<African_Union>
<Police_(Poland)>	<MakeStatement>	<Thief_(Poland)>
<Dinka>	<MakeStatement>	<Riek_Machar>
<Afghanistan>	<MakeStatement>	<Abdullah_Abdullah>
<Abdel_Fattah_Al-Sisi>	<Consult>	<Foreign_Affairs_(Argentina)>
<North_Atlantic_Treaty_Organization>	<Express_intent_to_meet_or_negotiate>	<Barack_Obama>
<Treasury/Finance_Ministry_(Azerbaijan)>	<MakeStatement>	<Media_(Pakistan)>
<Member_of_the_Judiciary_(United_Kingdom)>	<Make_an_appeal_or_request>	<Celso_de_Mello>
<John_Kerry>	<MakeStatement>	<Haider_Al-Abadi>
<Barack_Obama>	<Consult>	<Toomas_Hendrik_Ilves>
<Medical_Association_(India)>	<Criticize_or_denounce>	<Citizen_(India)>
<Police_(Australia)>	<MakeStatement>	<Media_Personnel_(Australia)>
<Foreign_Affairs_(United_States)>	<MakeStatement>	<Political_Parties_(Kosovo)>
<Nguyen_Phu_Trong>	<MakeStatement>	<Vietnam>
<China>	<MakeStatement>	<Japan>
<Ri_Su_Yong>	<Express_intent_to_meet_or_negotiate>	<Sergey_Viktorovich_Lavrov>
<Business_(Netherlands)>	<MakeStatement>	<France>
<François_Hollande>	<Praise_or_endorse>	<Japan>
<Head_of_Government_(India)>	<MakeStatement>	<Employee_(India)>
<Barack_Obama>	<MakeStatement>	<Military_(Russia)>
<Chaturon_Chaisang>	<MakeStatement>	<Ministry_(Thailand)>
<Media_Personnel_(Somalia)>	<MakeStatement>	<Media_(Africa)>
<Canada>	<Express_intent_to_engage_in_diplomatic_cooperation_(such_as_policy_support)>	<Business_(Canada)>
<Ministry_(Bosnia_and_Herzegovina)>	<MakeStatement>	<Employee_(Bosnia_and_Herzegovina)>
<Cristina_Fernández_de_Kirchner>	<Consult>	<Pope_Francis>
<Lawyer/Attorney_(Kenya)>	<Refuse_to_release_persons_or_property>	<Men_(Kenya)>
<Barack_Obama>	<Praise_or_endorse>	<Iraq>
<Nurse_(India)>	<MakeStatement>	<Lawyer/Attorney_(Argentina)>
<Justice_Department/Ministery_(Senegal)>	<MakeStatement>	<Karim_Wade>
<Sergey_Viktorovich_Lavrov>	<MakeStatement>	<Iran>
<Ministry_(Egypt)>	<MakeStatement>	<Police_(Egypt)>
<Somen_Mitra>	<MakeStatement>	<United_Progressive_Alliance>
<Iran>	<Host_a_visit>	<Foreign_Affairs_(Denmark)>
<Bismillah_Khan_Mohammadi>	<MakeStatement>	<Afghanistan>
<Mohamed_Osman_Jawari>	<MakeStatement>	<Iran>
<Military_(Philippines)>	<Express_intent_to_meet_or_negotiate>	<Philippines>
<Head_of_Government_(Mauritania)>	<MakeStatement>	<Government_(Mauritania)>
<Barack_Obama>	<Express_intent_to_meet_or_negotiate>	<Toomas_Hendrik_Ilves>
<Ibrahim_Boubacar_Keïta>	<MakeStatement>	<France>
<Citizen_(Nigeria)>	<MakeStatement>	<Employee_(Kuwait)>
<Royal_Administration_(Saudi_Arabia)>	<MakeStatement>	<Nicos_Anastasiades>
<Member_of_the_Judiciary_(United_Kingdom)>	<MakeStatement>	<Education_Ministry_(France)>
<Government_(Nigeria)>	<Provide_humanitarian_aid>	<Citizen_(Nigeria)>
<Trade_Official_(Iran)>	<MakeStatement>	<Iran>
<State_Security_Service>	<MakeStatement>	<Militia_(Kenya)>
<Yoani_Sánchez>	<MakeStatement>	<Government_(United_States)>
<Manuel_Monteiro_de_Castro>	<MakeStatement>	<Police_(Dominican_Republic)>
<Yemi_Osinbajo>	<MakeStatement>	<Muhammadu_Buhari>
<Secretary_of_State_for_International_Development>	<Consult>	<Rajiv_Shah>
<Governor_(Angola)>	<Make_an_appeal_or_request>	<Government_(Angola)>
<Member_of_Parliament_(India)>	<MakeStatement>	<Thief_(India)>
<Foreign_Affairs_(Russia)>	<MakeStatement>	<Terrorist_Leader_(Syria)>
<Maxon_Mbendera>	<MakeStatement>	<Malawi_Electoral_Commission>
<John_Walker>	<MakeStatement>	<Thief_(United_States)>
<Trade_Union_Congress>	<Make_an_appeal_or_request>	<Government_(Nigeria)>
<Head_of_Government_(Nigeria)>	<MakeStatement>	<Court_Judge_(Nigeria)>
<Head_of_Government_(Cuba)>	<MakeStatement>	<Industry_(South_Africa)>
<Federica_Mogherini>	<Express_intent_to_engage_in_diplomatic_cooperation_(such_as_policy_support)>	<Fumio_Kishida>
<Reza_Najafi>	<Praise_or_endorse>	<Nonaligned_Movement>
<Antonis_Samaras>	<Express_intent_to_cooperate>	<Nicos_Anastasiades>
<Environment_Department/Ministry_(Malaysia)>	<MakeStatement>	<Malaysia>
<United_Arab_Emirates>	<Engage_in_material_cooperation>	<Bahrain>
<House_of_Representatives_(Jordan)>	<Reject_plan_agreement_to_settle_dispute>	<Police_(Jordan)>
<Uhuru>	<Threaten>	<Boko_Haram>
<Denis_Napthine>	<Expel_or_deport_individuals>	<Member_of_Parliament_(Australia)>
<Pol_Gen_Somyot_Poompanmoung>	<MakeStatement>	<Police_(Hong_Kong)>
<Media_Personnel_(Pakistan)>	<MakeStatement>	<Imran_Khan>
<Israeli_Defense_Forces>	<MakeStatement>	<Hamas>
<Foreign_Affairs_(Russia)>	<MakeStatement>	<Sergey_Viktorovich_Lavrov>
<Cameroon>	<MakeStatement>	<Aam_Aadmi_Party>
<Serik_Akhmetov>	<MakeStatement>	<Kazakhstan>
<Police_(Malaysia)>	<MakeStatement>	<Malaysia>
<Lawmaker_(Spain)>	<MakeStatement>	<Governor_(Spain)>
<France>	<MakeStatement>	<Benjamin_Netanyahu>
<Cabinet_/_Council_of_Ministers_/_Advisors_(United_States)>	<Praise_or_endorse>	<Ashraf_Ghani_Ahmadzai>
<Governor_(Somalia)>	<MakeStatement>	<Combatant_(Al-Shabaab)>
<Ashraf_Ghani_Ahmadzai>	<MakeStatement>	<North_Atlantic_Treaty_Organization>
<Tea_Banh>	<MakeStatement>	<Congress_(Philippines)>
<Federica_Mogherini>	<Consult>	<Legislature_(Russia)>
<Prayuth_Chan-ocha>	<Make_a_visit>	<Thailand>
<Armed_Band_(Afghanistan)>	<MakeStatement>	<Media_(Africa)>
<Public_Prosecutor_(New_Zealand)>	<MakeStatement>	<Business_(New_Zealand)>
<Mouloud_Hamrouche>	<Express_intent_to_meet_or_negotiate>	<Sid_Ahmed_Ghozali>
<Tsvetlin_Yovchev>	<MakeStatement>	<Police_(Bulgaria)>
<Awami_(People's)_League>	<Accuse>	<Bangladesh_Nationalist_Party>
<Yi_Xianliang>	<MakeStatement>	<China>
<Vanguard>	<MakeStatement>	<Independence_Party>
<Rauf_Aregbesola>	<MakeStatement>	<Government_(Nigeria)>
<Barack_Obama>	<MakeStatement>	<Military_(China)>
<Chiang_Wei-ling>	<MakeStatement>	<Education_Ministry_(Taiwan)>
<Gen_Tanasak_Patimapragorn>	<Consult>	<Tea_Banh>
<Police_(El_Salvador)>	<MakeStatement>	<Antonio_Guerrero_Rodríguez>
<Civic_Group_(Afghanistan)>	<MakeStatement>	<Election_Commission_(Afghanistan)>
<South_Korea>	<Express_intent_to_meet_or_negotiate>	<Japan>
<Theo-Ben_Gurirab>	<Make_an_appeal_or_request>	<Citizen_(Namibia)>
<Mamnoon_Hussain>	<MakeStatement>	<Government_(Pakistan)>
<Government_(Mexico)>	<MakeStatement>	<Mexico>
<Legislature_(Mongolia)>	<MakeStatement>	<Chimed_Saikhanbileg>
<Head_of_Government_(China)>	<Host_a_visit>	<Ibrahim_Boubacar_Keïta>
<Court_Judge_(Venezuela)>	<Express_accord>	<Citizen_(Venezuela)>
<Citizen_(Sudan)>	<Conduct_suicide_car_or_other_non-military_bombing>	<Sudan>
<Cleric_(Nigeria)>	<MakeStatement>	<Boko_Haram>
<Iraq>	<MakeStatement>	<Business_(Iraq)>
<Communist_Party_of_India>	<Make_an_appeal_or_request>	<Akhilesh_Yadav>
<Royal_Bank_of_Scotland>	<MakeStatement>	<Barclays_PLC>
<City_Mayor_(Somalia)>	<MakeStatement>	<Cabinet_/_Council_of_Ministers_/_Advisors_(Somalia)>
<Political_Parties_(Indonesia)>	<Express_intent_to_engage_in_diplomatic_cooperation_(such_as_policy_support)>	<Citizen_(Indonesia)>
<Citizen_(Yemen)>	<fight_with_small_arms_and_light_weapons>	<Protester_(Yemen)>
<Governor_(Kenya)>	<MakeStatement>	<Government_(Kenya)>
<John_Boehner>	<MakeStatement>	<Iraq>
<Head_of_Government_(Nigeria)>	<MakeStatement>	<Government_(Nigeria)>
<Haider_Al-Abadi>	<Give_ultimatum>	<Lawmaker_(Iraq)>
<Paolo_Gentiloni>	<MakeStatement>	<Iran>
<Senate_(Italy)>	<Consult>	<Nabih_Berri>
<South_Korea>	<MakeStatement>	<North_Korea>
<Evangelos_Venizelos>	<MakeStatement>	<Iran>
<William_Ruto>	<MakeStatement>	<Military_Personnel_-_Special_(Kenya)>
<Ahmad_Zahid_Hamidi>	<MakeStatement>	<Police_(Malaysia)>
<Nurse_(India)>	<Accuse>	<Men_(India)>
<Insurgent_(Afghanistan)>	<Use_unconventional_violence>	<Military_Personnel_-_Special_(Afghanistan)>
<Yasuo_Fukuda>	<MakeStatement>	<Japan>
<Uighur_(China)>	<MakeStatement>	<China>
<Joselito_Atienza>	<MakeStatement>	<Police_(Philippines)>
<Secretary_of_State_for_International_Development>	<MakeStatement>	<National_Liberal_Party>
<Mohammad_Javad_Zarif>	<Demand>	<Iran>
<Sergey_Viktorovich_Lavrov>	<MakeStatement>	<UN_Security_Council>
<Cabinet_/_Council_of_Ministers_/_Advisors_(United_States)>	<Consult>	<Mohammad_Javad_Zarif>
<David_Hanson>	<MakeStatement>	<France>
<Sergey_Viktorovich_Lavrov>	<Consult>	<African_Union>
<Likud>	<MakeStatement>	<Government_(Pakistan)>
<Military_(South_Sudan)>	<Express_intent_to_provide_military_protection_or_peacekeeping>	<South_Sudan>
<Thief_(India)>	<MakeStatement>	<Cristina_Fernández_de_Kirchner>
<Representatives_(France)>	<MakeStatement>	<Villager_(Hong_Kong)>
<Protester_(Pakistan)>	<Protest_violently_riot>	<Government_(Pakistan)>
<Ministry_of_Women_(India)>	<MakeStatement>	<Bhupinder_Singh_Hooda>
<Trade_Union_Congress>	<MakeStatement>	<Canadian_Armed_Forces>
<Abdullah_Abdullah>	<MakeStatement>	<Party_Member_(Afghanistan)>
<Serik_Akhmetov>	<Consult>	<Chang_Wanquan>
<Yevhen_Perebyinis>	<Praise_or_endorse>	<North_Atlantic_Treaty_Organization>
<Cabinet_/_Council_of_Ministers_/_Advisors_(United_States)>	<Praise_or_endorse>	<Afghanistan>
<Jack_Straw>	<MakeStatement>	<National_Youth_Service>
<Sergey_Viktorovich_Lavrov>	<MakeStatement>	<Victoria_Nuland>
<Civil_Aviation_Authority>	<MakeStatement>	<Vietnam>
<France>	<MakeStatement>	<Military_Personnel_(Mali)>
<Xi_Jinping>	<MakeStatement>	<Vietnam>
<Vincent_Gray>	<MakeStatement>	<Medical_Personnel_(Switzerland)>
<East_African_Community>	<MakeStatement>	<Student_(Tanzania)>
<Mamnoon_Hussain>	<MakeStatement>	<Afghanistan>
<John_Hamre>	<MakeStatement>	<Ministry_(Malaysia)>
<Benjamin_Netanyahu>	<MakeStatement>	<Haaretz>
<Angela_Merkel>	<Praise_or_endorse>	<Head_of_Government_(Qatar)>
<Jonathan_Moyo>	<Reject>	<Gideon_Gono>
<Chibuike_Rotimi_Amaechi>	<Express_intent_to_meet_or_negotiate>	<Citizen_(Nigeria)>
<Fessehaye_Yohannes>	<Reject_proposal_to_meet_discuss_or_negotiate>	<South_Africa>
<Foreign_Affairs_(South_Africa)>	<Demand_diplomatic_cooperation_(such_as_policy_support)>	<Iran>
<Member_of_the_Judiciary_(Brazil)>	<MakeStatement>	<Joaquim_Barbosa>
<Ministry_(Egypt)>	<Consult>	<Abdel_Fattah_Al-Sisi>
<Julia_Gillard>	<MakeStatement>	<Education_(Angola)>
<Government_(Mexico)>	<MakeStatement>	<Military_(Mexico)>
<Ukrinform>	<MakeStatement>	<Member_of_Parliament_(Ukraine)>
<Henry_Kissinger>	<Consult>	<Abdel_Fattah_Al-Sisi>
<Government_(Mexico)>	<MakeStatement>	<Criminal_(Mexico)>
<Colombia>	<MakeStatement>	<Combatant_(Islamic_State_of_Iraq_and_the_Levant)>
<Defense_/_Security_Ministry_(Malaysia)>	<MakeStatement>	<China>
<Ignazio_Marino>	<MakeStatement>	<City_Mayor_(Italy)>
<Combatant_(Taliban)>	<Use_unconventional_violence>	<Afghanistan>
<Foreign_Affairs_(Russia)>	<MakeStatement>	<North_Korea>
<Citizen_(India)>	<Criticize_or_denounce>	<Employee_(India)>
<Marwan_Charbel>	<MakeStatement>	<Armed_Gang_(Lebanon)>
<Legislature_(Libya)>	<MakeStatement>	<Business_(Netherlands)>
<Mikhail_Yefimovich_Fradkov>	<Consult>	<Alexander_Vasilyevich_Bortnikov>
<Military_Personnel_-_Special_(United_States)>	<MakeStatement>	<South_Korea>
<Political_Parties_(Indonesia)>	<MakeStatement>	<AvtoVAZ>
<Military_Personnel_(Algeria)>	<MakeStatement>	<Al_Jazeera>
<Xi_Jinping>	<Make_a_visit>	<Victor_Ponta>
<Armed_Gang_(Fula_people)>	<Occupy_territory>	<Citizen_(Nigeria)>
<Yuriy_Lutsenko>	<MakeStatement>	<Head_of_Government_(Ukraine)>
<High_Commission_(United_Kingdom)>	<MakeStatement>	<Afghanistan>
<John_Kerry>	<Make_a_visit>	<Afghanistan>
<Energy_Department/Ministry_(Zimbabwe)>	<MakeStatement>	<Ministry_(Zimbabwe)>
<Gazprom>	<Express_intent_to_engage_in_diplomatic_cooperation_(such_as_policy_support)>	<China>
<Jean-Yves_Le_Drian>	<Make_a_visit>	<Abdel_Fattah_Al-Sisi>
<People_Associated_with_the_Opposition_(Mauritania)>	<MakeStatement>	<Government_(Mauritania)>
<African_Union>	<Praise_or_endorse>	<Lesotho>
<Media_Personnel_(Saudi_Arabia)>	<MakeStatement>	<Agence_France-Presse>
<Eduardo_Buzzi>	<MakeStatement>	<Government_(Argentina)>
<Abdullah_Abdullah>	<Sign_formal_agreement>	<Ashraf_Ghani_Ahmadzai>
<Daniel_Russel>	<Criticize_or_denounce>	<China>
<Mohammad_Javad_Zarif>	<MakeStatement>	<China>
<Stephen_Davis>	<Accuse>	<Terrorist_Leader_(Boko_Haram)>
<Citizen_(North_Korea)>	<MakeStatement>	<Cabinet_/_Council_of_Ministers_/_Advisors_(United_States)>
<Head_of_Government_(Ukraine)>	<MakeStatement>	<Military_(Russia)>
<Lawyer/Attorney_(Kenya)>	<MakeStatement>	<William_Ruto>
<Member_of_Legislative_(Govt)_(Kenya)>	<MakeStatement>	<Government_(Kenya)>
<Antonis_Samaras>	<MakeStatement>	<Coalition_of_the_Radical_Left>
<Iran>	<MakeStatement>	<Morocco>
<North_Korea>	<MakeStatement>	<Tourist_(United_States)>
<Hannes_Swoboda>	<MakeStatement>	<European_Parliament>
<Envoy_(United_Kingdom)>	<MakeStatement>	<James_Wani_Igga>
<Martin_Lidegaard>	<Make_a_visit>	<Iran>
<Head_of_Government_(Egypt)>	<Consult>	<Tony_Blair>
<Frank_Mba>	<MakeStatement>	<Military_Personnel_-_Special_(Nigeria)>
<Xi_Jinping>	<MakeStatement>	<Michael_Sata>
<Lawyer/Attorney_(Indonesia)>	<MakeStatement>	<Police_(Indonesia)>
<Other_Authorities_/_Officials_(Turkey)>	<MakeStatement>	<Hezbollah>
<Abdel_Fattah_Al-Sisi>	<MakeStatement>	<Army_Personnel_(Egypt)>
<Other_Authorities_/_Officials_(Jamaica)>	<MakeStatement>	<Police_(Jamaica)>
<Hanno_Pevkur>	<MakeStatement>	<Kazakhstan>
<Media_Personnel_(Uganda)>	<MakeStatement>	<Lawyer/Attorney_(Uganda)>
<Citizen_(India)>	<Make_pessimistic_comment>	<Barack_Obama>
<Tajikistan>	<MakeStatement>	<Turkish_Airlines>
<Police_(Kosovo)>	<MakeStatement>	<Criminal_(Kosovo)>
<Medical_Personnel_(Cyprus)>	<MakeStatement>	<Defense_/_Security_Ministry_(Cyprus)>
<Congress_for_Democratic_Change>	<Criticize_or_denounce>	<Brownie_Samukai>
<Kashim_Shettima>	<MakeStatement>	<Government_(Nigeria)>
<Court_Judge_(Venezuela)>	<MakeStatement>	<Media_Personnel_(Pakistan)>
<Iran>	<Consult>	<Ministry_(Iran)>
<Tea_Banh>	<Consult>	<Cambodia>
<Envoy_(United_Kingdom)>	<Praise_or_endorse>	<Sukhumbhand_Paribatra>
<Citizen_(Australia)>	<Acknowledge_or_claim_responsibility>	<Member_of_the_Judiciary_(United_States)>
<Ministry_(Kuwait)>	<MakeStatement>	<Employee_(Kuwait)>
<Awami_(People's)_League>	<Criticize_or_denounce>	<Citizen_(Bangladesh)>
<Foreign_Affairs_(Russia)>	<MakeStatement>	<Head_of_Government_(Ukraine)>
<Gen_Tanasak_Patimapragorn>	<MakeStatement>	<Guinea>
<Steven_Chu>	<MakeStatement>	<New_Zealand>
<Gen_Prayut_Chan-o-cha>	<MakeStatement>	<Ministry_(Thailand)>
<Cristina_Fernández_de_Kirchner>	<MakeStatement>	<Nestor_Kirchner>
<Sergey_Viktorovich_Lavrov>	<MakeStatement>	<Pavel_Gubarev>
<Professor_(Senegal)>	<MakeStatement>	<Abdoulaye_Wade>
<Airline_(Bulgaria)>	<MakeStatement>	<Terrorist_Leader_(Syria)>
<Iran>	<MakeStatement>	<Iraq>
<Police_(Kenya)>	<Arrest_detain_or_charge_with_legal_action>	<Citizen_(Germany)>
<China>	<Host_a_visit>	<Media_Personnel_(International)>
<Afghanistan>	<Host_a_visit>	<Bill_Haslam>
<Citizen_(Australia)>	<Express_intent_to_meet_or_negotiate>	<Middle_East>
<Benjamin_Netanyahu>	<MakeStatement>	<Hamas>
<Sierra_Leone>	<Host_a_visit>	<Employee_(Cuba)>
<Werner_Faymann>	<Express_intent_to_meet_or_negotiate>	<Head_of_Government_(Ukraine)>
<Governor_(Angola)>	<MakeStatement>	<Education_(Angola)>
<Admiral_(Latvia)>	<MakeStatement>	<North_Atlantic_Treaty_Organization>
<Alfred_Romualdez>	<MakeStatement>	<Franklin_Drilon>
<Scientist_(France)>	<MakeStatement>	<Mwai_Kibaki>
<Kuwait>	<Express_intent_to_meet_or_negotiate>	<Angela_Merkel>
<Associated_Press>	<Consult>	<Media_(India)>
<Foreign_Affairs_(Malaysia)>	<MakeStatement>	<Iran>
<Member_of_Parliament_(India)>	<Accuse>	<Citizen_(India)>
<Shiv_Sena>	<MakeStatement>	<Raj_Thackeray>
<Civic_Party_(Hungary)>	<MakeStatement>	<Media_(Romania)>
<Head_of_Government_(Afghanistan)>	<MakeStatement>	<Movement_for_Democratic_Change>
<Citizen_(Nigeria)>	<Accuse>	<Muslim_(Nigeria)>
<Julius_Malema>	<Mobilize_or_increase_armed_forces>	<South_Africa>
<Barack_Obama>	<Express_intent_to_meet_or_negotiate>	<Abdel_Fattah_Al-Sisi>
<Curacao>	<MakeStatement>	<Civic_Group_(Kenya)>
<Vanguard>	<Consult>	<Ijaw_Youth_Council>
<Vojtěch_Filip>	<MakeStatement>	<Communist_Party_of_Bohemia_and_Moravia>
<Government_Official_(Mali)>	<MakeStatement>	<Armed_Rebel_(Mali)>
<Iranian_Kurds>	<MakeStatement>	<Legislature_(Iraq)>
<Emrullah_Isler>	<MakeStatement>	<Turkish_Airlines>
<Ministry_(Jamaica)>	<MakeStatement>	<Owen_Ellington>
<Protester_(Pakistan)>	<MakeStatement>	<Guerrilla_(Revolutionary_Armed_Forces_of_Colombia)>
<Professor_(France)>	<MakeStatement>	<Military_(France)>
<Brownie_Samukai>	<Praise_or_endorse>	<Barack_Obama>
<Media_(Nigeria)>	<MakeStatement>	<Benjamin_Netanyahu>
<Emperor_Akihito>	<MakeStatement>	<Militant_(Boko_Haram)>
<Mohammad_Javad_Zarif>	<MakeStatement>	<France>
<Dawa_Khan_Minapal>	<MakeStatement>	<Armed_Band_(Afghanistan)>
<Foreign_Affairs_(Malaysia)>	<MakeStatement>	<Malaysia>
<Military_(Mexico)>	<MakeStatement>	<Insurgent_(Thailand)>
<Ashraf_Ghani_Ahmadzai>	<MakeStatement>	<Election_Commission_(Afghanistan)>
<Olajide_Laleye>	<MakeStatement>	<Boko_Haram>
<Party_Member_(Iraq)>	<MakeStatement>	<Employee_(Iraq)>
<Israeli_Defense_Forces>	<Arrest_detain_or_charge_with_legal_action>	<Student_(Palestinian_Territory_Occupied)>
<Japan>	<Express_intent_to_cooperate>	<Canada>
<Micky_Rosenfeld>	<MakeStatement>	<Criminal_(Israel)>
<Iran>	<Host_a_visit>	<Foreign_Affairs_(Italy)>
<Media_(Africa)>	<Consult>	<Bathabile_Dlamini>
<Mohammad_Javad_Zarif>	<MakeStatement>	<Catherine_Ashton>
<Medical_Association_(India)>	<Criticize_or_denounce>	<Indigenous_People_(India)>
<Environment_Department/Ministry_(Bangladesh)>	<MakeStatement>	<Oil_Tanker_(Bangladesh)>
<Ali_Jannati>	<MakeStatement>	<Iran>
<Police_(Cote_d'Ivoire)>	<Reject>	<Citizen_(Cote_d'Ivoire)>
<Militant_(Somalia)>	<MakeStatement>	<Businessperson_(Kenya)>
<Royal_Administration_(Nigeria)>	<Make_an_appeal_or_request>	<Citizen_(Nigeria)>
<Bank_(Albania)>	<MakeStatement>	<Protester_(Hong_Kong)>
<Japan>	<Host_a_visit>	<Sheikh_Hasina_Wajed>
<Uhuru_Muigai_Kenyatta>	<Consult>	<Okoth_Obado>
<Jonathan_Moyo>	<MakeStatement>	<Ethnic_Group_(Nigeria)>
<François_Hollande>	<MakeStatement>	<European_Central_Bank>
<Human_Rights_Watch>	<MakeStatement>	<Immigrants_(Sudan)>
<Citizen_(Sudan)>	<MakeStatement>	<Head_of_Government_(Germany)>
<Barack_Obama>	<Express_intent_to_provide_military_aid>	<France>
<Defense_/_Security_Ministry_(Armenia)>	<MakeStatement>	<Defense_/_Security_Ministry_(Azerbaijan)>
<Sheikh_Hasina_Wajed>	<MakeStatement>	<Japan>
<Police_(South_Africa)>	<Increase_police_alert_status>	<South_Africa>
<Dmitry_Anatolyevich_Medvedev>	<MakeStatement>	<Business_(Russia)>
<Mevlut_Cavusoglu>	<MakeStatement>	<Rights_Activist_(Kenya)>
<Human_Rights_Watch>	<Accuse_of_human_rights_abuses>	<Peacekeeping_Troop_(Uganda)>
<Zimbabwe_Union_of_Journalists>	<MakeStatement>	<Other_Authorities_/_Officials_(Zimbabwe)>
<Afghanistan>	<MakeStatement>	<Armed_Gang_(Afghanistan)>
<Tajikistan>	<Express_intent_to_meet_or_negotiate>	<Islam_Karimov>
<Iraq>	<MakeStatement>	<Iran>
<Military_Personnel_(Algeria)>	<MakeStatement>	<Gendermarie_(Algeria)>
<National_Security_Advisor_(Thailand)>	<MakeStatement>	<Malaysia>
<Bill_English>	<MakeStatement>	<Government_(New_Zealand)>
<Military_(Turkey)>	<MakeStatement>	<Combatant_(Turkey)>
<Citizen_(Australia)>	<Use_unconventional_violence>	<Terrorist_(Islamic_State_of_Iraq_and_the_Levant)>
<China>	<MakeStatement>	<Media_(Nigeria)>
<Treasury/Finance_Ministry_(Czech_Republic)>	<MakeStatement>	<Ministry_(Czech_Republic)>
<Anifah_Aman>	<MakeStatement>	<Government_(New_Zealand)>
<Combatant_(Yemen)>	<Sign_formal_agreement>	<Armed_Rebel_(Yemen)>
<John_Kerry>	<Threaten>	<Government_(Syria)>
<Foreign_Affairs_(Rwanda)>	<MakeStatement>	<South_Africa>
<Barack_Obama>	<MakeStatement>	<China>
<Head_of_Government_(Tajikistan)>	<MakeStatement>	<Muhammadu_Buhari>
<Labor_and_Employment_Ministry_(Nigeria)>	<MakeStatement>	<Government_(Nigeria)>
<Media_(Africa)>	<Consult>	<Kimani_Wamatangi>
<China>	<Consult>	<Labor_Union_(China)>
<South_Korea>	<Engage_in_negotiation>	<Japan>
<Governor_(India)>	<Consult>	<Head_of_Government_(India)>
<Iran>	<Make_a_visit>	<Ireland>
<Bahrain>	<Consult>	<Morocco>
<Office_of_the_United_Nations_High_Commissioner_for_Human_Rights>	<Make_an_appeal_or_request>	<Other_Authorities_/_Officials_(Guatemala)>
<Head_of_Government_(China)>	<MakeStatement>	<China>
<Aam_Aadmi_Party>	<Threaten>	<Citizen_(India)>
<Defense_/_Security_Ministry_(Malaysia)>	<Consult>	<Moro_Islamic_Liberation_Front>
<Royal_Administration_(Saudi_Arabia)>	<Engage_in_negotiation>	<François_Hollande>
<Airline_(Libya)>	<MakeStatement>	<Other_Authorities_/_Officials_(Libya)>
<Citizen_(India)>	<Make_an_appeal_or_request>	<Akhilesh_Yadav>
<Treasury/Finance_Ministry_(Bangladesh)>	<MakeStatement>	<Employee_(Bangladesh)>
<Iran>	<Engage_in_negotiation>	<Tajikistan>
<Main_Opposition_(Bahrain)>	<MakeStatement>	<Sheikh_Ali_Salman>
<Alpha_Condé>	<MakeStatement>	<Iraq>
<Dmitry_Anatolyevich_Medvedev>	<MakeStatement>	<Government_Official_(Russia)>
<Energy_Corp_(Russia)>	<MakeStatement>	<Iran>
<Citizen_(India)>	<Make_an_appeal_or_request>	<Dinesh_Sharma>
<Stephen_Davis>	<MakeStatement>	<Police_(United_States)>
<John_Kerry>	<Engage_in_negotiation>	<Haider_Al-Abadi>
<Joseph_Ole_Lenku>	<MakeStatement>	<Police_(Kenya)>
<Ethiopia>	<Make_a_visit>	<Canada>
<Canada>	<Arrest_detain_or_charge_with_legal_action>	<Employee_(Canada)>
<Japan>	<MakeStatement>	<Thailand>
<Miroslav_Lajcak>	<MakeStatement>	<Government_(South_Africa)>
<Villager_(Hong_Kong)>	<MakeStatement>	<Protester_(Hong_Kong)>
<Ministry_(Sudan)>	<MakeStatement>	<Police_(Sudan)>
<Head_of_Government_(Ukraine)>	<MakeStatement>	<Police_(Ukraine)>
<Mutembo_Nchito>	<MakeStatement>	<Michael_Sata>
<Citizen_(Germany)>	<Use_unconventional_violence>	<Iraq>
<Samuel_Sitta>	<MakeStatement>	<East_African_Community>
<Military_Personnel_(Somalia)>	<MakeStatement>	<Militant_(Somalia)>
<Foreign_Affairs_(United_States)>	<MakeStatement>	<Afghanistan>
<Other_Authorities_/_Officials_(Turkey)>	<Investigate>	<Citizen_(Turkey)>
<Iraq>	<Host_a_visit>	<Mohammad_Javad_Zarif>
<Police_(Ukraine)>	<MakeStatement>	<Armed_Rebel_(Ukraine)>
<National_Union_Party_(Kenya)>	<MakeStatement>	<Employee_(Kenya)>
<Sebastian_Kurz>	<MakeStatement>	<Head_of_Government_(India)>
<Head_of_Government_(New_Zealand)>	<MakeStatement>	<Philippines>
<House_of_Representatives_(Malaysia)>	<MakeStatement>	<Malaysia>
<Tajikistan>	<Engage_in_negotiation>	<Iran>
<Gazprom>	<MakeStatement>	<China>
<Ghadir_Investment_Company>	<MakeStatement>	<Communist_Party_of_Bohemia_and_Moravia>
<Cabinet_/_Council_of_Ministers_/_Advisors_(United_States)>	<MakeStatement>	<Iran>
