<Amina_Mohamed>	<Make_a_visit>	<Iran>
<Senate_(Dominican_Republic)>	<MakeStatement>	<Police_(Dominican_Republic)>
<High_Ranking_Military_Personnel_(Angola)>	<Mobilize_or_increase_armed_forces>	<Angola>
<Agence_France-Presse>	<Discuss_by_telephone>	<Greenpeace>
<Other_Authorities_/_Officials_(Mexico)>	<MakeStatement>	<Héctor_Beltrán_Leyva>
<John_Kerry>	<Appeal_to_others_to_settle_dispute>	<China>
<Employee_(Sudan)>	<MakeStatement>	<Sudan>
<Maxon_Mbendera>	<MakeStatement>	<Party_Member_(Malawi)>
<John_Odigie-Oyegun>	<MakeStatement>	<Presidential_Candidate_(Nigeria)>
<Representatives_(Lithuania)>	<MakeStatement>	<Iran>
<William_Kabogo>	<MakeStatement>	<Government_(Kenya)>
<China>	<Sign_formal_agreement>	<South_Korea>
<Education_Ministry_(France)>	<MakeStatement>	<Civic_Group_(Croatia)>
<Citizen_(Brazil)>	<Abduct_hijack_or_take_hostage>	<Criminal_(Brazil)>
<Lawmaker_(Vietnam)>	<MakeStatement>	<National_Coalition_for_Syrian_Revolutionary_and_Opposition_Forces>
<Cabinet_/_Council_of_Ministers_/_Advisors_(Angola)>	<Consult>	<Ministry_(Angola)>
<Philippines>	<MakeStatement>	<China>
<Military_(Lebanon)>	<MakeStatement>	<Armed_Gang_(Benin)>
<Government_(Nigeria)>	<MakeStatement>	<Medical_Personnel_(Nigeria)>
<Geng_Yansheng>	<MakeStatement>	<Defense_/_Security_Ministry_(China)>
<Sergey_Viktorovich_Lavrov>	<MakeStatement>	<ITAR_TASS>
<Media_(Azerbaijan)>	<MakeStatement>	<Industrial_/_Textiles_/_Mining_Ministry_(Azerbaijan)>
<John_Kerry>	<Consult>	<Abdullah_Abdullah>
<Uhuru_Muigai_Kenyatta>	<MakeStatement>	<William_Ruto>
<Myanmar>	<MakeStatement>	<Police_(United_States)>
<Uhuru_Muigai_Kenyatta>	<Make_a_visit>	<Ethiopia>
<Bhutan>	<MakeStatement>	<Armed_Gang_(Saudi_Arabia)>
<Media_(Pakistan)>	<MakeStatement>	<Mauritania>
<Patience_Jonathan>	<MakeStatement>	<Indigenous_People_(Nigeria)>
<Japan>	<Host_a_visit>	<Shozaburo_Nakamura>
<Mohammad_Javad_Zarif>	<MakeStatement>	<Iran>
<Citizen_(India)>	<Accuse>	<Head_of_Government_(India)>
<Media_(Lebanon)>	<MakeStatement>	<Military_(Lebanon)>
<James_Ongwae>	<MakeStatement>	<Kisii>
<Lawyer/Attorney_(Indonesia)>	<MakeStatement>	<City_Mayor_(Indonesia)>
<Barack_Obama>	<MakeStatement>	<North_Atlantic_Treaty_Organization>
<Victor_Ponta>	<MakeStatement>	<Romania>
<Other_Authorities_/_Officials_(Zimbabwe)>	<MakeStatement>	<Simon_Khaya_Moyo>
<National_Council_for_Peace_and_Order_of_Thailand>	<Make_an_appeal_or_request>	<Citizen_(Thailand)>
<Benjamin_Netanyahu>	<Praise_or_endorse>	<John_Kerry>
<Citizen_(Namibia)>	<Acknowledge_or_claim_responsibility>	<Member_of_the_Judiciary_(Namibia)>
<Police_(Malaysia)>	<Make_an_appeal_or_request>	<Citizen_(Malaysia)>
<Ekaterina_Zaharieva>	<Consult>	<Representatives_(Bulgaria)>
<Federica_Mogherini>	<MakeStatement>	<Foreign_Affairs_(Russia)>
<UN_Security_Council>	<Make_a_visit>	<Riek_Machar>
<François_Hollande>	<MakeStatement>	<Boko_Haram>
<Emmanuel_Eweta_Uduaghan>	<Make_an_appeal_or_request>	<Company_-_Owner_or_Operator_(Nigeria)>
<Citizen_(Nigeria)>	<Criticize_or_denounce>	<Ethnic_Group_(Nigeria)>
<Citizen_(India)>	<Engage_in_symbolic_act>	<Governor_(India)>
<Austria_Press_Agency>	<MakeStatement>	<Rupiah_Banda>
<Congress_(Brazil)>	<MakeStatement>	<Ministry_(Brazil)>
<Pope_Francis>	<MakeStatement>	<South_Korea>
<Lawyer/Attorney_(Senegal)>	<MakeStatement>	<Police_(Senegal)>
<Head_of_Government_(Colombia)>	<Express_intent_to_meet_or_negotiate>	<Colombia>
<Head_of_Government_(Lesotho)>	<Make_a_visit>	<South_Africa>
<Dmitry_Anatolyevich_Medvedev>	<MakeStatement>	<Arseniy_Yatsenyuk>
<Hamas>	<Express_intent_to_meet_or_negotiate>	<Qatar>
<Citizen_(Nigeria)>	<Make_optimistic_comment>	<Foreign_Affairs_(United_States)>
<Men_(India)>	<MakeStatement>	<South_Sudan>
<Vincent_Cable>	<MakeStatement>	<Party_Member_(United_Kingdom)>
<Party_Member_(Afghanistan)>	<Threaten_with_political_dissent_protest>	<Afghanistan>
<Government_(United_States)>	<Praise_or_endorse>	<Iraq>
<Riek_Machar>	<Consult>	<Umar_al_Bashir>
<Mzukisi_Fatyela>	<MakeStatement>	<Police_(South_Africa)>
<Media_(Azerbaijan)>	<MakeStatement>	<Armed_Forces_of_the_Republic_of_Armenia>
<Yu_Zhengsheng>	<Appeal_for_diplomatic_cooperation_(such_as_policy_support)>	<Pakistan_People's_Party>
<Political_Parties_(Pakistan)>	<MakeStatement>	<Jason_C._Hu>
<Marziyeh_Afkham>	<Praise_or_endorse>	<Cleric_(Iraq)>
<Military_Personnel_(United_States)>	<MakeStatement>	<Domestic_Affairs_(Kenya)>
<Barack_Obama>	<Meet_at_a_'third'_location>	<Angela_Merkel>
<Ma_Ying_Jeou>	<MakeStatement>	<China>
<Opposition_Supporter_(Pakistan)>	<Consult>	<Raheel_Sharif>
<Dmitriy_Kiselev>	<MakeStatement>	<Andrei_Stenin>
<Police_(New_Zealand)>	<MakeStatement>	<Cleric_(Pakistan)>
<Joseph_Ole_Nkaissery>	<MakeStatement>	<Uhuru>
<Police_(United_States)>	<MakeStatement>	<Volvo>
<Head_of_Government_(Lesotho)>	<MakeStatement>	<Attack_Craft_(United_Kingdom)>
<Military_Personnel_(Libya)>	<MakeStatement>	<Armed_Gang_(Libya)>
<William_Ruto>	<Make_a_visit>	<The_Hague>
<Government_(Nigeria)>	<MakeStatement>	<Court_Judge_(Nigeria)>
<Federica_Mogherini>	<Discuss_by_telephone>	<Mohammad_Javad_Zarif>
<Lawyer/Attorney_(Australia)>	<MakeStatement>	<Police_(Australia)>
<Director_General_(Philippines)>	<MakeStatement>	<Justice_Department/Ministery_(Philippines)>
<Other_Authorities_/_Officials_(Libya)>	<MakeStatement>	<Military_Personnel_(Libya)>
<Defense_/_Security_Ministry_(Azerbaijan)>	<Consult>	<Media_(Azerbaijan)>
<Lulzim_Basha>	<MakeStatement>	<People_Associated_with_the_Opposition_(Albania)>
<Peter_Lerner>	<MakeStatement>	<Israeli_Defense_Forces>
<South_African_National_Defence_Force>	<MakeStatement>	<Medical_Personnel_(Switzerland)>
<John_Walker>	<MakeStatement>	<Dzhokhar_Tsarnaev>
<Royal_Administration_(Nigeria)>	<MakeStatement>	<John_Kerry>
<Lawyer/Attorney_(Germany)>	<MakeStatement>	<Evangelos_Venizelos>
<Government_(Nigeria)>	<MakeStatement>	<Education_(Nigeria)>
<Chibuike_Rotimi_Amaechi>	<MakeStatement>	<Military_Personnel_(Mali)>
<Military_(Lebanon)>	<Use_conventional_military_force>	<Militant_(Syria)>
<Police_(Australia)>	<MakeStatement>	<Sue-Ellen_Kovack>
<William_Ruto>	<MakeStatement>	<Government_(Kenya)>
<Extremist_(Lebanon)>	<Use_conventional_military_force>	<Military_(Lebanon)>
<Juan_Carlos_Eguren>	<MakeStatement>	<Nadine_Heredia>
<Harsimrat_Kaur_Badal>	<MakeStatement>	<Sikh_(India)>
<Afghanistan>	<Host_a_visit>	<John_Kerry>
<Kundy_Pahiama>	<MakeStatement>	<Angola>
<Tarcisio_Bertone>	<MakeStatement>	<Bank_(Holy_See_(Vatican_City_State))>
<Lawyer/Attorney_(United_Kingdom)>	<Demand>	<Citizen_(United_Kingdom)>
<Alex_Badeh>	<MakeStatement>	<Military_(Mexico)>
<Sean_Edwards>	<MakeStatement>	<Armed_Gang_(United_States)>
<Daniel_Constantin>	<MakeStatement>	<Member_of_Parliament_(Romania)>
<Armed_Gang_(Russia)>	<MakeStatement>	<Media_Personnel_(United_States)>
<Foreign_Affairs_(Chad)>	<MakeStatement>	<African_Union>
<Massoud_Barzani>	<Praise_or_endorse>	<Iran>
<Aladdin_Boroujerdi>	<MakeStatement>	<Oman>
<Ministry_(Vietnam)>	<MakeStatement>	<Businessperson_(Kenya)>
<African_Union>	<MakeStatement>	<Lawyer/Attorney_(Colombia)>
<Mohammad_Javad_Zarif>	<MakeStatement>	<Cabinet_/_Council_of_Ministers_/_Advisors_(United_States)>
<Sergey_Viktorovich_Lavrov>	<MakeStatement>	<Foreign_Affairs_(Russia)>
<Bhutan>	<Host_a_visit>	<Finance_/_Economy_/_Commerce_/_Trade_Ministry_(India)>
<Toru_Hashimoto>	<MakeStatement>	<Japan>
<Other_Authorities_/_Officials_(Mexico)>	<MakeStatement>	<Kidnapper_(Mexico)>
<Police_(Australia)>	<Arrest_detain_or_charge_with_legal_action>	<Citizen_(India)>
<Kgalema_Petrus_Motlanthe>	<MakeStatement>	<Government_(South_Africa)>
<Lawyer/Attorney_(Germany)>	<Consult>	<Legislature_(Germany)>
<Noppadon_Pattama>	<MakeStatement>	<Thaksin_Shinawatra>
<Company_-_Owner_or_Operator_(India)>	<MakeStatement>	<Thief_(India)>
<Imran_Khan>	<MakeStatement>	<Tahirul_Qadri>
<Justice_and_Development_Party>	<Appeal_for_change_in_leadership>	<Opposition_Supporter_(Turkey)>
<Obaid_Humaid_Al_Tayer>	<MakeStatement>	<United_Arab_Emirates>
<Citizen_(Yemen)>	<MakeStatement>	<Volvo>
<Mark_James_Mwandosya>	<MakeStatement>	<Jakaya_Mrisho_Kikwete>
<Citizen_(Nigeria)>	<Make_an_appeal_or_request>	<Medical_Personnel_(Nigeria)>
<Barack_Obama>	<MakeStatement>	<South_Korea>
<Chief_of_Staff_(Vietnam)>	<MakeStatement>	<Vietnam>
<Other_Authorities_/_Officials_(Brazil)>	<MakeStatement>	<Middle_East>
<National_Council_for_Peace_and_Order_of_Thailand>	<MakeStatement>	<Other_Authorities_/_Officials_(Nigeria)>
<North_Korea>	<Consult>	<China>
<Chuck_Hagel>	<Consult>	<Julie_Bishop>
<Joseph_Ole_Lenku>	<MakeStatement>	<Burundi>
<Alexander_Lukashevich>	<MakeStatement>	<Other_Authorities_/_Officials_(United_States)>
<Barack_Obama>	<MakeStatement>	<Iran>
<Congress_of_South_African_Trade_Unions>	<MakeStatement>	<Tonga>
<Citizen_(Australia)>	<MakeStatement>	<Military_(China)>
<Foreign_Affairs_(Russia)>	<MakeStatement>	<Armenia>
<Media_Personnel_(Thailand)>	<MakeStatement>	<Thaksin_Shinawatra>
<Lawmaker_(Nicaragua)>	<MakeStatement>	<Daniel_Ortega>
<Fumio_Kishida>	<Express_intent_to_engage_in_diplomatic_cooperation_(such_as_policy_support)>	<John_Kerry>
<Congress_(United_States)>	<MakeStatement>	<Police_(Hong_Kong)>
<Takeshi_Onaga>	<MakeStatement>	<United_Progressive_Alliance>
<Prayuth_Chan-ocha>	<MakeStatement>	<Insurgent_(Thailand)>
<Xi_Jinping>	<Make_empathetic_comment>	<Iran>
<Government_(Nigeria)>	<MakeStatement>	<Ethnic_Group_(Nigeria)>
<Governor_(Yemen)>	<Use_conventional_military_force>	<Militant_(Yemen)>
<North_Atlantic_Treaty_Organization>	<MakeStatement>	<Military_(Russia)>
<Zsolt_Simon>	<MakeStatement>	<Ivan_Gasparovic>
<Caroline_Kennedy>	<MakeStatement>	<Head_of_Government_(Nigeria)>
<Xi_Jinping>	<Consult>	<Le_Hong_Anh>
<Vietnam>	<MakeStatement>	<Police_(Indonesia)>
<Ma_Ying_Jeou>	<MakeStatement>	<Foreign_Affairs_(United_States)>
<Hamad_bin_Ali_al-Attiyah>	<MakeStatement>	<Agence_France-Presse>
<Uhuru_Muigai_Kenyatta>	<MakeStatement>	<Domestic_Affairs_(Kenya)>
<North_Atlantic_Treaty_Organization>	<Express_intent_to_provide_military_aid>	<Military_Personnel_-_Special_(Afghanistan)>
<City_Mayor_(China)>	<MakeStatement>	<China>
<John_Kerry>	<MakeStatement>	<Iran>
<Ministry_(Nigeria)>	<MakeStatement>	<Other_Authorities_/_Officials_(Nigeria)>
<Men_(United_Kingdom)>	<MakeStatement>	<Michael_Sata>
<Lawyer/Attorney_(Dominican_Republic)>	<Express_intent_to_provide_military_aid>	<Criminal_(Dominican_Republic)>
<Tajikistan>	<Consult>	<Energy_Department/Ministry_(Iran)>
<Mohamed_Ibn_Chambas>	<MakeStatement>	<Umar_al_Bashir>
<China>	<MakeStatement>	<Afghanistan>
<Barack_Obama>	<MakeStatement>	<Head_of_Government_(Germany)>
<Loren_Legarda>	<MakeStatement>	<Philippines>
<Helena_Valkova>	<MakeStatement>	<Lawyer/Attorney_(Czech_Republic)>
<Armed_Gang_(Egypt)>	<Use_unconventional_violence>	<Police_(Egypt)>
<Le_Hong_Anh>	<MakeStatement>	<Criminal_(Israel)>
<Alexei_Pushkov>	<MakeStatement>	<Government_(United_States)>
<Lawyer/Attorney_(Australia)>	<MakeStatement>	<Member_of_Parliament_(Australia)>
<Iraq>	<MakeStatement>	<National_Alliance_(Iraq)>
<Vietnam>	<MakeStatement>	<China>
<Terry_McAuliffe>	<MakeStatement>	<Business_(Canada)>
<Education_Ministry_(France)>	<Criticize_or_denounce>	<François_Hollande>
<Justice_Department/Ministery_(Pakistan)>	<MakeStatement>	<European_Parliament>
<Fumio_Kishida>	<Consult>	<Julie_Bishop>
<Sam_Nda-Isaiah>	<Make_a_visit>	<Islamic_(Nigeria)>
<Victor_Ponta>	<MakeStatement>	<China>
<Military_(Sierra_Leone)>	<MakeStatement>	<Haaretz>
<Kayode_Fayemi>	<MakeStatement>	<Nigerian_Bar_Association>
<Robert_M._Gates>	<MakeStatement>	<Head_of_Government_(Afghanistan)>
<Ministry_(Nigeria)>	<MakeStatement>	<Head_of_Government_(Nigeria)>
<Denis_Napthine>	<MakeStatement>	<Police_(Senegal)>
<UN_Security_Council>	<Criticize_or_denounce>	<Armed_Band_(South_Sudan)>
<Bolivia>	<Consult>	<Colombia>
<John_Kerry>	<MakeStatement>	<Foreign_Affairs_(Honduras)>
<Olisa_Agbakoba>	<MakeStatement>	<Government_(Nigeria)>
<Robert_Menendez>	<MakeStatement>	<Opposition_Supporter_(Venezuela)>
<Media_Personnel_(Angola)>	<MakeStatement>	<Lawyer/Attorney_(Uganda)>
<Nagorno-Karabakh_Republic>	<MakeStatement>	<Volvo>
<Barack_Obama>	<MakeStatement>	<Combatant_(Islamic_State_of_Iraq_and_the_Levant)>
<Emmanuel_Eweta_Uduaghan>	<MakeStatement>	<Government_(Nigeria)>
<Defense_/_Security_Ministry_(Nigeria)>	<MakeStatement>	<Militant_(Boko_Haram)>
<Michael_Fahy>	<MakeStatement>	<Canada>
<Shozaburo_Nakamura>	<Make_a_visit>	<Japan>
<City_Manager_(United_States)>	<MakeStatement>	<Mauritius>
<Federica_Mogherini>	<MakeStatement>	<Algirdas_Butkevičius>
<Abdel_Fattah_Al-Sisi>	<MakeStatement>	<Media_(Africa)>
<Foreign_Affairs_(Chad)>	<Make_a_visit>	<Cameroon>
<Military_Personnel_-_Special_(Kenya)>	<Make_pessimistic_comment>	<Al-Shabaab>
<Foreign_Affairs_(Ukraine)>	<Appeal_for_military_aid>	<North_Atlantic_Treaty_Organization>
<Foreign_Affairs_(Latvia)>	<Express_intent_to_meet_or_negotiate>	<Gjorge_Ivanov>
<Information_/_Communication_/_Transparency_Ministry_(Singapore)>	<MakeStatement>	<Foreign_Affairs_(United_States)>
<Hugo_Moyano>	<Accuse>	<Government_(Argentina)>
<Head_of_Government_(Croatia)>	<MakeStatement>	<Veterans_(Croatia)>
<Haider_Al-Abadi>	<MakeStatement>	<Iraq>
<Lower_House_of_Parliament_(Afghanistan)>	<MakeStatement>	<Afghanistan>
<Government_(Venezuela)>	<Reduce_relations>	<Colombia>
<Justice_and_Development_Party>	<MakeStatement>	<Kidnapper_(Mexico)>
<Refugee_(India)>	<MakeStatement>	<Sergey_Viktorovich_Lavrov>
<Chulalongkorn_University>	<MakeStatement>	<Prayuth_Chan-ocha>
<Emal_Faizi>	<MakeStatement>	<Ministry_(Afghanistan)>
<International_Court_of_Justice>	<MakeStatement>	<Education_(Nigeria)>
<Christine_Milne>	<MakeStatement>	<Australia_Greens>
<Media_Personnel_(Thailand)>	<MakeStatement>	<Thailand>
<Militant_(Iraq)>	<Threaten>	<Iraq>
<Military_Personnel_(Libya)>	<MakeStatement>	<Legislature_(Libya)>
<Haider_Al-Abadi>	<MakeStatement>	<National_Alliance_(Iraq)>
<Citizen_(Georgia)>	<Express_intent_to_meet_or_negotiate>	<Armenia>
<Anote_Tong>	<Express_intent_to_meet_or_negotiate>	<Ma_Ying_Jeou>
<Canada>	<Engage_in_negotiation>	<Barack_Obama>
<Criminal_(Brazil)>	<MakeStatement>	<Police_(Senegal)>
<Xi_Jinping>	<Engage_in_negotiation>	<Envoy_(Vietnam)>
<UN_Security_Council>	<Appeal_for_diplomatic_cooperation_(such_as_policy_support)>	<Haider_Al-Abadi>
<Frank_Bainimarama>	<Make_a_visit>	<New_Zealand>
<Japan>	<Criticize_or_denounce>	<China>
<Head_of_Government_(Colombia)>	<MakeStatement>	<Riek_Machar>
<Human_Rights_Commission_(Nigeria)>	<MakeStatement>	<Nadine_Heredia>
<Militant_(Syria)>	<MakeStatement>	<Government_(Ecuador)>
<Opposition_Supporter_(Pakistan)>	<MakeStatement>	<Attack_Craft_(United_Kingdom)>
<Police_(South_Korea)>	<MakeStatement>	<Student_(South_Korea)>
<Medical_Personnel_(Nigeria)>	<MakeStatement>	<Government_(Nigeria)>
<Citizen_(Australia)>	<Make_an_appeal_or_request>	<Liberal_National_Party>
<Maxon_Mbendera>	<MakeStatement>	<Malawi>
<Lin_Chia-lung>	<MakeStatement>	<Jason_C._Hu>
<Eugene_Wamalwa>	<MakeStatement>	<Owen_Ellington>
<Mohammad_Javad_Zarif>	<MakeStatement>	<Iraq>
<Court_Judge_(Nigeria)>	<MakeStatement>	<Oversight_Court_(Nigeria)>
<High_Ranking_Military_Personnel_(Nigeria)>	<MakeStatement>	<Government_(Nigeria)>
<Jaber_Mubarak_Al-Sabah>	<MakeStatement>	<Kuwait>
<Imran_Khan>	<MakeStatement>	<Pakistan_Tehreek-e-Insaf>
<Nuri_al-Maliki>	<MakeStatement>	<Iraq>
<Canada>	<Host_a_visit>	<Robin_Dhowan>
<Associated_Press>	<Reject>	<Citizen_(Kenya)>
<Mexico>	<Sign_formal_agreement>	<Guatemala>
<Kimani_Wamatangi>	<MakeStatement>	<Environmentalist_(France)>
<Leopoldo_Dominico_Petilla>	<MakeStatement>	<Philippines>
<Likud>	<Criticize_or_denounce>	<Shimon_Peres>
<Iraq>	<MakeStatement>	<Nuri_al-Maliki>
<France>	<Make_pessimistic_comment>	<Iraq>
<Zoran_Zaev>	<MakeStatement>	<Social_Democratic_Union>
<François_Hollande>	<Impose_administrative_sanctions>	<France>
<Barnaba_Marial_Benjamin>	<MakeStatement>	<Defense_/_Security_Ministry_(South_Sudan)>
<John_Baird>	<MakeStatement>	<Canada>
<Governor_(Democratic_Republic_of_Congo)>	<MakeStatement>	<Cobra_Matata>
<Joseph_Ole_Lenku>	<MakeStatement>	<Government_(Kenya)>
<City_Mayor_(Somalia)>	<MakeStatement>	<Somali_National_Army>
<Medical_Personnel_(Zimbabwe)>	<MakeStatement>	<Ministry_(Zimbabwe)>
<South_Sudan>	<MakeStatement>	<Riek_Machar>
<Isaac_Kiprono_Ruto>	<MakeStatement>	<Government_(Kenya)>
<Xi_Jinping>	<MakeStatement>	<China>
<Amnesty_International>	<MakeStatement>	<Scientist_(Tajikistan)>
<Media_(Russia)>	<MakeStatement>	<Education_(Russia)>
<Population_(Angola)>	<MakeStatement>	<Government_(Angola)>
<George_Solo>	<MakeStatement>	<Ministry_(Liberia)>
<France>	<MakeStatement>	<Boko_Haram>
<Military_(Lebanon)>	<MakeStatement>	<Armed_Band_(Lebanon)>
<City_Mayor_(Argentina)>	<MakeStatement>	<Ireland>
<Gabor_Vona>	<MakeStatement>	<Fidesz>
<Bratislav_Gasic>	<Consult>	<Defense_/_Security_Ministry_(Cyprus)>
<Government_(Oman)>	<MakeStatement>	<Iran>
<Military_(Mexico)>	<Use_conventional_military_force>	<Criminal_(Mexico)>
<Protester_(Pakistan)>	<Demonstrate_for_leadership_change>	<Head_of_Government_(Pakistan)>
<Royal_Administration_(Nigeria)>	<Make_an_appeal_or_request>	<Health_Ministry_(Nigeria)>
<Nuri_al-Maliki>	<MakeStatement>	<China>
<Peter_Lerner>	<MakeStatement>	<Iran>
<Citizen_(Nigeria)>	<Criticize_or_denounce>	<Democratic_Party_(Nigeria)>
<Ministry_(Nigeria)>	<Yield>	<Rauf_Aregbesola>
<North_Ossetia-Alania>	<MakeStatement>	<Iran>
<Health_Ministry_(Iraq)>	<Provide_humanitarian_aid>	<Iraq>
<Protester_(Pakistan)>	<Demonstrate_or_rally>	<Government_(Pakistan)>
<Philippines>	<Engage_in_diplomatic_cooperation>	<New_Zealand>
<Foreign_Affairs_(Russia)>	<MakeStatement>	<Daily_Monitor>
<Company_-_Owner_or_Operator_(Tonga)>	<MakeStatement>	<Business_(Tonga)>
<Central_Intelligence_Agency>	<Assassinate>	<Kim_Jong-Un>
<Canada>	<Express_intent_to_cooperate>	<South_Africa>
<China>	<Express_intent_to_provide_humanitarian_aid>	<Sierra_Leone>
<Election_Commission_(Turkey)>	<MakeStatement>	<Party_Member_(Turkey)>
<Sirichan_Ngathong>	<MakeStatement>	<Military_(Thailand)>
<Medical_Personnel_(Nigeria)>	<MakeStatement>	<Government_(United_States)>
<Justin_Trudeau>	<MakeStatement>	<Liberals_(Canada)>
<Raul_Hernandez>	<MakeStatement>	<Philippines>
<John_Baird>	<MakeStatement>	<Armed_Rebel_(Ukraine)>
<Philippines>	<Make_an_appeal_or_request>	<Association_of_Southeast_Asian_Nations>
<Ahmad_Zia_Abdulzai>	<MakeStatement>	<Kidnapper_(Afghanistan)>
<Media_(South_Africa)>	<MakeStatement>	<Morocco>
<Police_(Philippines)>	<MakeStatement>	<National_Police>
<Human_Rights_Commission_(Nigeria)>	<Praise_or_endorse>	<Government_(Nigeria)>
<Nabil_Abu-Rudaynah>	<MakeStatement>	<Head_of_Government_(Egypt)>
<Lawyer/Attorney_(South_Korea)>	<Accuse>	<Citizen_(South_Korea)>
<UN_Security_Council>	<Appeal_for_diplomatic_cooperation_(such_as_policy_support)>	<Legislature_(Lebanon)>
<Associated_Press>	<MakeStatement>	<Armed_Gang_(Egypt)>
<Ma_Xiaoguang>	<MakeStatement>	<China>
<Police_(United_States)>	<MakeStatement>	<Mexico>
<Raheel_Sharif>	<Consult>	<Chaudhry_Nisar_Ali_Khan>
<ITAR_TASS>	<Consult>	<Sergey_Viktorovich_Lavrov>
<Rosoboronexport>	<MakeStatement>	<Afghanistan>
<Police_(Philippines)>	<MakeStatement>	<Criminal_(Philippines)>
<Foreign_Affairs_(Russia)>	<MakeStatement>	<Foreign_Affairs_(Syria)>
<Labor_and_Employment_Ministry_(Nigeria)>	<MakeStatement>	<Labor_Union_(Nigeria)>
<Armed_Band_(Afghanistan)>	<Abduct_hijack_or_take_hostage>	<Employee_(Afghanistan)>
<Head_of_Government_(China)>	<Praise_or_endorse>	<Abdel_Fattah_Al-Sisi>
<Catherine_Ashton>	<Consult>	<John_Kerry>
<Malaysian_People's_Party>	<MakeStatement>	<Naval_(China)>
<Police_(Senegal)>	<Use_conventional_military_force>	<Student_(Senegal)>
<Police_(Philippines)>	<Mobilize_or_increase_police_power>	<Philippines>
<Xi_Jinping>	<MakeStatement>	<Henry_M._Paulson>
<Media_Personnel_(Zimbabwe)>	<Consult>	<Government_Official_(Germany)>
<Joseph_Robinette_Biden>	<MakeStatement>	<Daniel_Ortega>
<Ri_Su_Yong>	<Consult>	<Fumio_Kishida>
<Chuck_Hagel>	<MakeStatement>	<Iran>
<City_Mayor_(United_States)>	<MakeStatement>	<Governor_(Spain)>
<Treasury/Finance_Ministry_(Qatar)>	<Consult>	<Abdelilah_Benkirane>
<Barack_Obama>	<MakeStatement>	<Japan>
<Government_(Nigeria)>	<Accede_to_demands_for_rights>	<Citizen_(Nigeria)>
<Attorney_General_(Argentina)>	<MakeStatement>	<Lawyer/Attorney_(Argentina)>
<Hassan_Joho>	<Make_an_appeal_or_request>	<Citizen_(Kenya)>
<Foreign_Affairs_(Russia)>	<MakeStatement>	<Defense_/_Security_Ministry_(Malaysia)>
<Protester_(Pakistan)>	<Praise_or_endorse>	<Imran_Khan>
<Lawyer/Attorney_(South_Korea)>	<MakeStatement>	<Business_(South_Korea)>
<Augustine_Alegeh>	<MakeStatement>	<Okey_Wali>
<François_Hollande>	<Demand>	<European_Central_Bank>
<Police_(United_States)>	<MakeStatement>	<Mark_Lyall_Grant>
<Information_/_Communication_/_Transparency_Ministry_(Singapore)>	<MakeStatement>	<Malaysia>
<Carlo_Calenda>	<MakeStatement>	<Bernd_Lange>
<Company_-_Owner_or_Operator_(Iran)>	<MakeStatement>	<Ministry_(Malaysia)>
<Head_of_Government_(China)>	<MakeStatement>	<Japan>
<Derek_Andre_Hanekom>	<MakeStatement>	<South_Africa>
<Iraq>	<MakeStatement>	<Militant_(Iraq)>
<Army_Personnel_(Philippines)>	<MakeStatement>	<Philippines>
<Government_(United_States)>	<Praise_or_endorse>	<Government_(Nigeria)>
<Jagdish_Mukhi>	<MakeStatement>	<Head_of_Government_(India)>
<Labor_Union_(Nigeria)>	<Accuse>	<Citizen_(Nigeria)>
<Head_of_Government_(Burundi)>	<Discuss_by_telephone>	<Agence_France-Presse>
<Hemant_Soren>	<Make_an_appeal_or_request>	<Citizen_(India)>
<Citizen_(India)>	<Accuse>	<Rioter_(India)>
<China>	<Provide_aid>	<Cambodia>
<Conservative_Party_(United_Kingdom)>	<MakeStatement>	<Martin_McGuinness>
<Media_Personnel_(Uganda)>	<MakeStatement>	<Military_(Central_African_Republic)>
<Canada>	<MakeStatement>	<Liberal_Party_(Canada)>
<Police_(Israel)>	<MakeStatement>	<Republican_People's_Party>
<South_Africa>	<Express_intent_to_meet_or_negotiate>	<Tanzania>
<Cyprian_Awiti>	<MakeStatement>	<Government_(Kenya)>
<François_Rebsamen>	<MakeStatement>	<Government_(France)>
<Fire_Brigade_(Australia)>	<MakeStatement>	<Police_(Australia)>
<Legislature_(Pakistan)>	<MakeStatement>	<Villager_(Hong_Kong)>
<Lower_House_of_Parliament_(Afghanistan)>	<Accuse>	<Election_Commission_(Afghanistan)>
<Industrial_/_Textiles_/_Mining_Ministry_(Egypt)>	<Make_a_visit>	<Sudan>
<Viktor_Chirkov>	<MakeStatement>	<AvtoVAZ>
<Treasury/Finance_Ministry_(Nigeria)>	<MakeStatement>	<Government_(Nigeria)>
<Kayode_Fayemi>	<Praise_or_endorse>	<Ogbeni_Rauf_Aregbesola>
<Government_(Pakistan)>	<Consult>	<Opposition_Supporter_(Pakistan)>
<Justice_Department/Ministery_(Libya)>	<MakeStatement>	<Cabinet_/_Council_of_Ministers_/_Advisors_(Libya)>
<Other_Authorities_/_Officials_(Egypt)>	<Refuse_to_yield>	<Human_Rights_Watch>
<Haider_Al-Abadi>	<Criticize_or_denounce>	<Militia_(Iraq)>
<Member_of_Parliament_(Iraq)>	<MakeStatement>	<Iran>
<Court_Judge_(India)>	<MakeStatement>	<Medical_Personnel_(India)>
<Yunus_Qanuni>	<Praise_or_endorse>	<Military_Personnel_(Afghanistan)>
<Domestic_Affairs_(Panama)>	<MakeStatement>	<Government_(Panama)>
<John_Kerry>	<MakeStatement>	<Sergey_Viktorovich_Lavrov>
<Military_(Thailand)>	<MakeStatement>	<Head_of_Government_(Latvia)>
<Anthony_Garotinho>	<MakeStatement>	<Head_of_Government_(Bahrain)>
<Aam_Aadmi_Party>	<MakeStatement>	<Election_Commission_(India)>
<Legislature_(Czech_Republic)>	<Express_intent_to_meet_or_negotiate>	<Iran>
<Stephane_Le_Foll>	<MakeStatement>	<France>
<Uhuru_Muigai_Kenyatta>	<Appeal_for_diplomatic_cooperation_(such_as_policy_support)>	<Governor_(Kenya)>
<City_Mayor_(United_States)>	<Sign_formal_agreement>	<Japan>
<Media_(Azerbaijan)>	<MakeStatement>	<Iran>
<Department_of_Transportation>	<MakeStatement>	<South_Korea>
<Government_Official_(Mali)>	<MakeStatement>	<Military_(Mali)>
<Robert_Pickersgill>	<MakeStatement>	<Government_(Jamaica)>
<Keiji_Furuya>	<Consult>	<Yoshitaka_Shindo>
<Canada>	<MakeStatement>	<Justin_Trudeau>
<Citizen_(India)>	<Express_intent_to_cooperate>	<Indigenous_People_(India)>
<Haider_Al-Abadi>	<MakeStatement>	<Militant_(Iraq)>
<John_Kerry>	<MakeStatement>	<Iraq>
<Ministry_(Nigeria)>	<MakeStatement>	<Medical_Personnel_(Nigeria)>
<Citizen_(Kenya)>	<Make_an_appeal_or_request>	<Governor_(Kenya)>
<Other_Authorities_/_Officials_(Egypt)>	<MakeStatement>	<Police_(Egypt)>
<France>	<Make_an_appeal_or_request>	<Iraq>
<France>	<Make_an_appeal_or_request>	<François_Hollande>
<International_Court_of_Justice>	<MakeStatement>	<Japan>
<Nicos_Anastasiades>	<Consult>	<Party_President_(Cyprus)>
<Rebel_Group_(South_Africa)>	<MakeStatement>	<Lawyer/Attorney_(Colombia)>
<Nestor_Kirchner>	<MakeStatement>	<Civic_Group_(Argentina)>
<Military_Personnel_(Angola)>	<MakeStatement>	<Governor_(Angola)>
<Abdullah_Abdullah>	<MakeStatement>	<John_Kerry>
<Umar_al_Bashir>	<MakeStatement>	<Sudan>
<Media_(Africa)>	<Consult>	<Criminal_(Boko_Haram)>
<Nagorno-Karabakh_Republic>	<Host_a_visit>	<Armed_Forces_of_the_Republic_of_Armenia>
<Citizen_(India)>	<Criticize_or_denounce>	<Thief_(India)>
<Uhuru_Muigai_Kenyatta>	<MakeStatement>	<Government_(Kenya)>
<National_Directorate_of_Security>	<MakeStatement>	<Secret_Agent_(Afghanistan)>
<Manish_Sisodia>	<MakeStatement>	<Haiti>
<Sahrawi_people>	<MakeStatement>	<Armenia>
<Ministry_of_Public_Security_(Canada)>	<MakeStatement>	<Business_(Canada)>
<Citizen_(Namibia)>	<MakeStatement>	<Ruling_Party_(India)>
<China>	<MakeStatement>	<Military_(China)>
<Insurgent_(Afghanistan)>	<Threaten>	<Afghanistan>
<Sato_Kilman>	<MakeStatement>	<Ministry_(Afghanistan)>
<John_Kerry>	<Make_an_appeal_or_request>	<Haider_Al-Abadi>
<Isaac_Kiprono_Ruto>	<MakeStatement>	<Uhuru_Muigai_Kenyatta>
<Media_Personnel_(Thailand)>	<Make_empathetic_comment>	<Citizen_(Thailand)>
<Citizen_(Germany)>	<MakeStatement>	<Member_of_Legislative_(Govt)_(Kenya)>
<Catherine_Ashton>	<MakeStatement>	<Iran>
<Alexander_Lukashevich>	<MakeStatement>	<Representatives_(Iraq)>
<Adams_Oshiomhole>	<MakeStatement>	<Moro_National_Liberation_Front>
<Media_(Africa)>	<MakeStatement>	<Businessperson_(Kenya)>
<Government_(Pakistan)>	<MakeStatement>	<Activist_(United_States)>
<Justice_Department/Ministery_(Pakistan)>	<Consult>	<Media_(Pakistan)>
<Armed_Gang_(Syria)>	<Use_unconventional_violence>	<Military_(Lebanon)>
<Men_(United_Kingdom)>	<Use_unconventional_violence>	<Lawmaker_(United_Kingdom)>
<Barack_Obama>	<Rally_support_on_behalf_of>	<Israeli_Defense_Forces>
<China>	<Host_a_visit>	<Ri_Su_Yong>
<John_Kerry>	<MakeStatement>	<China>
<Benjamin_Netanyahu>	<MakeStatement>	<John_Kerry>
<Jacek_Rostowski>	<MakeStatement>	<European_Parliament>
<Media_Personnel_(Thailand)>	<MakeStatement>	<Military_(Thailand)>
<Prayuth_Chan-ocha>	<MakeStatement>	<Thailand>
<Xi_Jinping>	<Engage_in_negotiation>	<Tsakhiagiyn_Elbegdorj>
<Citizen_(North_Korea)>	<Engage_in_symbolic_act>	<Director_General_(North_Korea)>
<Nuri_al-Maliki>	<MakeStatement>	<Militant_(Iraq)>
<Pope_Francis>	<Express_intent_to_meet_or_negotiate>	<China>
<Middle_East>	<Use_conventional_military_force>	<Morocco>
<Barnaba_Marial_Benjamin>	<Express_intent_to_meet_or_negotiate>	<China>
<Hashmat_Stanikzai>	<MakeStatement>	<Military_Personnel_-_Special_(Afghanistan)>
<Armed_Gang_(Syria)>	<MakeStatement>	<Government_(Nepal)>
<Presidential_Candidate_(Afghanistan)>	<Consult>	<John_Kerry>
<Robert_Cazanciuc>	<MakeStatement>	<Romania>
<France>	<Host_a_visit>	<House_of_Representatives_(Russia)>
<Refugee_(India)>	<Consult>	<Governor_(India)>
<Lawyer/Attorney_(South_Korea)>	<Investigate>	<Media_Personnel_(Japan)>
<Lawyer/Attorney_(Cambodia)>	<MakeStatement>	<Police_(Cambodia)>
<Sawarmi_Khaled_Saad>	<MakeStatement>	<Sudan>
<Local_Media_(Switzerland)>	<MakeStatement>	<Other_Authorities_/_Officials_(Switzerland)>
<Member_of_Parliament_(Iran)>	<MakeStatement>	<Ministry_(Iran)>
<Student_(Senegal)>	<MakeStatement>	<Republican_People's_Party>
<Police_(Israel)>	<MakeStatement>	<Attacker_(Palestinian_Territory_Occupied)>
<Legislature_(Pakistan)>	<Reject>	<Tahirul_Qadri>
<Preneet_Kaur>	<MakeStatement>	<Aam_Aadmi_Party>
<National_Security_Advisor_(United_Kingdom)>	<MakeStatement>	<Tahirul_Qadri>
<Cambodia>	<MakeStatement>	<Thailand>
<Micky_Rosenfeld>	<MakeStatement>	<Police_(Israel)>
<Chang_Wanquan>	<MakeStatement>	<Military_(China)>
<François_Hollande>	<Express_intent_to_meet_or_negotiate>	<Joachim_Gauck>
<Reserve_Personnel_(Ukraine)>	<MakeStatement>	<Military_(Russia)>
<France>	<MakeStatement>	<Guinea>
<Agence_France-Presse>	<MakeStatement>	<Hamas>
<Indigenous_People_(Kenya)>	<Threaten>	<Citizen_(Kenya)>
<Foreign_Affairs_(Senegal)>	<MakeStatement>	<Veterans_(Croatia)>
<Airline_(Canada)>	<Express_intent_to_meet_or_negotiate>	<Canada>
<Police_(United_States)>	<MakeStatement>	<Emilio_Pérez_Touriño>
<Barack_Obama>	<MakeStatement>	<Hamas>
<Police_(United_States)>	<Accuse>	<Chevron>
<Media_Personnel_(Japan)>	<MakeStatement>	<China>
<Sergey_Viktorovich_Lavrov>	<Discuss_by_telephone>	<Pavlo_Klimkin>
<Efkan_Ala>	<MakeStatement>	<Main_Opposition_(Turkey)>
<Barack_Obama>	<MakeStatement>	<North_Korea>
<Royal_Administration_(Jordan)>	<MakeStatement>	<Iran>
<Levon_Ter-Petrosyan>	<MakeStatement>	<Gagik_Tsarukyan>
<Edwin_Lacierda>	<MakeStatement>	<Moro_National_Liberation_Front>
<Jens_Weidmann>	<MakeStatement>	<France>
<Prayuth_Chan-ocha>	<Make_an_appeal_or_request>	<Military_Personnel_(Thailand)>
<Nuri_al-Maliki>	<MakeStatement>	<Party_Member_(Iraq)>
<Daniel_Ortega>	<MakeStatement>	<Mexico>
<New_Zealand>	<Arrest_detain_or_charge_with_legal_action>	<Men_(New_Zealand)>
<Police_(Kenya)>	<Arrest_detain_or_charge_with_legal_action>	<Al-Shabaab>
<Ma_Ying_Jeou>	<Demand>	<China>
<Military_(Sierra_Leone)>	<Mobilize_or_increase_armed_forces>	<Sierra_Leone>
<Uhuru_Muigai_Kenyatta>	<MakeStatement>	<Ethiopia>
<Phongthep_Thepkanjana>	<MakeStatement>	<Cabinet_/_Council_of_Ministers_/_Advisors_(Thailand)>
<Police_(Libya)>	<MakeStatement>	<Mustafa_Abu_Shagur>
<Head_of_Government_(Sweden)>	<MakeStatement>	<Government_(Sweden)>
<Milliyet>	<MakeStatement>	<Lawyer/Attorney_(Turkey)>
<Foreign_Affairs_(Rwanda)>	<MakeStatement>	<UN_Security_Council>
<Justice_Department/Ministery_(Vietnam)>	<MakeStatement>	<Media_(Nigeria)>
<Valdis_Dombrovskis>	<MakeStatement>	<Head_of_Government_(Latvia)>
<Alex_Badeh>	<Host_a_visit>	<Suleiman_Abba>
<Ashraf_Ghani_Ahmadzai>	<Engage_in_negotiation>	<Abdullah_Abdullah>
<Government_(Sudan)>	<MakeStatement>	<Riek_Machar>
<Devlet_Bahçeli>	<MakeStatement>	<Nationalist_Movement_Party>
<Japan>	<MakeStatement>	<China>
<Mexico>	<MakeStatement>	<Indigenous_People_(India)>
<Iraq>	<Demand_military_aid>	<Barack_Obama>
<Protester_(United_Kingdom)>	<MakeStatement>	<Indigenous_People_(United_Kingdom)>
<Citizen_(Australia)>	<Express_intent_to_meet_or_negotiate>	<Police_(Australia)>
<Environment_Department/Ministry_(Kenya)>	<MakeStatement>	<Government_(Angola)>
<Ekaterina_Zaharieva>	<MakeStatement>	<Militant_(Somalia)>
<Dmitry_Anatolyevich_Medvedev>	<Express_intent_to_meet_or_negotiate>	<Armenia>
<Admiral_(Iran)>	<MakeStatement>	<Fighter_Bomber_(Iran)>
<Uganda_People's_Defence_Force>	<MakeStatement>	<Thief_(India)>
<Thaksin_Shinawatra>	<Accuse>	<Citizen_(Thailand)>
<Police_(Peru)>	<Confiscate_property>	<Drug_Gang_(Mexico)>
<Other_Authorities_/_Officials_(Jamaica)>	<MakeStatement>	<Criminal_(Jamaica)>
<Afghanistan>	<Host_a_visit>	<Foreign_Affairs_(United_States)>
<Justice_Department/Ministery_(Niger)>	<MakeStatement>	<Attacker_(Niger)>
<Hamas>	<MakeStatement>	<Israeli_Defense_Forces>
<Sergey_Viktorovich_Lavrov>	<MakeStatement>	<John_Kerry>
<International_Court_of_Justice>	<MakeStatement>	<Police_(Rwanda)>
<Benjamin_Netanyahu>	<MakeStatement>	<Tzipi_Livni>
<Northern_Ireland>	<Arrest_detain_or_charge_with_legal_action>	<Citizen_(United_Kingdom)>
<Foreign_Affairs_(Senegal)>	<Consult>	<Director_General_(South_Korea)>
<Government_(Nigeria)>	<MakeStatement>	<Boko_Haram>
<William_Lukuvi>	<MakeStatement>	<Tanzania>
<Central_Intelligence_Agency>	<MakeStatement>	<Lawyer/Attorney_(Uganda)>
<Imran_Khan>	<MakeStatement>	<Public_Courts_(Pakistan)>
<China>	<MakeStatement>	<Myanmar>
<Member_of_the_Judiciary_(South_Africa)>	<Ease_administrative_sanctions>	<Men_(South_Africa)>
<Energy_Department/Ministry_(Philippines)>	<MakeStatement>	<Philippines>
<Boy_Rafli_Amar>	<MakeStatement>	<Police_(Indonesia)>
<Head_of_Government_(Finland)>	<Demand>	<Citizen_(Belgium)>
<North_Korea>	<Threaten>	<South_Korea>
<South_Korea>	<Make_an_appeal_or_request>	<North_Korea>
<Veera_Somkwamkid>	<MakeStatement>	<Mustafa_Dzhemilev>
<Ministry_(Nigeria)>	<MakeStatement>	<Government_(Nigeria)>
<Lawyer/Attorney_(Turkey)>	<MakeStatement>	<Efkan_Ala>
<TDC>	<MakeStatement>	<Al_Jazeera>
<Government_(Pakistan)>	<Threaten>	<Imran_Khan>
<Military_(Senegal)>	<MakeStatement>	<AvtoVAZ>
<Combatant_(Islamic_State_of_Iraq_and_the_Levant)>	<Retreat_or_surrender_militarily>	<Iraq>
<Najam_Sethi>	<MakeStatement>	<Raheel_Sharif>
<Admiral_(Iran)>	<MakeStatement>	<Iran>
<Patience_Jonathan>	<Provide_aid>	<Boko_Haram>
<Lawyer/Attorney_(Philippines)>	<MakeStatement>	<City_Mayor_(Philippines)>
<Ashraf_Ghani_Ahmadzai>	<MakeStatement>	<Afghanistan>
<Main_Opposition_(Fiji)>	<MakeStatement>	<Guinea>
<François_Hollande>	<MakeStatement>	<Government_(France)>
<Benjamin_Netanyahu>	<MakeStatement>	<Angela_Merkel>
<Vanguard>	<Discuss_by_telephone>	<Olagunsoye_Oyinlola>
<Police_(Ukraine)>	<fight_with_small_arms_and_light_weapons>	<Protester_(Ukraine)>
<Media_Personnel_(Zimbabwe)>	<MakeStatement>	<Party_Member_(Turkey)>
<Islam_Karimov>	<MakeStatement>	<Afghanistan>
<France>	<MakeStatement>	<Barack_Obama>
<Chuck_Hagel>	<MakeStatement>	<Iraq>
<Military_Personnel_(Nigeria)>	<Engage_in_symbolic_act>	<Chibuike_Rotimi_Amaechi>
<Border_Security_Force>	<Arrest_detain_or_charge_with_legal_action>	<Citizen_(India)>
<Tharit_Pengdit>	<MakeStatement>	<Protester_(Thailand)>
<Media_(Morocco)>	<MakeStatement>	<Morocco>
<Bala_Ngilari>	<MakeStatement>	<Member_of_the_Judiciary_(Nigeria)>
<Umar_al_Bashir>	<Engage_in_negotiation>	<Riek_Machar>
<Treasury/Finance_Ministry_(Qatar)>	<MakeStatement>	<Business_(South_Korea)>
<Len_Brown>	<MakeStatement>	<City_Mayor_(New_Zealand)>
<Malaysian_People's_Party>	<Praise_or_endorse>	<Wan_Azizah>
<Vytenis_Povilas_Andriukaitis>	<MakeStatement>	<Algirdas_Butkevičius>
<Riek_Machar>	<MakeStatement>	<Umar_al_Bashir>
<Soumeylou_Boubèye_Maiga>	<MakeStatement>	<Military_(Mali)>
<Shah_Mehmood_Qureshi>	<Reject_proposal_to_meet_discuss_or_negotiate>	<Media_(Pakistan)>
<Militant_(Syria)>	<Use_unconventional_violence>	<Military_(Lebanon)>
<North_Korea>	<MakeStatement>	<South_Korea>
<Undersecretary_(Bahrain)>	<MakeStatement>	<Labor_and_Employment_Ministry_(Bahrain)>
<Oversight_Court_(South_Korea)>	<Ease_administrative_sanctions>	<Lawmaker_(South_Korea)>
<House_of_Representatives_(Russia)>	<MakeStatement>	<Holy_See>
<Shah_Mehmood_Qureshi>	<MakeStatement>	<Ivan_Gasparovic>
<Iran>	<MakeStatement>	<Morteza_Sarmadi>
<Undersecretary_(Kuwait)>	<MakeStatement>	<Kuwait>
<House_of_Representatives_(Russia)>	<Make_a_visit>	<France>
<Police_(South_Africa)>	<MakeStatement>	<Romania>
<Lawmaker_(Vietnam)>	<Express_intent_to_meet_or_negotiate>	<Iran>
<Len_Brown>	<Investigate>	<New_Zealand>
<Gambia>	<MakeStatement>	<City_Mayor_(Italy)>
<Tsakhiagiyn_Elbegdorj>	<Express_intent_to_meet_or_negotiate>	<Xi_Jinping>
<China>	<Demand>	<Philippines>
<Court_Judge_(United_Kingdom)>	<MakeStatement>	<Government_(Panama)>
<Fire_Brigade_(China)>	<MakeStatement>	<China>
<Defense_/_Security_Ministry_(Nigeria)>	<MakeStatement>	<Government_(Nigeria)>
<Pavlo_Klimkin>	<MakeStatement>	<Cabinet_/_Council_of_Ministers_/_Advisors_(Somalia)>
<Pdea>	<Engage_in_symbolic_act>	<City_Mayor_(Philippines)>
<Military_(Lebanon)>	<MakeStatement>	<Detainee_(Lebanon)>
<Pope_Francis>	<MakeStatement>	<Holy_See>
<South_African_National_Defence_Force>	<Consult>	<Chang_Wanquan>
<Cabinet_/_Council_of_Ministers_/_Advisors_(United_States)>	<MakeStatement>	<Fumio_Kishida>
<Cleric_(Iraq)>	<MakeStatement>	<Thief_(Poland)>
<Oversight_Court_(South_Korea)>	<MakeStatement>	<Chief_Court_Judge_(Zambia)>
<Planning_Commission_(Nigeria)>	<MakeStatement>	<Ministry_(Nigeria)>
<Head_of_Government_(Mauritania)>	<MakeStatement>	<Mauritania>
<Defense_/_Security_Ministry_(Ukraine)>	<MakeStatement>	<Militant_(Ukraine)>
<Meretz>	<MakeStatement>	<Tzipi_Livni>
<Lawyer/Attorney_(South_Korea)>	<Arrest_detain_or_charge_with_legal_action>	<Lawmaker_(South_Korea)>
<China>	<MakeStatement>	<Vietnam>
<Congress_(United_States)>	<Consult>	<Algirdas_Butkevičius>
<Military_Personnel_(South_Korea)>	<MakeStatement>	<Ministry_(Vietnam)>
<Cabinet_/_Council_of_Ministers_/_Advisors_(Angola)>	<MakeStatement>	<Angola>
<Cabinet_/_Council_of_Ministers_/_Advisors_(United_States)>	<Make_a_visit>	<Myanmar>
<Mohammad_Javad_Zarif>	<Consult>	<Haider_Al-Abadi>
<John_Kerry>	<MakeStatement>	<National_Coalition_for_Syrian_Revolutionary_and_Opposition_Forces>
<Military_Personnel_(Nigeria)>	<MakeStatement>	<Militant_(Boko_Haram)>
<Bratislav_Gasic>	<MakeStatement>	<Sikh_(India)>
<Lawyer/Attorney_(Australia)>	<MakeStatement>	<Criminal_(Australia)>
<Amit_Shah>	<Praise_or_endorse>	<Employee_(India)>
<Armed_Gang_(Egypt)>	<MakeStatement>	<Dimitrios_Avramopoulos>
<United_Party_for_National_Development>	<MakeStatement>	<Government_(Sweden)>
<Party_Member_(Afghanistan)>	<MakeStatement>	<Justice_Department/Ministery_(Philippines)>
<Civic_Group_(Croatia)>	<MakeStatement>	<City_Mayor_(Croatia)>
<Chuck_Hagel>	<MakeStatement>	<Al_Arabiya>
<High_Ranking_Military_Personnel_(Pakistan)>	<MakeStatement>	<Militant_(Taliban)>
<Foreign_Affairs_(Russia)>	<Criticize_or_denounce>	<Israeli_Defense_Forces>
<North_Atlantic_Treaty_Organization>	<Use_conventional_military_force>	<Military_(Russia)>
<South_Africa>	<MakeStatement>	<China>
<Vitaliy_Yarema>	<MakeStatement>	<Defense_/_Security_Ministry_(Ukraine)>
<Prayuth_Chan-ocha>	<MakeStatement>	<Military_(Thailand)>
<Lawyer/Attorney_(Peru)>	<MakeStatement>	<Court_Judge_(Nigeria)>
<Labor_Union_(Nigeria)>	<MakeStatement>	<Guerrilla_(Revolutionary_Armed_Forces_of_Colombia)>
<Foreign_Affairs_(Russia)>	<MakeStatement>	<Iraq>
<Colombia>	<Host_a_visit>	<Juan_Carlos_Pinzon>
<Gambia>	<Consult>	<Other_Authorities_/_Officials_(Gambia)>
<Makame_Mbarawa>	<MakeStatement>	<Tanzania>
<Government_(United_States)>	<MakeStatement>	<Civic_Group_(Kenya)>
<Salvador_Sánchez_Cerén>	<MakeStatement>	<Guerrilla_(El_Salvador)>
<Dinh_Tien_Dung>	<MakeStatement>	<Ministry_(Vietnam)>
<Ayatollah_Seyyed_Ahmad_Alamolhoda>	<MakeStatement>	<Iran>
<Ministry_(Nigeria)>	<MakeStatement>	<Media_(Africa)>
<Defense_/_Security_Ministry_(Ukraine)>	<MakeStatement>	<North_Atlantic_Treaty_Organization>
<Court_Judge_(Nigeria)>	<Investigate>	<Government_(Nigeria)>
<Ministry_(Morocco)>	<MakeStatement>	<Morocco>
<Kidnapper_(Taiwan)>	<MakeStatement>	<Military_Personnel_-_Special_(Kenya)>
<South_Sudan>	<Arrest_detain_or_charge_with_legal_action>	<Citizen_(Kenya)>
<Yamfwa_Mukanga>	<MakeStatement>	<Government_(United_States)>
<Sebastian_Ndeitunga>	<MakeStatement>	<Police_(Namibia)>
<Lawyer/Attorney_(South_Korea)>	<Investigate_crime_corruption>	<Citizen_(South_Korea)>
<Thailand>	<Host_a_visit>	<Foreign_Affairs_(Russia)>
<Citizen_(Kenya)>	<MakeStatement>	<Volvo>
<Barack_Obama>	<MakeStatement>	<Government_(Nigeria)>
<Criminal_(Somalia)>	<MakeStatement>	<Communist_Party_of_Bohemia_and_Moravia>
<Military_(Senegal)>	<Use_conventional_military_force>	<Student_(Senegal)>
<Media_Personnel_(International)>	<MakeStatement>	<John_Kerry>
<Joseph_Robinette_Biden>	<Discuss_by_telephone>	<Haider_Al-Abadi>
<Citizen_(India)>	<MakeStatement>	<Education_(Nigeria)>
<Amina_Mohamed>	<MakeStatement>	<South_Sudan>
<Ganiyu_Solomon>	<Make_empathetic_comment>	<Citizen_(Nigeria)>
<High_Ranking_Military_Personnel_(Jordan)>	<MakeStatement>	<Police_(Jordan)>
<Extremist_(Lebanon)>	<MakeStatement>	<Military_(Lebanon)>
<Arnaud_Montebourg>	<Criticize_or_denounce>	<Government_(France)>
<Royal_Administration_(Nigeria)>	<Express_intent_to_cooperate>	<Rauf_Aregbesola>
<Chuck_Hagel>	<MakeStatement>	<Lawmaker_(Turkey)>
<Dunya_Maumoon>	<MakeStatement>	<Maldives>
<Pier_Ferdinando_Casini>	<MakeStatement>	<Iran>
<Indigenous_People_(Nigeria)>	<Demand>	<Military_Personnel_-_Special_(Nigeria)>
<UN_Security_Council>	<MakeStatement>	<Sudan>
<Police_(Ukraine)>	<MakeStatement>	<Protester_(Ukraine)>
<Caitlin_Hayden>	<MakeStatement>	<Imad_Mugniyah>
<Police_(El_Salvador)>	<MakeStatement>	<Criminal_(El_Salvador)>
<Marziyeh_Afkham>	<Make_empathetic_comment>	<China>
<Raheel_Sharif>	<Consult>	<Imran_Khan>
<Amnesty_International>	<MakeStatement>	<Media_Personnel_(Thailand)>
<Government_(Pakistan)>	<Accuse>	<Protester_(Pakistan)>
<Agriculture_/_Fishing_/_Forestry_Ministry_(Sudan)>	<MakeStatement>	<Sudan>
<Combatant_(Islamic_State_of_Iraq_and_the_Levant)>	<MakeStatement>	<Government_(Germany)>
<Association_of_Southeast_Asian_Nations>	<Express_intent_to_meet_or_negotiate>	<Myanmar>
<Citizen_(Nigeria)>	<Consult>	<The_Sunday_Independent>
<Government_(Nigeria)>	<MakeStatement>	<Fula_people>
<Police_(South_Africa)>	<fight_with_small_arms_and_light_weapons>	<Lungelo_Dlamini>
<Qassim_Atta>	<MakeStatement>	<Air_Force_(Iraq)>
<Toru_Hashimoto>	<MakeStatement>	<Newspaper_(Japan)>
<Government_(Pakistan)>	<Express_intent_to_meet_or_negotiate>	<Imran_Khan>
<Sergey_Viktorovich_Lavrov>	<Make_a_visit>	<Kazakhstan>
<Amina_Mohamed>	<Praise_or_endorse>	<Iran>
<National_Council_for_Peace_and_Order_of_Thailand>	<Make_empathetic_comment>	<China>
<Benjamin_Netanyahu>	<MakeStatement>	<Police_(Israel)>
<Archbishop_(Australia)>	<MakeStatement>	<Lawyer/Attorney_(Australia)>
<Bradesco>	<MakeStatement>	<Government_Affiliated_Bank_(Brazil)>
<Men_(India)>	<Criticize_or_denounce>	<Court_Judge_(India)>
<Barack_Obama>	<MakeStatement>	<Raúl_Castro>
<Susana_Villaran>	<MakeStatement>	<Business_(Peru)>
<Emal_Faizi>	<MakeStatement>	<Afghanistan>
<Cabinet_/_Council_of_Ministers_/_Advisors_(United_States)>	<Make_a_visit>	<Afghanistan>
<Citizen_(Yemen)>	<Accuse>	<Armed_Rebel_(Yemen)>
<Pope_Francis>	<MakeStatement>	<Priest_(Holy_See_(Vatican_City_State))>
<Lawyer/Attorney_(Sierra_Leone)>	<MakeStatement>	<Member_of_the_Judiciary_(Sierra_Leone)>
<Abdullah_Abdullah>	<MakeStatement>	<Afghanistan>
<France>	<Host_a_visit>	<Royal_Administration_(Saudi_Arabia)>
<R.S._Naik>	<MakeStatement>	<Government_(Argentina)>
<New_Zealand>	<MakeStatement>	<Ministry_(Zimbabwe)>
<High_Ranking_Military_Personnel_(Pakistan)>	<MakeStatement>	<Criminal_(Pakistan)>
<Cabinet_/_Council_of_Ministers_/_Advisors_(United_States)>	<Make_an_appeal_or_request>	<China>
<Military_Personnel_(United_States)>	<Employ_aerial_weapons>	<Combatant_(Islamic_State_of_Iraq_and_the_Levant)>
<Eugene_Wamalwa>	<Appeal_for_change_in_leadership>	<Citizen_(Kenya)>
<Citizen_(Nigeria)>	<Make_an_appeal_or_request>	<Treasury/Finance_Ministry_(Nigeria)>
<National_Alliance_(Iraq)>	<Appeal_for_change_in_institutions_regime>	<Haider_Al-Abadi>
<Chang_Wanquan>	<Consult>	<South_African_National_Defence_Force>
<Thailand>	<MakeStatement>	<Cambodia>
<Geng_Yansheng>	<MakeStatement>	<Japan>
<Health_Ministry_(Iraq)>	<MakeStatement>	<Foreign_Affairs_(Russia)>
<Angus_Houston>	<MakeStatement>	<Associated_Press>
<Alexander_Lukashevich>	<MakeStatement>	<Canada>
<Isaac_Kiprono_Ruto>	<MakeStatement>	<Member_of_Legislative_(Govt)_(Kenya)>
<John_Kerry>	<MakeStatement>	<UN_Security_Council>
<Governor_(Yemen)>	<MakeStatement>	<Militant_(Yemen)>
<UN_Security_Council>	<MakeStatement>	<Government_(Syria)>
<South_Korea>	<Consult>	<National_Security_Advisor_(South_Korea)>
<Marziyeh_Afkham>	<MakeStatement>	<Iran>
<Treasury/Finance_Ministry_(Nigeria)>	<MakeStatement>	<Boko_Haram>
<Massoud_Barzani>	<MakeStatement>	<Iraq>
<Militant_(Iraq)>	<MakeStatement>	<Military_Personnel_-_Special_(Nigeria)>
<Police_(Kenya)>	<MakeStatement>	<Immigrants_(Ethiopia)>
<Hassan_Joho>	<MakeStatement>	<Government_(Kenya)>
<Benjamin_Netanyahu>	<MakeStatement>	<Israeli_Defense_Forces>
<Media_(Pakistan)>	<Consult>	<Ishaq_Dar>
<Mohammad_Javad_Zarif>	<MakeStatement>	<Afghanistan>
<Takeshi_Onaga>	<Reject>	<Japan>
<Government_(Croatia)>	<MakeStatement>	<Ministry_(Croatia)>
<Police_(Philippines)>	<MakeStatement>	<Philippines>
<Police_(Australia)>	<Arrest_detain_or_charge_with_legal_action>	<Citizen_(Australia)>
<Terrorist_Leader_(Islamic_State_of_Iraq_and_the_Levant)>	<Use_unconventional_violence>	<Citizen_(Australia)>
<City_Mayor_(South_Africa)>	<MakeStatement>	<Government_(South_Africa)>
<Royal_Air_Force>	<MakeStatement>	<Attack_Craft_(United_Kingdom)>
<Abdel_Fattah_Al-Sisi>	<MakeStatement>	<Secretariat_(Egypt)>
<Party_President_(Telugu_Desam_Party)>	<Criticize_or_denounce>	<Citizen_(India)>
<Tomislav_Nikolić>	<MakeStatement>	<European_Parliament>
<Vietnam>	<MakeStatement>	<Military_(Vietnam)>
<Justice_Department/Ministery_(Pakistan)>	<Criticize_or_denounce>	<Tahirul_Qadri>
<Chris_Alexander>	<MakeStatement>	<Canada>
<Foreign_Affairs_(Russia)>	<MakeStatement>	<North_Atlantic_Treaty_Organization>
<David_Choquehuanca>	<MakeStatement>	<Bolivia>
<Hashim_Thaçi>	<MakeStatement>	<Catherine_Ashton>
<Government_(Nigeria)>	<MakeStatement>	<Ogbeni_Rauf_Aregbesola>
<John_Kerry>	<Express_intent_to_meet_or_negotiate>	<Myanmar>
<Lawyer/Attorney_(Turkey)>	<Complain_officially>	<Efkan_Ala>
<Prayuth_Chan-ocha>	<MakeStatement>	<National_Council_for_Peace_and_Order_of_Thailand>
<France>	<MakeStatement>	<South_Korea>
<Iran>	<MakeStatement>	<Edgars_Rinkevics>
<Foreign_Affairs_(Venezuela)>	<Make_a_visit>	<Iran>
<Military_Personnel_(South_Korea)>	<Express_intent_to_provide_military_aid>	<Citizen_(South_Korea)>
<City_Mayor_(Argentina)>	<Investigate>	<Daniel_Scioli>
<Head_of_Government_(Finland)>	<MakeStatement>	<Kazakhstan>
<Salah_al-Bardawil>	<MakeStatement>	<Government_(Palestinian_Territory_Occupied)>
<Member_of_Parliament_(Iran)>	<Make_an_appeal_or_request>	<Abdolreza_Rahmani-Fazli>
<Citizen_(India)>	<Praise_or_endorse>	<Keshari_Nath_Tripathi>
<Ri_Su_Yong>	<MakeStatement>	<Bhupinder_Singh_Hooda>
<Sadiq_al-Mahdi>	<MakeStatement>	<Government_(Sudan)>
<Martine_Ouellet>	<MakeStatement>	<Head_of_Government_(Bulgaria)>
<Adams_Oshiomhole>	<Make_an_appeal_or_request>	<Citizen_(Nigeria)>
<North_Korea>	<MakeStatement>	<Japan>
<Afghanistan>	<MakeStatement>	<Armed_Band_(Afghanistan)>
<United_Party_for_National_Development>	<Deny_responsibility>	<Citizen_(Zambia)>
<Islam_Karimov>	<Host_a_visit>	<Treasury/Finance_Ministry_(Japan)>
<Airline_(Canada)>	<MakeStatement>	<Government_Official_(Russia)>
<Military_(Thailand)>	<Torture>	<Activist_(Thailand)>
<Tajikistan>	<Consult>	<Iran>
<Men_(Morocco)>	<MakeStatement>	<Military_Personnel_-_Special_(Afghanistan)>
<Nhial_Deng_Nhial>	<MakeStatement>	<Ethiopia>
<Police_(Israel)>	<Impose_administrative_sanctions>	<Women_(Palestinian_Territory_Occupied)>
<Police_(Peru)>	<MakeStatement>	<Medical_Personnel_(Peru)>
<Sudan>	<MakeStatement>	<Benazir_Bhutto>
<Sam_Nda-Isaiah>	<MakeStatement>	<Foreign_Affairs_(Syria)>
<Media_Personnel_(Somalia)>	<MakeStatement>	<Al-Shabaab>
<Shozaburo_Nakamura>	<MakeStatement>	<New_Democracy>
<Alfonso_Prat_Gay>	<Make_an_appeal_or_request>	<Congress_(Argentina)>
<Mohammad_Javad_Zarif>	<Consult>	<Amina_Mohamed>
<Victor_Ponta>	<MakeStatement>	<European_Parliament>
<Myanmar>	<Host_a_visit>	<Julie_Bishop>
<Melissa_Fleming>	<MakeStatement>	<Asylum_Seeker_(Sudan)>
<Xi_Jinping>	<MakeStatement>	<Tanzania>
<Mohammad_Reza_Naqdi>	<MakeStatement>	<Iran>
<Kathleen_Stephens>	<MakeStatement>	<Government_(United_States)>
<Chongwadai>	<MakeStatement>	<Government_(United_States)>
<Shimon_Peres>	<Consult>	<Tony_Blair>
<Activist_(France)>	<MakeStatement>	<France>
<Philipp_Rösler>	<MakeStatement>	<Vietnam>
<Iran>	<Engage_in_diplomatic_cooperation>	<Qatar>
<Alexander_Lukashevich>	<MakeStatement>	<Sergey_Viktorovich_Lavrov>
<Iran>	<MakeStatement>	<Barack_Obama>
<Abdol-Reza_Mesri>	<MakeStatement>	<European_Parliament>
<Lawyer/Attorney_(Colombia)>	<Arrest_detain_or_charge_with_legal_action>	<Justice_Department/Ministery_(Colombia)>
<UN_Security_Council>	<Make_an_appeal_or_request>	<Armed_Rebel_(Yemen)>
<Yves-Fran_Francois_Blanchet>	<MakeStatement>	<Canada>
<Head_of_Government_(Ecuador)>	<MakeStatement>	<Government_(Ecuador)>
<Raheel_Sharif>	<MakeStatement>	<Head_of_Government_(Greece)>
<Al_Arabiya>	<MakeStatement>	<Royal_Administration_(Saudi_Arabia)>
<Barack_Obama>	<Express_intent_to_meet_or_negotiate>	<UN_Security_Council>
<Kaci_Hickox>	<MakeStatement>	<Nurse_(United_States)>
<Justice_Department/Ministery_(Libya)>	<MakeStatement>	<Ahmed_Abu_Khatallah>
<Uhuru_Muigai_Kenyatta>	<MakeStatement>	<Qatar>
<Yu_Zhengsheng>	<Express_intent_to_provide_material_aid>	<China>
<China>	<MakeStatement>	<Iran>
<Ganiyu_Solomon>	<MakeStatement>	<Police_(South_Africa)>
<Domestic_Affairs_(France)>	<MakeStatement>	<France>
<Police_(Philippines)>	<MakeStatement>	<Military_(Philippines)>
<Director_General_(Russia)>	<MakeStatement>	<Business_(Russia)>
<Theresa_May>	<MakeStatement>	<Cabinet_/_Council_of_Ministers_/_Advisors_(Libya)>
<Le_Hong_Anh>	<Consult>	<Xi_Jinping>
<Tahirul_Qadri>	<Protest_violently_riot>	<Government_(Pakistan)>
<Police_(Japan)>	<Arrest_detain_or_charge_with_legal_action>	<Citizen_(Thailand)>
<Al-Shabaab>	<Return_release_person(s)>	<Businessperson_(Somalia)>
<Police_(Albania)>	<MakeStatement>	<Government_(Panama)>
<Ministry_(Nigeria)>	<MakeStatement>	<Farm_Worker_(Nigeria)>
<Media_Personnel_(Honduras)>	<MakeStatement>	<Court_Judge_(Honduras)>
<James_Ongwae>	<MakeStatement>	<Media_(Africa)>
<Party_President_(Romania)>	<MakeStatement>	<Klaus_Johannis>
<James_Selfe>	<MakeStatement>	<Media_Personnel_(United_States)>
<Cleric_(Iraq)>	<Consult>	<Mohammad_Javad_Zarif>
<John_Kerry>	<MakeStatement>	<Angola>
<Prayuth_Chan-ocha>	<MakeStatement>	<Government_(Qatar)>
<Head_of_Government_(China)>	<MakeStatement>	<Businessperson_(China)>
<Sean_Edwards>	<MakeStatement>	<Police_(United_States)>
<Government_(Venezuela)>	<MakeStatement>	<Office_of_the_United_Nations_High_Commissioner_for_Human_Rights>
<Head_of_Government_(Chile)>	<MakeStatement>	<City_Mayor_(Chile)>
<Police_(New_Zealand)>	<Engage_in_material_cooperation>	<Other_Authorities_/_Officials_(Switzerland)>
<Foreign_Affairs_(Latvia)>	<MakeStatement>	<Edgars_Rinkevics>
<François_Hollande>	<Praise_or_endorse>	<Government_(France)>
<Lawyer/Attorney_(Philippines)>	<MakeStatement>	<Justice_Department/Ministery_(Philippines)>
<UN_Security_Council>	<MakeStatement>	<Other_Authorities_/_Officials_(Russia)>
<Media_Personnel_(Thailand)>	<MakeStatement>	<Military_Personnel_(Thailand)>
<National_Hurricane_Center>	<MakeStatement>	<Head_of_Government_(India)>
<National_Coalition_Party>	<MakeStatement>	<Alexander_Stubb>
<François_Hollande>	<MakeStatement>	<France>
<Amit_Shah>	<MakeStatement>	<Criminal_(Argentina)>
<Ethiopia>	<MakeStatement>	<Al-Shabaab>
<Blogger_(Australia)>	<MakeStatement>	<Police_(Australia)>
<Media_Personnel_(Angola)>	<Consult>	<Manuel_Augusto>
<Kidnapper_(Taiwan)>	<Use_unconventional_violence>	<Businessperson_(Taiwan)>
<Willem-Alexander>	<MakeStatement>	<Cambodia>
<Indigenous_People_(Kenya)>	<MakeStatement>	<Military_(Thailand)>
<Tsakhiagiyn_Elbegdorj>	<MakeStatement>	<Japan>
<Vietnam>	<Consult>	<Myanmar>
<Foreign_Affairs_(United_States)>	<MakeStatement>	<Angola>
<Liu_Jieyi>	<MakeStatement>	<China>
<Media_Personnel_(Iran)>	<MakeStatement>	<Militant_(Somalia)>
<Willem-Alexander>	<Express_intent_to_meet_or_negotiate>	<South_Korea>
<Malaysia>	<MakeStatement>	<Armed_Rebel_(Ukraine)>
<Micky_Rosenfeld>	<MakeStatement>	<Tourist_(United_States)>
<Media_Personnel_(New_Zealand)>	<MakeStatement>	<Government_(New_Zealand)>
<Juan_Antonio_Coloma>	<MakeStatement>	<Foreign_Affairs_(Chile)>
<Catherine_Ashton>	<Express_intent_to_meet_or_negotiate>	<Mohammad_Javad_Zarif>
<Iran>	<Consult>	<Oman>
<Uganda_People's_Defence_Force>	<Provide_humanitarian_aid>	<Women_(Uganda)>
<Mexico>	<Arrest_detain_or_charge_with_legal_action>	<Men_(Mexico)>
<North_American_Aerospace_Defense_Command>	<MakeStatement>	<Military_(Russia)>
<Association_of_Southeast_Asian_Nations>	<Praise_or_endorse>	<Philippines>
<Media_Personnel_(International)>	<Consult>	<Sergey_Viktorovich_Lavrov>
<Military_(Lebanon)>	<Use_conventional_military_force>	<Combatant_(Islamic_State_of_Iraq_and_the_Levant)>
<Military_(Lebanon)>	<MakeStatement>	<Military_Personnel_(Lebanon)>
<Sergey_Viktorovich_Lavrov>	<MakeStatement>	<RIA_Novosti>
<Barack_Obama>	<MakeStatement>	<Government_(Syria)>
<Holy_See>	<Engage_in_diplomatic_cooperation>	<Pope_Francis>
<Media_Personnel_(Pakistan)>	<MakeStatement>	<Abdul_Aziz>
<Insurgent_(Afghanistan)>	<MakeStatement>	<Foreign_Affairs_(Lebanon)>
<Ravi_Shankar_Prasad>	<MakeStatement>	<Head_of_Government_(India)>
<Adebisi_Akande>	<Accuse>	<Government_(Nigeria)>
<Defense_/_Security_Ministry_(Azerbaijan)>	<MakeStatement>	<Austria_Press_Agency>
<Party_Member_(Japan)>	<MakeStatement>	<Japan>
<Frank_Bainimarama>	<MakeStatement>	<Fiji>
<Citizen_(Indonesia)>	<MakeStatement>	<Imad_Mugniyah>
<Taufa'ahau_Tupou_IV>	<MakeStatement>	<Tonga>
<Philippe_Couillard>	<MakeStatement>	<William_Ruto>
<Aam_Aadmi_Party>	<MakeStatement>	<National_Party_(India)>
<Member_of_Parliament_(Australia)>	<MakeStatement>	<Criminal_(Australia)>
<Citizen_(Nigeria)>	<Make_an_appeal_or_request>	<Indigenous_People_(Nigeria)>
<Police_(South_Korea)>	<Arrest_detain_or_charge_with_legal_action>	<Lawmaker_(South_Korea)>
<Scientist_(France)>	<MakeStatement>	<Environmentalist_(France)>
<High_Ranking_Military_Personnel_(Jordan)>	<MakeStatement>	<Ministry_(Jordan)>
<Amnesty_International>	<Threaten>	<Government_(Nigeria)>
<Cheng_Yonghua>	<MakeStatement>	<China>
<Iran>	<MakeStatement>	<Mohammad_Javad_Zarif>
<Amit_Shah>	<Make_an_appeal_or_request>	<Citizen_(India)>
<Edwin_Kanguatjivi>	<MakeStatement>	<Police_(Namibia)>
<Xi_Jinping>	<Express_intent_to_meet_or_negotiate>	<Tsakhiagiyn_Elbegdorj>
<Yoon_Sang-jick>	<MakeStatement>	<South_Korea>
<Police_(Ukraine)>	<MakeStatement>	<Arseniy_Yatsenyuk>
<Iraq>	<Grant_diplomatic_recognition>	<Fiji>
<Election_Commission_(Fiji)>	<MakeStatement>	<Political_Parties_(Fiji)>
<Other_Authorities_/_Officials_(Zimbabwe)>	<MakeStatement>	<Federal_Police>
<Miguel_Ángel_Osorio_Chong>	<MakeStatement>	<Government_(Mexico)>
<Foreign_Affairs_(United_States)>	<MakeStatement>	<South_Sudan>
<Nuri_al-Maliki>	<MakeStatement>	<Air_Force_(Iraq)>
<Association_of_Southeast_Asian_Nations>	<MakeStatement>	<Head_of_Government_(Ukraine)>
<Alfred_Romualdez>	<MakeStatement>	<Philippines>
<Noh_Kwang-il>	<MakeStatement>	<South_Korea>
<Activist_(Colombia)>	<MakeStatement>	<Lawyer/Attorney_(Colombia)>
<Foreign_Affairs_(Benin)>	<Express_intent_to_meet_or_negotiate>	<Mohammad_Javad_Zarif>
<Industrial_/_Textiles_/_Mining_Ministry_(China)>	<MakeStatement>	<China>
<Sergey_Viktorovich_Lavrov>	<MakeStatement>	<Joseph_Robinette_Biden>
<Head_of_Government_(Bahamas)>	<MakeStatement>	<Government_(Bahamas)>
<Benjamin_Netanyahu>	<MakeStatement>	<Iran>
<Iran>	<Praise_or_endorse>	<Hamas>
<John_Kerry>	<MakeStatement>	<North_Korea>
<Pavlo_Klimkin>	<Express_intent_to_meet_or_negotiate>	<Foreign_Affairs_(Russia)>
<City_Mayor_(Djibouti)>	<MakeStatement>	<Villager_(Hong_Kong)>
<Congress_of_South_African_Trade_Unions>	<Make_pessimistic_comment>	<Nurse_(Africa)>
<Media_Personnel_(Pakistan)>	<MakeStatement>	<Cleric_(Pakistan)>
<Pdea>	<MakeStatement>	<Criminal_(Philippines)>
<Martine_Ouellet>	<Criticize_or_denounce>	<Transport_Canada>
<Thaksin_Shinawatra>	<MakeStatement>	<Tamerlan_Tsarnaev>
<Bolivia>	<MakeStatement>	<Business_(Russia)>
<Wang_Anshun>	<MakeStatement>	<China>
<Virgin_Atlantic_Airways>	<MakeStatement>	<Air_France>
<UN_Security_Council>	<Consult>	<Edmond_Mulet>
<Nikos_Christodoulides>	<MakeStatement>	<Nicos_Anastasiades>
<Ministry_(La_Francophonie)>	<MakeStatement>	<Canada>
<Indigenous_People_(Nigeria)>	<MakeStatement>	<Education_(Nigeria)>
<Police_(Kenya)>	<MakeStatement>	<The_Standard>
<National_Health_and_Family_Planning_Commission>	<Express_intent_to_meet_or_negotiate>	<Sierra_Leone>
<Student_(Senegal)>	<Use_unconventional_violence>	<Police_(Senegal)>
<African_Union>	<Make_pessimistic_comment>	<Sudan>
<John_Kerry>	<Consult>	<Fumio_Kishida>
<Media_Personnel_(Saudi_Arabia)>	<MakeStatement>	<Media_(Saudi_Arabia)>
<Canada>	<Accuse_of_espionage_treason>	<China>
<Anthony_Garotinho>	<Criticize_or_denounce>	<Citizen_(Brazil)>
<Marou_Amadou>	<MakeStatement>	<Attacker_(Niger)>
<Dmitry_Anatolyevich_Medvedev>	<Express_intent_to_meet_or_negotiate>	<Member_of_Parliament_(Ukraine)>
<Xi_Jinping>	<MakeStatement>	<Military_(China)>
<Border_Security_Force>	<MakeStatement>	<Pakistan_Tehreek-e-Insaf>
<Police_(Kenya)>	<MakeStatement>	<Mob_(Kenya)>
<Gilles_Jaron>	<MakeStatement>	<Military_(France)>
<Tsakhiagiyn_Elbegdorj>	<Praise_or_endorse>	<South_Korea>
<Ministry/Department_of_Technology_(Iraq)>	<MakeStatement>	<Militant_(Iraq)>
<Supreme_Council_(Iraq)>	<MakeStatement>	<Court_Judge_(Iraq)>
<Royal_Administration_(Iraq)>	<MakeStatement>	<Iraq>
<Japan>	<Make_an_appeal_or_request>	<Cho_Tai-young>
<Malawi_Electoral_Commission>	<MakeStatement>	<Political_Parties_(Malawi)>
<Barack_Obama>	<MakeStatement>	<Xi_Jinping>
<Member_of_Parliament_(Iran)>	<MakeStatement>	<Mohammad_Javad_Zarif>
<Greenpeace>	<MakeStatement>	<Activist_(United_States)>
<Party_Member_(Japan)>	<Deny_responsibility>	<China>
<Aam_Aadmi_Party>	<Express_intent_to_provide_material_aid>	<Men_(India)>
<Main_Opposition_(Fiji)>	<Accuse>	<Defense_/_Security_Ministry_(Fiji)>
<Police_(United_States)>	<MakeStatement>	<Defense_/_Security_Ministry_(Angola)>
<Arnaud_Montebourg>	<Criticize_or_denounce>	<France>
<Joseph_Ole_Lenku>	<MakeStatement>	<High_Commission_for_Refugees>
<Joe_Oliver>	<MakeStatement>	<Barack_Obama>
<Chibuike_Rotimi_Amaechi>	<Make_pessimistic_comment>	<Government_(Nigeria)>
<Military_Personnel_(Nigeria)>	<MakeStatement>	<Government_(Nigeria)>
<Director_General_(Cambodia)>	<MakeStatement>	<Cambodia>
<Legislature_(China)>	<MakeStatement>	<China>
<Domestic_Affairs_(Spain)>	<MakeStatement>	<Civil_Guard>
<Company_-_Owner_or_Operator_(Iran)>	<Consult>	<Business_(Iran)>
<Japan>	<MakeStatement>	<North_Korea>
<Mahamat_Saleh_Annadif>	<MakeStatement>	<African_Union>
<Abdel_Fattah_Al-Sisi>	<Engage_in_diplomatic_cooperation>	<Other_Authorities_/_Officials_(Egypt)>
<Youth_and_Sports_Ministry_(Tunisia)>	<Consider_policy_option>	<Shura_Council>
<Police_(Poland)>	<MakeStatement>	<Thief_(Poland)>
<Dinka>	<MakeStatement>	<Riek_Machar>
<Afghanistan>	<MakeStatement>	<Abdullah_Abdullah>
<Middle_East>	<Consult>	<Association_of_Southeast_Asian_Nations>
<Media_(South_Africa)>	<Consult>	<City_Mayor_(South_Africa)>
<Northern_Ireland>	<MakeStatement>	<Combatant_(Turkey)>
<Military_Personnel_-_Special_(Kenya)>	<MakeStatement>	<Employee_(Bosnia_and_Herzegovina)>
<John_Kerry>	<MakeStatement>	<Haider_Al-Abadi>
<Member_of_the_Judiciary_(United_Kingdom)>	<Arrest_detain_or_charge_with_legal_action>	<Citizen_(United_Kingdom)>
<Police_(Australia)>	<MakeStatement>	<Media_Personnel_(Australia)>
<Fumio_Kishida>	<MakeStatement>	<Japan>
<Foreign_Affairs_(United_States)>	<MakeStatement>	<Political_Parties_(Kosovo)>
<China>	<MakeStatement>	<Japan>
<Business_(Netherlands)>	<MakeStatement>	<France>
<Barack_Obama>	<MakeStatement>	<Military_(Russia)>
<Cambodia>	<Arrest_detain_or_charge_with_legal_action>	<Khmer_Rouge>
<Chaturon_Chaisang>	<MakeStatement>	<Ministry_(Thailand)>
<Media_Personnel_(Somalia)>	<MakeStatement>	<Media_(Africa)>
<Arnaud_Montebourg>	<MakeStatement>	<Education_Ministry_(France)>
<Ministry_(Bosnia_and_Herzegovina)>	<MakeStatement>	<Employee_(Bosnia_and_Herzegovina)>
<Mohammad_Javad_Zarif>	<Consult>	<Head_of_Government_(Bangladesh)>
<Court_Judge_(Nigeria)>	<MakeStatement>	<Bala_Abdulkadir_Mohammed>
<Justice_Department/Ministery_(Senegal)>	<MakeStatement>	<Karim_Wade>
<Keiji_Furuya>	<MakeStatement>	<National_Liberal_Party>
<Sergey_Viktorovich_Lavrov>	<MakeStatement>	<Iran>
<Somen_Mitra>	<MakeStatement>	<United_Progressive_Alliance>
<Bismillah_Khan_Mohammadi>	<MakeStatement>	<Afghanistan>
<Mohamed_Osman_Jawari>	<MakeStatement>	<Iran>
<Political_Parties_(Pakistan)>	<Praise_or_endorse>	<Legislature_(Pakistan)>
<Industrial_/_Textiles_/_Mining_Ministry_(Egypt)>	<MakeStatement>	<Argentine_Naval_Prefecture>
<Hamas>	<MakeStatement>	<Benjamin_Netanyahu>
<Head_of_Government_(Mauritania)>	<MakeStatement>	<Government_(Mauritania)>
<Ibrahim_Boubacar_Keïta>	<MakeStatement>	<France>
<Citizen_(Nigeria)>	<MakeStatement>	<Employee_(Kuwait)>
<Royal_Administration_(Saudi_Arabia)>	<MakeStatement>	<Nicos_Anastasiades>
<Court_Judge_(Nigeria)>	<Investigate>	<Citizen_(Nigeria)>
<Member_of_the_Judiciary_(United_Kingdom)>	<MakeStatement>	<Education_Ministry_(France)>
<Al-Shabaab>	<MakeStatement>	<Police_(Dominican_Republic)>
<Ethiopia>	<Express_intent_to_cooperate>	<Sudan>
<Citizen_(India)>	<Threaten>	<Employee_(India)>
<Trade_Official_(Iran)>	<MakeStatement>	<Iran>
<Company_-_Owner_or_Operator_(India)>	<Protest_violently_riot>	<Bhupinder_Singh_Hooda>
<Canada>	<Accuse>	<Hacker_(China)>
<Yoani_Sánchez>	<MakeStatement>	<Government_(United_States)>
<Manuel_Monteiro_de_Castro>	<MakeStatement>	<Police_(Dominican_Republic)>
<Yemi_Osinbajo>	<MakeStatement>	<Muhammadu_Buhari>
<Tahirul_Qadri>	<MakeStatement>	<Government_(Pakistan)>
<Other_Authorities_/_Officials_(Brazil)>	<Engage_in_negotiation>	<Criminal_(Brazil)>
<Theresa_May>	<Demand_change_in_leadership>	<Citizen_(United_Kingdom)>
<Foreign_Affairs_(Russia)>	<MakeStatement>	<Terrorist_Leader_(Syria)>
<Maxon_Mbendera>	<MakeStatement>	<Malawi_Electoral_Commission>
<John_Walker>	<MakeStatement>	<Thief_(United_States)>
<Lawyer/Attorney_(South_Korea)>	<Investigate>	<Citizen_(South_Korea)>
<Mohammad_Javad_Zarif>	<Express_intent_to_meet_or_negotiate>	<Sergey_Viktorovich_Lavrov>
<Malaysia>	<Make_an_appeal_or_request>	<Citizen_(Malaysia)>
<Iraq>	<Use_conventional_military_force>	<Nuri_al-Maliki>
<Environment_Department/Ministry_(Malaysia)>	<MakeStatement>	<Malaysia>
<Nuri_al-Maliki>	<Criticize_or_denounce>	<Iraq>
<Other_Authorities_/_Officials_(Mexico)>	<Arrest_detain_or_charge_with_legal_action>	<Criminal_(Mexico)>
<Hemant_Soren>	<MakeStatement>	<Militia_(Kenya)>
<Foreign_Affairs_(Venezuela)>	<Praise_or_endorse>	<Iran>
<Representatives_(Lithuania)>	<Express_intent_to_meet_or_negotiate>	<Military_(Lithuania)>
<Government_(France)>	<MakeStatement>	<Arnaud_Montebourg>
<Pol_Gen_Somyot_Poompanmoung>	<MakeStatement>	<Police_(Hong_Kong)>
<Media_Personnel_(Pakistan)>	<MakeStatement>	<Imran_Khan>
<Legislature_(Czech_Republic)>	<Express_accord>	<People_Associated_with_the_Opposition_(Czech_Republic)>
<Foreign_Affairs_(United_States)>	<Sign_formal_agreement>	<Julie_Bishop>
<China>	<Express_intent_to_provide_humanitarian_aid>	<South_Sudan>
<Criminal_(Somalia)>	<Abduct_hijack_or_take_hostage>	<Citizen_(India)>
<Mohammad_Javad_Zarif>	<Express_intent_to_meet_or_negotiate>	<Iraq>
<Foreign_Affairs_(Russia)>	<MakeStatement>	<Sergey_Viktorovich_Lavrov>
<Police_(Malaysia)>	<MakeStatement>	<Malaysia>
<Lawmaker_(Spain)>	<MakeStatement>	<Governor_(Spain)>
<Mohamed_Ibn_Chambas>	<Consult>	<UN_Security_Council>
<Philippe_Couillard>	<Consult>	<Kathleen_Wynne>
<Police_(Albania)>	<Arrest_detain_or_charge_with_legal_action>	<Illegal_Immigrant_(Albania)>
<France>	<MakeStatement>	<Benjamin_Netanyahu>
<Governor_(Somalia)>	<MakeStatement>	<Combatant_(Al-Shabaab)>
<R.S._Naik>	<Make_an_appeal_or_request>	<Member_of_Parliament_(India)>
<ITAR_TASS>	<MakeStatement>	<Employee_(Bosnia_and_Herzegovina)>
<South_Korea>	<Criticize_or_denounce>	<Japan>
<Serbia>	<MakeStatement>	<International_Monetary_Fund>
<Aladdin_Boroujerdi>	<Make_an_appeal_or_request>	<UN_Security_Council>
<Military_(Lebanon)>	<Return_release_person(s)>	<Detainee_(Lebanon)>
<Ashraf_Ghani_Ahmadzai>	<MakeStatement>	<North_Atlantic_Treaty_Organization>
<North_Korea>	<Criticize_or_denounce>	<Cabinet_/_Council_of_Ministers_/_Advisors_(United_States)>
<Armed_Band_(Afghanistan)>	<MakeStatement>	<Media_(Africa)>
<Public_Prosecutor_(New_Zealand)>	<MakeStatement>	<Business_(New_Zealand)>
<Tsvetlin_Yovchev>	<MakeStatement>	<Police_(Bulgaria)>
<Police_(Kenya)>	<Engage_in_material_cooperation>	<Citizen_(Kenya)>
<Member_of_Parliament_(Iran)>	<MakeStatement>	<Iran>
<Yi_Xianliang>	<MakeStatement>	<China>
<Vanguard>	<MakeStatement>	<Independence_Party>
<Barack_Obama>	<MakeStatement>	<Military_(China)>
<Chiang_Wei-ling>	<MakeStatement>	<Education_Ministry_(Taiwan)>
<Police_(El_Salvador)>	<MakeStatement>	<Antonio_Guerrero_Rodríguez>
<Suleiman_Abba>	<MakeStatement>	<Xi_Jinping>
<Alfonso_Prat_Gay>	<MakeStatement>	<Jason_C._Hu>
<Civic_Group_(Afghanistan)>	<MakeStatement>	<Election_Commission_(Afghanistan)>
<Royal_Administration_(Saudi_Arabia)>	<Make_a_visit>	<France>
<Media_Personnel_(International)>	<MakeStatement>	<Xi_Jinping>
<Court_Judge_(United_Kingdom)>	<Criticize_or_denounce>	<Citizen_(United_Kingdom)>
<Presidential_Candidate_(Afghanistan)>	<MakeStatement>	<Abdullah_Abdullah>
<Legislature_(Mongolia)>	<MakeStatement>	<Chimed_Saikhanbileg>
<Government_(Mexico)>	<MakeStatement>	<Mexico>
<Citizen_(Indonesia)>	<Use_unconventional_violence>	<Police_(Indonesia)>
<North_Korea>	<Criticize_or_denounce>	<UN_Security_Council>
<Police_(Peru)>	<Investigate>	<Armed_Gang_(Peru)>
<Cleric_(Nigeria)>	<MakeStatement>	<Boko_Haram>
<Iraq>	<MakeStatement>	<Business_(Iraq)>
<Royal_Bank_of_Scotland>	<MakeStatement>	<Barclays_PLC>
<City_Mayor_(Somalia)>	<MakeStatement>	<Cabinet_/_Council_of_Ministers_/_Advisors_(Somalia)>
<Thailand>	<Impose_administrative_sanctions>	<Citizen_(Australia)>
<Aladdin_Boroujerdi>	<MakeStatement>	<Iran>
<South_Africa>	<Express_intent_to_engage_in_diplomatic_cooperation_(such_as_policy_support)>	<Mauritania>
<John_Boehner>	<MakeStatement>	<Iraq>
<Legislature_(Czech_Republic)>	<MakeStatement>	<Education_(Greece)>
<Paolo_Gentiloni>	<MakeStatement>	<Iran>
<South_Korea>	<MakeStatement>	<North_Korea>
<Men_(Morocco)>	<Use_unconventional_violence>	<Morocco>
<William_Ruto>	<MakeStatement>	<Military_Personnel_-_Special_(Kenya)>
<Rebel_Group_(South_Africa)>	<Use_unconventional_violence>	<Joseph_Kabila>
<Ahmad_Zahid_Hamidi>	<MakeStatement>	<Police_(Malaysia)>
<National_Alliance_(Iraq)>	<MakeStatement>	<Armed_Gang_(United_States)>
<Military_Personnel_(Kenya)>	<Make_an_appeal_or_request>	<Citizen_(Kenya)>
<Yasuo_Fukuda>	<MakeStatement>	<Japan>
<Uighur_(China)>	<MakeStatement>	<China>
<Fumio_Kishida>	<Consult>	<Ri_Su_Yong>
<Joselito_Atienza>	<MakeStatement>	<Police_(Philippines)>
<Other_Authorities_/_Officials_(Mexico)>	<MakeStatement>	<Criminal_(Mexico)>
<Imran_Khan>	<Demonstrate_or_rally>	<Government_(Pakistan)>
<Japan>	<Make_pessimistic_comment>	<China>
<Sergey_Viktorovich_Lavrov>	<MakeStatement>	<UN_Security_Council>
<UN_Security_Council>	<Make_an_appeal_or_request>	<Government_(Sudan)>
<Representatives_(United_States)>	<Accuse>	<Japan_Self-Defense_Forces>
<Iraq>	<Use_conventional_military_force>	<Militant_(Iraq)>
<Burundi>	<MakeStatement>	<Armed_Rebel_(Syria)>
<David_Hanson>	<MakeStatement>	<France>
<Likud>	<MakeStatement>	<Government_(Pakistan)>
<Laos>	<Consult>	<Cambodia>
<Laos>	<MakeStatement>	<Al_Arabiya>
<Ministry_of_Women_(India)>	<MakeStatement>	<Bhupinder_Singh_Hooda>
<France>	<Express_intent_to_provide_military_aid>	<Combatant_(Iraqi_Kurds)>
<Abdullah_Abdullah>	<MakeStatement>	<Party_Member_(Afghanistan)>
<Government_(France)>	<Make_an_appeal_or_request>	<Air_France>
<National_Health_and_Family_Planning_Commission>	<MakeStatement>	<China>
<Massoud_Barzani>	<Consult>	<François_Hollande>
<Benjamin_Netanyahu>	<Criticize_or_denounce>	<Cabinet_/_Council_of_Ministers_/_Advisors_(Israel)>
<Sergey_Viktorovich_Lavrov>	<MakeStatement>	<Victoria_Nuland>
<Agence_France-Presse>	<MakeStatement>	<Abdel_Fattah_Al-Sisi>
<Civil_Aviation_Authority>	<MakeStatement>	<Vietnam>
<France>	<MakeStatement>	<Military_Personnel_(Mali)>
<Xi_Jinping>	<MakeStatement>	<Vietnam>
<Emmanuel_Eweta_Uduaghan>	<Express_intent_to_meet_or_negotiate>	<Citizen_(Nigeria)>
<Commando_(Syria)>	<MakeStatement>	<United_Progressive_Alliance>
<East_African_Community>	<MakeStatement>	<Student_(Tanzania)>
<Riek_Machar>	<Demand>	<China>
<Benjamin_Netanyahu>	<MakeStatement>	<Haaretz>
<Manish_Sisodia>	<Make_an_appeal_or_request>	<Citizen_(India)>
<Military_Personnel_(Nigeria)>	<Consult>	<Media_(Nigeria)>
<Xi_Jinping>	<Make_an_appeal_or_request>	<Media_(China)>
<Citizen_(Yemen)>	<Make_an_appeal_or_request>	<Armed_Rebel_(Yemen)>
<Le_Hong_Anh>	<Consult>	<China>
<National_Hurricane_Center>	<Make_an_appeal_or_request>	<Haiti>
<Member_of_the_Judiciary_(Brazil)>	<MakeStatement>	<Joaquim_Barbosa>
<Justice_Department/Ministery_(Vietnam)>	<Make_a_visit>	<Thongsing_Thammavong>
<Government_(Mexico)>	<MakeStatement>	<Military_(Mexico)>
<Ukrinform>	<MakeStatement>	<Member_of_Parliament_(Ukraine)>
<Government_(Mexico)>	<MakeStatement>	<Criminal_(Mexico)>
<Colombia>	<MakeStatement>	<Combatant_(Islamic_State_of_Iraq_and_the_Levant)>
<Adebisi_Akande>	<MakeStatement>	<State_Security_Service>
<Ignazio_Marino>	<MakeStatement>	<City_Mayor_(Italy)>
<UN_Security_Council>	<Make_a_visit>	<South_Sudan>
<Foreign_Affairs_(Ukraine)>	<MakeStatement>	<Dmitry_Anatolyevich_Medvedev>
<Foreign_Affairs_(Russia)>	<MakeStatement>	<North_Korea>
<Marwan_Charbel>	<MakeStatement>	<Armed_Gang_(Lebanon)>
<Ministry_(Vietnam)>	<Express_intent_to_engage_in_diplomatic_cooperation_(such_as_policy_support)>	<Other_Authorities_/_Officials_(Vietnam)>
<China>	<Host_a_visit>	<Le_Hong_Anh>
<Holy_See>	<MakeStatement>	<Vytenis_Povilas_Andriukaitis>
<Yoshitaka_Shindo>	<MakeStatement>	<Justin_Trudeau>
<Youth_and_Sports_Ministry_(Tunisia)>	<MakeStatement>	<Foreign_Affairs_(United_States)>
<Government_(Sudan)>	<Refuse_to_yield>	<Citizen_(Sudan)>
<Terrorist_Leader_(Islamic_State_of_Iraq_and_the_Levant)>	<MakeStatement>	<Ahmed_Abu_Khatallah>
<Citizen_(Brazil)>	<MakeStatement>	<Dalbir_Singh>
<Military_Personnel_(Algeria)>	<MakeStatement>	<Al_Jazeera>
<Citizen_(Germany)>	<Bring_lawsuit_against>	<Government_(Germany)>
<High_Ranking_Military_Personnel_(Angola)>	<MakeStatement>	<Military_Personnel_-_Special_(Guinea)>
<Member_of_the_Judiciary_(South_Africa)>	<MakeStatement>	<South_Africa>
<Yuriy_Lutsenko>	<MakeStatement>	<Head_of_Government_(Ukraine)>
<High_Commission_(United_Kingdom)>	<MakeStatement>	<Afghanistan>
<National_Security_Advisor_(United_Kingdom)>	<Make_an_appeal_or_request>	<Ethiopia>
<Yu_Zhengsheng>	<MakeStatement>	<Xi_Jinping>
<Haider_Al-Abadi>	<Consult>	<Mohammad_Javad_Zarif>
<Energy_Department/Ministry_(Zimbabwe)>	<MakeStatement>	<Ministry_(Zimbabwe)>
<Media_Personnel_(Thailand)>	<MakeStatement>	<Tea_Banh>
<People_Associated_with_the_Opposition_(Mauritania)>	<MakeStatement>	<Government_(Mauritania)>
<Media_Personnel_(Saudi_Arabia)>	<MakeStatement>	<Agence_France-Presse>
<Eduardo_Buzzi>	<MakeStatement>	<Government_(Argentina)>
<Mohammad_Javad_Zarif>	<MakeStatement>	<China>
<Citizen_(North_Korea)>	<MakeStatement>	<Cabinet_/_Council_of_Ministers_/_Advisors_(United_States)>
<Pavlo_Klimkin>	<Express_intent_to_meet_or_negotiate>	<Citizen_(Belgium)>
<Member_of_Legislative_(Govt)_(Kenya)>	<MakeStatement>	<Government_(Kenya)>
<Member_of_Parliament_(Iran)>	<MakeStatement>	<Government_(United_States)>
<Iran>	<MakeStatement>	<Morocco>
<North_Korea>	<MakeStatement>	<Tourist_(United_States)>
<Hugo_Moyano>	<MakeStatement>	<Governor_(Kenya)>
<Sudan>	<Cooperate_economically>	<Ethiopia>
<Hannes_Swoboda>	<MakeStatement>	<European_Parliament>
<Frank_Mba>	<MakeStatement>	<Military_Personnel_-_Special_(Nigeria)>
<John_Kerry>	<Rally_support_on_behalf_of>	<Fuad_Masum>
<Haider_Al-Abadi>	<Consult>	<Joseph_Robinette_Biden>
<Lawyer/Attorney_(Indonesia)>	<MakeStatement>	<Police_(Indonesia)>
<Xi_Jinping>	<MakeStatement>	<Michael_Sata>
<John_Kerry>	<Make_an_appeal_or_request>	<Qatar>
<Abdel_Fattah_Al-Sisi>	<MakeStatement>	<Army_Personnel_(Egypt)>
<Ministry_(Nigeria)>	<MakeStatement>	<Yemi_Osinbajo>
<Other_Authorities_/_Officials_(Jamaica)>	<MakeStatement>	<Police_(Jamaica)>
<Kathleen_Stephens>	<Engage_in_symbolic_act>	<Anandiben_Patel>
<Media_Personnel_(Uganda)>	<MakeStatement>	<Lawyer/Attorney_(Uganda)>
<Suleiman_Abba>	<Engage_in_symbolic_act>	<Citizen_(Nigeria)>
<Court_Judge_(India)>	<Arrest_detain_or_charge_with_legal_action>	<Citizen_(India)>
<John_Kerry>	<Engage_in_negotiation>	<Presidential_Candidate_(Afghanistan)>
<Tajikistan>	<MakeStatement>	<Turkish_Airlines>
<Sahrawi_people>	<Reject>	<Morocco>
<Imran_Khan>	<Threaten>	<Government_(Pakistan)>
<Medical_Personnel_(Cyprus)>	<MakeStatement>	<Defense_/_Security_Ministry_(Cyprus)>
<Shimon_Peres>	<MakeStatement>	<Pope_Francis>
<Nuri_al-Maliki>	<MakeStatement>	<Legislature_(Iraq)>
<Ministry_(Kuwait)>	<MakeStatement>	<Employee_(Kuwait)>
<Imran_Khan>	<Consult>	<Tahirul_Qadri>
<Foreign_Affairs_(Russia)>	<MakeStatement>	<Head_of_Government_(Ukraine)>
<Steven_Chu>	<MakeStatement>	<New_Zealand>
<Military_Personnel_(Kenya)>	<MakeStatement>	<Police_(Kenya)>
<Sergey_Viktorovich_Lavrov>	<MakeStatement>	<Pavel_Gubarev>
<Professor_(Senegal)>	<MakeStatement>	<Abdoulaye_Wade>
<Foreign_Affairs_(Venezuela)>	<MakeStatement>	<Emilio_Pérez_Touriño>
<Lawyer/Attorney_(Peru)>	<Investigate>	<Head_of_Government_(Peru)>
<Iran>	<MakeStatement>	<Iraq>
<City_Mayor_(Djibouti)>	<Criticize_or_denounce>	<Djibouti>
<Government_(Pakistan)>	<Yield>	<Tahirul_Qadri>
<Yunus_Qanuni>	<MakeStatement>	<Government_(Venezuela)>
<Benjamin_Netanyahu>	<MakeStatement>	<Hamas>
<Burundi>	<Consult>	<Police_(Rwanda)>
<Admiral_(Latvia)>	<MakeStatement>	<North_Atlantic_Treaty_Organization>
<Alfred_Romualdez>	<MakeStatement>	<Franklin_Drilon>
<Scientist_(France)>	<MakeStatement>	<Mwai_Kibaki>
<Frank_Bainimarama>	<Express_intent_to_meet_or_negotiate>	<New_Zealand>
<Foreign_Affairs_(Malaysia)>	<MakeStatement>	<Iran>
<Civic_Party_(Hungary)>	<MakeStatement>	<Media_(Romania)>
<Abdullah_Abdullah>	<Consult>	<John_Kerry>
<Nicos_Anastasiades>	<MakeStatement>	<Police_(Dominican_Republic)>
<Lawyer/Attorney_(Colombia)>	<MakeStatement>	<Criminal_(Australia)>
<Criminal_(Brazil)>	<Abduct_hijack_or_take_hostage>	<Citizen_(Brazil)>
<Commando_(Syria)>	<Use_conventional_military_force>	<Militant_(Syria)>
<John_Kerry>	<Engage_in_negotiation>	<Julie_Bishop>
<Head_of_Government_(China)>	<Host_a_visit>	<Head_of_Government_(Mongolia)>
<Lawyer/Attorney_(United_Kingdom)>	<MakeStatement>	<Frank_Bainimarama>
<Caroline_Kennedy>	<Make_a_visit>	<Japan>
<Vojtěch_Filip>	<MakeStatement>	<Communist_Party_of_Bohemia_and_Moravia>
<Government_Official_(Mali)>	<MakeStatement>	<Armed_Rebel_(Mali)>
<Emrullah_Isler>	<MakeStatement>	<Turkish_Airlines>
<Ministry_(Jamaica)>	<MakeStatement>	<Owen_Ellington>
<Protester_(Pakistan)>	<MakeStatement>	<Guerrilla_(Revolutionary_Armed_Forces_of_Colombia)>
<Association_of_Southeast_Asian_Nations>	<Consult>	<Julie_Bishop>
<Professor_(France)>	<MakeStatement>	<Military_(France)>
<Mohammad_Javad_Zarif>	<MakeStatement>	<France>
<Dawa_Khan_Minapal>	<MakeStatement>	<Armed_Band_(Afghanistan)>
<Foreign_Affairs_(Malaysia)>	<MakeStatement>	<Malaysia>
<Military_(Mexico)>	<MakeStatement>	<Insurgent_(Thailand)>
<Agence_France-Presse>	<MakeStatement>	<François_Hollande>
<Ashraf_Ghani_Ahmadzai>	<MakeStatement>	<Election_Commission_(Afghanistan)>
<Olajide_Laleye>	<MakeStatement>	<Boko_Haram>
<Yoshitaka_Shindo>	<Consult>	<Keiji_Furuya>
<Micky_Rosenfeld>	<MakeStatement>	<Criminal_(Israel)>
<Veera_Somkwamkid>	<Praise_or_endorse>	<Prayuth_Chan-ocha>
<Mohammad_Javad_Zarif>	<MakeStatement>	<Catherine_Ashton>
<Foreign_Affairs_(Benin)>	<MakeStatement>	<Military_(Philippines)>
<Environment_Department/Ministry_(Bangladesh)>	<MakeStatement>	<Oil_Tanker_(Bangladesh)>
<Ali_Jannati>	<MakeStatement>	<Iran>
<Anote_Tong>	<MakeStatement>	<Tourist_(United_States)>
<Lawyer/Attorney_(Australia)>	<Demand>	<Citizen_(Australia)>
<Amit_Shah>	<Criticize_or_denounce>	<Omar_Abdullah>
<North_Korea>	<Host_a_visit>	<Shozaburo_Nakamura>
<Iran>	<Express_intent_to_change_institutions_regime>	<Iraq>
<Media_Personnel_(Iran)>	<Criticize_or_denounce>	<Citizen_(International)>
<François_Hollande>	<MakeStatement>	<European_Central_Bank>
<Police_(Japan)>	<Investigate>	<Citizen_(Thailand)>
<Member_of_Parliament_(Australia)>	<Use_conventional_military_force>	<Citizen_(Australia)>
<Victor_Ponta>	<Engage_in_symbolic_act>	<Citizen_(Turkey)>
<Defense_/_Security_Ministry_(Armenia)>	<MakeStatement>	<Defense_/_Security_Ministry_(Azerbaijan)>
<Citizen_(Georgia)>	<MakeStatement>	<City_Mayor_(Croatia)>
<Kimani_Wamatangi>	<Praise_or_endorse>	<Governor_(Kenya)>
<Dmitry_Anatolyevich_Medvedev>	<MakeStatement>	<Business_(Russia)>
<Zimbabwe_Union_of_Journalists>	<MakeStatement>	<Other_Authorities_/_Officials_(Zimbabwe)>
<Afghanistan>	<MakeStatement>	<Armed_Gang_(Afghanistan)>
<Military_Personnel_(Algeria)>	<MakeStatement>	<Gendermarie_(Algeria)>
<Iraq>	<MakeStatement>	<Iran>
<National_Security_Advisor_(Thailand)>	<MakeStatement>	<Malaysia>
<Bill_English>	<MakeStatement>	<Government_(New_Zealand)>
<China>	<MakeStatement>	<Media_(Nigeria)>
<Treasury/Finance_Ministry_(Czech_Republic)>	<MakeStatement>	<Ministry_(Czech_Republic)>
<Anifah_Aman>	<MakeStatement>	<Government_(New_Zealand)>
<Middle_East>	<MakeStatement>	<United_Arab_Emirates>
<Foreign_Affairs_(Rwanda)>	<MakeStatement>	<South_Africa>
<Barack_Obama>	<MakeStatement>	<China>
<Police_(Japan)>	<MakeStatement>	<Medical_Personnel_(Japan)>
<Laos>	<Host_a_visit>	<North_Korea>
<Labor_and_Employment_Ministry_(Nigeria)>	<MakeStatement>	<Government_(Nigeria)>
<Umar_al_Bashir>	<MakeStatement>	<Government_(Sudan)>
<Denis_Napthine>	<Express_intent_to_engage_in_diplomatic_cooperation_(such_as_policy_support)>	<Citizen_(Australia)>
<Business_(Canada)>	<MakeStatement>	<Head_of_Government_(Bulgaria)>
<Head_of_Government_(China)>	<MakeStatement>	<China>
<Airline_(Libya)>	<MakeStatement>	<Other_Authorities_/_Officials_(Libya)>
<Business_(Canada)>	<Consult>	<Canada>
<Police_(Senegal)>	<MakeStatement>	<Party_Member_(Turkey)>
<Treasury/Finance_Ministry_(Bangladesh)>	<MakeStatement>	<Employee_(Bangladesh)>
<Main_Opposition_(Bahrain)>	<MakeStatement>	<Sheikh_Ali_Salman>
<Dmitry_Anatolyevich_Medvedev>	<MakeStatement>	<Government_Official_(Russia)>
<Energy_Corp_(Russia)>	<MakeStatement>	<Iran>
<Japan>	<Host_a_visit>	<Keiji_Furuya>
<Party_President_(Telugu_Desam_Party)>	<MakeStatement>	<Tzipi_Livni>
<Representatives_(United_States)>	<MakeStatement>	<Kazakhstan>
<Head_of_Government_(Burundi)>	<MakeStatement>	<Member_of_Parliament_(Bangladesh)>
<Joseph_Ole_Lenku>	<MakeStatement>	<Police_(Kenya)>
<Sato_Kilman>	<Engage_in_symbolic_act>	<Prayuth_Chan-ocha>
<Japan>	<MakeStatement>	<Thailand>
<Serbia>	<Engage_in_symbolic_act>	<Heydar_Aliyev>
<Hashim_Thaçi>	<Praise_or_endorse>	<Police_(Kosovo)>
<Villager_(Hong_Kong)>	<MakeStatement>	<Protester_(Hong_Kong)>
<Mutembo_Nchito>	<MakeStatement>	<Michael_Sata>
<Xi_Jinping>	<Sign_formal_agreement>	<Tsakhiagiyn_Elbegdorj>
<Samuel_Sitta>	<MakeStatement>	<East_African_Community>
<Lawyer/Attorney_(Dominican_Republic)>	<MakeStatement>	<Government_(Jamaica)>
<Military_Personnel_(Somalia)>	<MakeStatement>	<Militant_(Somalia)>
<Foreign_Affairs_(United_States)>	<MakeStatement>	<Afghanistan>
<Police_(Ukraine)>	<MakeStatement>	<Armed_Rebel_(Ukraine)>
<National_Union_Party_(Kenya)>	<MakeStatement>	<Employee_(Kenya)>
<Citizen_(Nigeria)>	<Engage_in_symbolic_act>	<Dora_Akunyili>
<Head_of_Government_(New_Zealand)>	<MakeStatement>	<Philippines>
<House_of_Representatives_(Malaysia)>	<MakeStatement>	<Malaysia>
<Japan>	<Express_intent_to_provide_economic_aid>	<Myanmar>
<Cabinet_/_Council_of_Ministers_/_Advisors_(United_States)>	<MakeStatement>	<Iran>
