<Senate_(Dominican_Republic)>	<MakeStatement>	<Police_(Dominican_Republic)>
<Holding_Company_(New_Zealand)>	<Consult>	<City_Mayor_(New_Zealand)>
<Nuri_al-Maliki>	<Consult>	<Iraq>
<Employee_(Sudan)>	<MakeStatement>	<Sudan>
<Maxon_Mbendera>	<MakeStatement>	<Party_Member_(Malawi)>
<John_Odigie-Oyegun>	<MakeStatement>	<Presidential_Candidate_(Nigeria)>
<William_Kabogo>	<MakeStatement>	<Government_(Kenya)>
<Children_(Palestinian_Territory_Occupied)>	<MakeStatement>	<Morteza_Sarmadi>
<Yabloko>	<Accuse>	<Other_Authorities_/_Officials_(Russia)>
<Government_(Nigeria)>	<MakeStatement>	<Medical_Personnel_(Nigeria)>
<Geng_Yansheng>	<MakeStatement>	<Defense_/_Security_Ministry_(China)>
<Student_(Bangladesh)>	<Protest_violently_riot>	<Barack_Obama>
<Sergey_Viktorovich_Lavrov>	<MakeStatement>	<ITAR_TASS>
<Media_(Azerbaijan)>	<MakeStatement>	<Industrial_/_Textiles_/_Mining_Ministry_(Azerbaijan)>
<Myanmar>	<MakeStatement>	<Police_(United_States)>
<Abdullah_Gül>	<MakeStatement>	<Businessperson_(Turkey)>
<Citizen_(United_Kingdom)>	<Acknowledge_or_claim_responsibility>	<Member_of_the_Judiciary_(United_Kingdom)>
<Mohammad_Javad_Zarif>	<MakeStatement>	<Iran>
<Ashraf_Ghani_Ahmadzai>	<Demand_diplomatic_cooperation_(such_as_policy_support)>	<Election_Commission_(Afghanistan)>
<Lawmaker_(United_States)>	<MakeStatement>	<Verkhovna_Rada>
<Citizen_(South_Korea)>	<MakeStatement>	<Arnaud_Montebourg>
<Media_(Lebanon)>	<MakeStatement>	<Military_(Lebanon)>
<James_Ongwae>	<MakeStatement>	<Kisii>
<Lawyer/Attorney_(Indonesia)>	<MakeStatement>	<City_Mayor_(Indonesia)>
<Barack_Obama>	<MakeStatement>	<North_Atlantic_Treaty_Organization>
<Other_Authorities_/_Officials_(Zimbabwe)>	<MakeStatement>	<Simon_Khaya_Moyo>
<Citizen_(Nigeria)>	<Make_an_appeal_or_request>	<Defense_/_Security_Ministry_(Nigeria)>
<Federica_Mogherini>	<MakeStatement>	<Foreign_Affairs_(Russia)>
<Airline_(South_Korea)>	<fight_with_artillery_and_tanks>	<Iran>
<Alexis_Tsipras>	<MakeStatement>	<France>
<François_Hollande>	<MakeStatement>	<Boko_Haram>
<Congress_(Argentina)>	<Praise_or_endorse>	<Bolivia>
<Japan>	<Demand>	<North_Korea>
<Abdullah_Abdullah>	<Accuse>	<Ashraf_Ghani_Ahmadzai>
<Austria_Press_Agency>	<MakeStatement>	<Rupiah_Banda>
<Mob_(Kenya)>	<Physically_assault>	<Citizen_(Kenya)>
<Congress_(Brazil)>	<MakeStatement>	<Ministry_(Brazil)>
<Lawyer/Attorney_(Senegal)>	<MakeStatement>	<Police_(Senegal)>
<Women_(Angola)>	<Make_an_appeal_or_request>	<Government_(Angola)>
<Military_Personnel_-_Special_(Kenya)>	<Arrest_detain_or_charge_with_legal_action>	<Citizen_(Kenya)>
<Web_Site_(Lithuania)>	<MakeStatement>	<Government_Affiliated_Bank_(Brazil)>
<Vincent_Cable>	<MakeStatement>	<Party_Member_(United_Kingdom)>
<Mzukisi_Fatyela>	<MakeStatement>	<Police_(South_Africa)>
<China>	<Host_a_visit>	<Employee_(Myanmar)>
<Romania>	<MakeStatement>	<Austria_Press_Agency>
<Armed_Band_(Afghanistan)>	<Use_unconventional_violence>	<Employee_(Afghanistan)>
<Insurgent_(Thailand)>	<Use_unconventional_violence>	<Military_(Thailand)>
<Media_(Azerbaijan)>	<MakeStatement>	<Armed_Forces_of_the_Republic_of_Armenia>
<Waiter_(India)>	<MakeStatement>	<Ministry_(Croatia)>
<Indigenous_People_(Turkey)>	<Make_an_appeal_or_request>	<Other_Authorities_/_Officials_(Turkey)>
<Xi_Jinping>	<Consult>	<Raúl_Castro>
<Dmitriy_Kiselev>	<MakeStatement>	<Andrei_Stenin>
<Joseph_Ole_Nkaissery>	<MakeStatement>	<Uhuru>
<Police_(United_States)>	<MakeStatement>	<Volvo>
<Horacio_Cartes>	<Express_intent_to_meet_or_negotiate>	<Armenia>
<Military_Personnel_(Libya)>	<MakeStatement>	<Armed_Gang_(Libya)>
<Central_Reserve_Police_Force>	<Arrest_detain_or_charge_with_legal_action>	<Citizen_(India)>
<Portugal>	<MakeStatement>	<Police_(Bulgaria)>
<Government_(Nigeria)>	<MakeStatement>	<Court_Judge_(Nigeria)>
<Criminal_(Argentina)>	<MakeStatement>	<Lawyer/Attorney_(Argentina)>
<Legislature_(Iraq)>	<Engage_in_negotiation>	<Massoud_Barzani>
<Director_General_(Philippines)>	<MakeStatement>	<Justice_Department/Ministery_(Philippines)>
<Niger_Delta_Development_Commission>	<MakeStatement>	<Catherine_Ashton>
<Labor_Union_(India)>	<MakeStatement>	<Lawyer/Attorney_(Uganda)>
<UN_Security_Council>	<Threaten_with_sanctions_boycott_embargo>	<South_Sudan>
<Other_Authorities_/_Officials_(Libya)>	<MakeStatement>	<Military_Personnel_(Libya)>
<Lulzim_Basha>	<MakeStatement>	<People_Associated_with_the_Opposition_(Albania)>
<Peter_Lerner>	<MakeStatement>	<Israeli_Defense_Forces>
<John_Walker>	<MakeStatement>	<Dzhokhar_Tsarnaev>
<Envoy_(United_States)>	<Make_a_visit>	<Afghanistan>
<Citizen_(Thailand)>	<Use_unconventional_violence>	<Thailand>
<Government_(Nigeria)>	<MakeStatement>	<Education_(Nigeria)>
<Hamas>	<Consult>	<Other_Authorities_/_Officials_(Egypt)>
<Police_(Australia)>	<MakeStatement>	<Sue-Ellen_Kovack>
<William_Ruto>	<MakeStatement>	<Government_(Kenya)>
<Juan_Carlos_Eguren>	<MakeStatement>	<Nadine_Heredia>
<Harsimrat_Kaur_Badal>	<MakeStatement>	<Sikh_(India)>
<Kundy_Pahiama>	<MakeStatement>	<Angola>
<Police_(Yemen)>	<MakeStatement>	<Armed_Rebel_(Yemen)>
<Qin_Gang>	<Criticize_or_denounce>	<Japan>
<Tarcisio_Bertone>	<MakeStatement>	<Bank_(Holy_See_(Vatican_City_State))>
<Citizen_(India)>	<Accuse>	<Raja_Bhaiya>
<Government_Official_(Japan)>	<MakeStatement>	<China>
<Louise_Mushikiwabo>	<Praise_or_endorse>	<South_Korea>
<Sean_Edwards>	<MakeStatement>	<Armed_Gang_(United_States)>
<Daniel_Constantin>	<MakeStatement>	<Member_of_Parliament_(Romania)>
<Armed_Gang_(Russia)>	<MakeStatement>	<Media_Personnel_(United_States)>
<Government_Official_(Japan)>	<Make_empathetic_comment>	<Canada>
<Men_(Russia)>	<Acknowledge_or_claim_responsibility>	<Member_of_the_Judiciary_(United_States)>
<Cabinet_/_Council_of_Ministers_/_Advisors_(United_States)>	<Appeal_for_de-escalation_of_military_engagement>	<Hamas>
<Citizen_(Australia)>	<Use_unconventional_violence>	<Police_(Australia)>
<African_Union>	<MakeStatement>	<Lawyer/Attorney_(Colombia)>
<Mohammad_Javad_Zarif>	<MakeStatement>	<Cabinet_/_Council_of_Ministers_/_Advisors_(United_States)>
<Sergey_Viktorovich_Lavrov>	<MakeStatement>	<Foreign_Affairs_(Russia)>
<Toru_Hashimoto>	<MakeStatement>	<Japan>
<Kgalema_Petrus_Motlanthe>	<MakeStatement>	<Government_(South_Africa)>
<Lungelo_Dlamini>	<MakeStatement>	<Other_Authorities_/_Officials_(United_States)>
<Cabinet_/_Council_of_Ministers_/_Advisors_(United_States)>	<Make_pessimistic_comment>	<Afghanistan>
<Noppadon_Pattama>	<MakeStatement>	<Thaksin_Shinawatra>
<Company_-_Owner_or_Operator_(India)>	<MakeStatement>	<Thief_(India)>
<Yu_Zhengsheng>	<Make_an_appeal_or_request>	<Other_Authorities_/_Officials_(China)>
<Media_(Kenya)>	<MakeStatement>	<Islamic_(India)>
<Boko_Haram>	<MakeStatement>	<Government_(Nigeria)>
<Mohammad_Javad_Zarif>	<Express_intent_to_cooperate>	<John_Kerry>
<Obaid_Humaid_Al_Tayer>	<MakeStatement>	<United_Arab_Emirates>
<Citizen_(Thailand)>	<MakeStatement>	<Martin_McGuinness>
<Citizen_(Yemen)>	<MakeStatement>	<Volvo>
<Cabinet_/_Council_of_Ministers_/_Advisors_(Japan)>	<Ease_economic_sanctions_boycott_embargo>	<North_Korea>
<Head_of_Government_(Nigeria)>	<MakeStatement>	<Ministry_(Nigeria)>
<Mark_James_Mwandosya>	<MakeStatement>	<Jakaya_Mrisho_Kikwete>
<Lawyer/Attorney_(Czech_Republic)>	<Demand_that_target_yields>	<Justice_Department/Ministery_(Czech_Republic)>
<Barack_Obama>	<MakeStatement>	<South_Korea>
<Chief_of_Staff_(Vietnam)>	<MakeStatement>	<Vietnam>
<National_Council_for_Peace_and_Order_of_Thailand>	<MakeStatement>	<Other_Authorities_/_Officials_(Nigeria)>
<Police_(Syria)>	<MakeStatement>	<Veterans_(Croatia)>
<International_Federation_of_Human_Rights>	<MakeStatement>	<Pavel_Gubarev>
<Myanmar>	<Host_a_visit>	<Special_Rapporteurs_of_the_United_Nations>
<Joseph_Ole_Lenku>	<MakeStatement>	<Burundi>
<Media_Personnel_(International)>	<Consult>	<Head_of_Government_(Ethiopia)>
<China>	<Express_intent_to_engage_in_diplomatic_cooperation_(such_as_policy_support)>	<Afghanistan>
<Ministry_(Angola)>	<Praise_or_endorse>	<Government_(Italy)>
<Alexander_Lukashevich>	<MakeStatement>	<Other_Authorities_/_Officials_(United_States)>
<Abdul_Aziz>	<Host_a_visit>	<Royal_Administration_(Saudi_Arabia)>
<Barack_Obama>	<MakeStatement>	<Iran>
<Citizen_(Australia)>	<MakeStatement>	<Military_(China)>
<China>	<Engage_in_symbolic_act>	<Eduard_Shevardnadze>
<Thief_(India)>	<Use_unconventional_violence>	<Citizen_(India)>
<Foreign_Affairs_(Russia)>	<MakeStatement>	<Armenia>
<Government_(Nigeria)>	<Arrest_detain_or_charge_with_legal_action>	<Militant_(Boko_Haram)>
<Lawmaker_(Nicaragua)>	<MakeStatement>	<Daniel_Ortega>
<Police_(Yemen)>	<MakeStatement>	<Military_Personnel_(Yemen)>
<Government_(Nigeria)>	<MakeStatement>	<Ethnic_Group_(Nigeria)>
<City_Mayor_(Philippines)>	<MakeStatement>	<Employee_(Philippines)>
<Lawmaker_(South_Korea)>	<MakeStatement>	<Military_Personnel_(Libya)>
<Zsolt_Simon>	<MakeStatement>	<Ivan_Gasparovic>
<Health_Ministry_(Cuba)>	<Praise_or_endorse>	<Margaret_Chan>
<Caroline_Kennedy>	<MakeStatement>	<Head_of_Government_(Nigeria)>
<Fernando_Henrique_Cardoso>	<MakeStatement>	<Moro_Islamic_Liberation_Front>
<Tony_Blair>	<Praise_or_endorse>	<Guerrilla_(Revolutionary_Armed_Forces_of_Colombia)>
<Government_(Syria)>	<Use_conventional_military_force>	<Militant_(Syria)>
<Sergey_Viktorovich_Lavrov>	<Consult>	<Cabinet_/_Council_of_Ministers_/_Advisors_(United_States)>
<City_Mayor_(Philippines)>	<Demand>	<Police_(Philippines)>
<Hamad_bin_Ali_al-Attiyah>	<MakeStatement>	<Agence_France-Presse>
<Japan>	<Express_intent_to_ease_economic_sanctions_boycott_or_embargo>	<North_Korea>
<City_Mayor_(China)>	<MakeStatement>	<China>
<John_Kerry>	<MakeStatement>	<Iran>
<János_Áder>	<MakeStatement>	<National_Youth_Service>
<Ministry_(Nigeria)>	<MakeStatement>	<Other_Authorities_/_Officials_(Nigeria)>
<Indigenous_People_(Turkey)>	<MakeStatement>	<Mauritius>
<Citizen_(Turkey)>	<Deny_responsibility>	<Member_of_the_Judiciary_(United_States)>
<Presidential_Aide_(Nigeria)>	<Accuse>	<Citizen_(Nigeria)>
<Boko_Haram>	<Abduct_hijack_or_take_hostage>	<Children_(France)>
<China>	<MakeStatement>	<Afghanistan>
<Barack_Obama>	<MakeStatement>	<Head_of_Government_(Germany)>
<Loren_Legarda>	<MakeStatement>	<Philippines>
<Helena_Valkova>	<MakeStatement>	<Lawyer/Attorney_(Czech_Republic)>
<Anders_Borg>	<MakeStatement>	<Activist_(United_States)>
<Alexei_Pushkov>	<MakeStatement>	<Government_(United_States)>
<Iraq>	<MakeStatement>	<National_Alliance_(Iraq)>
<Terry_McAuliffe>	<MakeStatement>	<Business_(Canada)>
<International_Monetary_Fund>	<MakeStatement>	<Colombia>
<Caroline_Kennedy>	<Engage_in_symbolic_act>	<Fumio_Kishida>
<European_Parliament>	<MakeStatement>	<Armed_Gang_(Egypt)>
<Samuel_J._Locklear>	<MakeStatement>	<Japan>
<China>	<Host_a_visit>	<Liu_Yandong>
<Business_(New_Zealand)>	<MakeStatement>	<Government_(Mauritania)>
<Government_(Germany)>	<MakeStatement>	<Media_(Romania)>
<Robert_M._Gates>	<MakeStatement>	<Head_of_Government_(Afghanistan)>
<Ministry_(Nigeria)>	<MakeStatement>	<Head_of_Government_(Nigeria)>
<Legislature_(Iraq)>	<MakeStatement>	<Government_(Bahamas)>
<Ethiopia>	<Express_intent_to_meet_or_negotiate>	<Sudan>
<Party_Member_(United_Kingdom)>	<Make_an_appeal_or_request>	<Citizen_(United_Kingdom)>
<John_Kerry>	<MakeStatement>	<Foreign_Affairs_(Honduras)>
<Olisa_Agbakoba>	<MakeStatement>	<Government_(Nigeria)>
<Robert_Menendez>	<MakeStatement>	<Opposition_Supporter_(Venezuela)>
<Barack_Obama>	<MakeStatement>	<Combatant_(Islamic_State_of_Iraq_and_the_Levant)>
<Emmanuel_Eweta_Uduaghan>	<MakeStatement>	<Government_(Nigeria)>
<Defense_/_Security_Ministry_(Nigeria)>	<MakeStatement>	<Militant_(Boko_Haram)>
<Government_(Syria)>	<MakeStatement>	<Armed_Rebel_(Syria)>
<China>	<Consult>	<France>
<Michael_Fahy>	<MakeStatement>	<Canada>
<City_Manager_(United_States)>	<MakeStatement>	<Mauritius>
<China>	<Consult>	<Mohammad_Javad_Zarif>
<Federica_Mogherini>	<MakeStatement>	<Algirdas_Butkevičius>
<Doctors_Without_Borders>	<MakeStatement>	<Nurse_(France)>
<Abdel_Fattah_Al-Sisi>	<MakeStatement>	<Media_(Africa)>
<Doctors_Without_Borders>	<Make_a_visit>	<Sudan>
<South_Korea>	<Sign_formal_agreement>	<Angola>
<Mauricio_Domogan>	<MakeStatement>	<Philippines>
<Nuri_al-Maliki>	<Threaten>	<Iraq>
<Information_/_Communication_/_Transparency_Ministry_(Singapore)>	<MakeStatement>	<Foreign_Affairs_(United_States)>
<Head_of_Government_(Croatia)>	<MakeStatement>	<Veterans_(Croatia)>
<United_States_Senate>	<Make_an_appeal_or_request>	<China>
<Government_(Nigeria)>	<Express_intent_to_cooperate>	<Citizen_(Nigeria)>
<Alhaji_Garba_Umar>	<Make_an_appeal_or_request>	<Citizen_(Nigeria)>
<China>	<Make_an_appeal_or_request>	<South_Korea>
<Emal_Faizi>	<MakeStatement>	<Ministry_(Afghanistan)>
<International_Court_of_Justice>	<MakeStatement>	<Education_(Nigeria)>
<Christine_Milne>	<MakeStatement>	<Australia_Greens>
<Chulalongkorn_University>	<MakeStatement>	<Prayuth_Chan-ocha>
<Other_Authorities_/_Officials_(United_States)>	<MakeStatement>	<Foreign_Affairs_(India)>
<Web_Site_(Lithuania)>	<Consult>	<Economist_(Belarus)>
<Barack_Obama>	<Demand>	<Iran>
<Herve_Ladsous>	<Express_intent_to_meet_or_negotiate>	<Sheikh_Hasina_Wajed>
<Military_Personnel_(Libya)>	<MakeStatement>	<Legislature_(Libya)>
<Syed_Akbaruddin>	<MakeStatement>	<Foreign_Affairs_(India)>
<Governor_(Kenya)>	<Make_an_appeal_or_request>	<Police_(Kenya)>
<Foreign_Affairs_(Guinea)>	<Make_an_appeal_or_request>	<Citizen_(Guinea)>
<Secret_Agent_(South_Korea)>	<MakeStatement>	<Student_(Hong_Kong)>
<Japan>	<Consult>	<China>
<Criminal_(Brazil)>	<MakeStatement>	<Police_(Senegal)>
<Oman>	<MakeStatement>	<Poland>
<Jeff_Seeney>	<MakeStatement>	<Other_Authorities_/_Officials_(Africa)>
<Pavlo_Klimkin>	<Express_intent_to_meet_or_negotiate>	<Sergey_Viktorovich_Lavrov>
<Education_(Nigeria)>	<Consult>	<Vanguard>
<Afghanistan>	<Express_intent_to_cooperate>	<Abdullah_Abdullah>
<Police_(South_Korea)>	<MakeStatement>	<Student_(South_Korea)>
<Medical_Personnel_(Nigeria)>	<MakeStatement>	<Government_(Nigeria)>
<Armed_Opposition_(Uganda)>	<Use_unconventional_violence>	<Police_(Uganda)>
<Angela_Merkel>	<MakeStatement>	<Madeleine_Albright>
<Maxon_Mbendera>	<MakeStatement>	<Malawi>
<Abdullah_Abdullah>	<Make_a_visit>	<Ashraf_Ghani_Ahmadzai>
<Lin_Chia-lung>	<MakeStatement>	<Jason_C._Hu>
<Police_(Benin)>	<Arrest_detain_or_charge_with_legal_action>	<Citizen_(Benin)>
<Mohammad_Javad_Zarif>	<MakeStatement>	<Iraq>
<Court_Judge_(Nigeria)>	<MakeStatement>	<Oversight_Court_(Nigeria)>
<Sergey_Viktorovich_Lavrov>	<Consult>	<Pavlo_Klimkin>
<High_Ranking_Military_Personnel_(Nigeria)>	<MakeStatement>	<Government_(Nigeria)>
<Jaber_Mubarak_Al-Sabah>	<MakeStatement>	<Kuwait>
<Armed_Gang_(India)>	<Abduct_hijack_or_take_hostage>	<Citizen_(India)>
<European_Parliament>	<Appeal_for_diplomatic_cooperation_(such_as_policy_support)>	<Catherine_Ashton>
<National_Council_for_Peace_and_Order_of_Thailand>	<Engage_in_symbolic_act>	<Thailand>
<Governor_(India)>	<MakeStatement>	<Education_Ministry_(France)>
<Samuel_J._Locklear>	<MakeStatement>	<China>
<Nuri_al-Maliki>	<MakeStatement>	<Iraq>
<Foreign_Affairs_(Venezuela)>	<Reject>	<Citizen_(Venezuela)>
<Military_(Mexico)>	<Use_conventional_military_force>	<Armed_Gang_(Mexico)>
<City_Mayor_(Philippines)>	<MakeStatement>	<Villager_(Philippines)>
<Leopoldo_Dominico_Petilla>	<MakeStatement>	<Philippines>
<Other_Authorities_/_Officials_(Nigeria)>	<MakeStatement>	<Government_(Nigeria)>
<Iraq>	<MakeStatement>	<Nuri_al-Maliki>
<Zoran_Zaev>	<MakeStatement>	<Social_Democratic_Union>
<Lawmaker_(Japan)>	<Make_a_visit>	<North_Korea>
<Campbell_Newman>	<MakeStatement>	<Milos_Zeman>
<John_Baird>	<MakeStatement>	<Canada>
<Governor_(Democratic_Republic_of_Congo)>	<MakeStatement>	<Cobra_Matata>
<Joseph_Ole_Lenku>	<MakeStatement>	<Government_(Kenya)>
<City_Mayor_(Somalia)>	<MakeStatement>	<Somali_National_Army>
<Medical_Personnel_(Zimbabwe)>	<MakeStatement>	<Ministry_(Zimbabwe)>
<Isaac_Kiprono_Ruto>	<MakeStatement>	<Government_(Kenya)>
<Xi_Jinping>	<MakeStatement>	<China>
<Amnesty_International>	<MakeStatement>	<Scientist_(Tajikistan)>
<Military_Personnel_-_Special_(India)>	<MakeStatement>	<Sergey_Viktorovich_Lavrov>
<Media_(Russia)>	<MakeStatement>	<Education_(Russia)>
<Population_(Angola)>	<MakeStatement>	<Government_(Angola)>
<Economist_(Belarus)>	<Consult>	<Web_Site_(Lithuania)>
<Abdel_Fattah_Al-Sisi>	<Consult>	<Ministry_(Egypt)>
<George_Solo>	<MakeStatement>	<Ministry_(Liberia)>
<France>	<MakeStatement>	<Boko_Haram>
<Julie_Bishop>	<MakeStatement>	<Barack_Obama>
<Development_Council_(Nigeria)>	<MakeStatement>	<Head_of_Government_(Nigeria)>
<Andrej_Kiska>	<MakeStatement>	<National_Liberal_Party>
<Gabor_Vona>	<MakeStatement>	<Fidesz>
<Government_(Oman)>	<MakeStatement>	<Iran>
<Security_Service_of_Ukraine>	<Grant_diplomatic_recognition>	<Viktor_Muzhenko>
<Head_of_Government_(Nigeria)>	<MakeStatement>	<Fula_people>
<Nuri_al-Maliki>	<MakeStatement>	<China>
<Peter_Lerner>	<MakeStatement>	<Iran>
<North_Ossetia-Alania>	<MakeStatement>	<Iran>
<Costco>	<MakeStatement>	<Hamdeen_Sabahi>
<Foreign_Affairs_(Russia)>	<MakeStatement>	<Daily_Monitor>
<South_Africa>	<Appeal_for_diplomatic_cooperation_(such_as_policy_support)>	<Hamas>
<Japan>	<Express_intent_to_engage_in_diplomatic_cooperation_(such_as_policy_support)>	<Head_of_Government_(Mexico)>
<Company_-_Owner_or_Operator_(Tonga)>	<MakeStatement>	<Business_(Tonga)>
<Election_Commission_(Turkey)>	<MakeStatement>	<Party_Member_(Turkey)>
<Malala_Yousafzai>	<Make_an_appeal_or_request>	<Terrorist_(Boko_Haram)>
<Sirichan_Ngathong>	<MakeStatement>	<Military_(Thailand)>
<Medical_Personnel_(Nigeria)>	<MakeStatement>	<Government_(United_States)>
<Al_Jazeera>	<MakeStatement>	<Qatar>
<Justin_Trudeau>	<MakeStatement>	<Liberals_(Canada)>
<Raul_Hernandez>	<MakeStatement>	<Philippines>
<Protester_(Western_Sahara)>	<MakeStatement>	<Haiti>
<John_Baird>	<MakeStatement>	<Armed_Rebel_(Ukraine)>
<Cabinet_/_Council_of_Ministers_/_Advisors_(United_States)>	<Praise_or_endorse>	<Hamas>
<Ahmad_Zia_Abdulzai>	<MakeStatement>	<Kidnapper_(Afghanistan)>
<Iran>	<Sign_formal_agreement>	<Cabinet_/_Council_of_Ministers_/_Advisors_(United_States)>
<Police_(Philippines)>	<MakeStatement>	<National_Police>
<Business_(Ghana)>	<MakeStatement>	<Terrorist_Leader_(Syria)>
<Aleksandre_Chikaidze>	<Express_intent_to_meet_or_negotiate>	<Domestic_Affairs_(Germany)>
<Nabil_Abu-Rudaynah>	<MakeStatement>	<Head_of_Government_(Egypt)>
<Main_Opposition_(Greece)>	<Demonstrate_or_rally>	<Police_(Greece)>
<Attacker_(Tanzania)>	<Use_unconventional_violence>	<Citizen_(Tanzania)>
<Taavi_Rõivas>	<Consult>	<François_Hollande>
<Ma_Xiaoguang>	<MakeStatement>	<China>
<Citizen_(India)>	<Criticize_or_denounce>	<Tarun_Gogoi>
<Police_(United_States)>	<MakeStatement>	<Mexico>
<South_Korea>	<Host_a_visit>	<China>
<Rosoboronexport>	<MakeStatement>	<Afghanistan>
<Police_(Philippines)>	<MakeStatement>	<Criminal_(Philippines)>
<Foreign_Affairs_(Russia)>	<MakeStatement>	<Foreign_Affairs_(Syria)>
<Labor_and_Employment_Ministry_(Nigeria)>	<MakeStatement>	<Labor_Union_(Nigeria)>
<Ministry_(South_Korea)>	<MakeStatement>	<South_Korea>
<Bahrain>	<MakeStatement>	<Republican_People's_Party>
<Pakistan_People's_Party>	<MakeStatement>	<Detainee_(Lebanon)>
<Xi_Jinping>	<MakeStatement>	<Henry_M._Paulson>
<Foreign_Affairs_(Italy)>	<Criticize_or_denounce>	<International_Government_Organizations>
<Chuck_Hagel>	<MakeStatement>	<Iran>
<China>	<Coerce>	<Men_(Japan)>
<Barack_Obama>	<MakeStatement>	<Japan>
<Head_of_Government_(Ukraine)>	<Express_intent_to_cooperate>	<Women_(Ukraine)>
<Royal_Administration_(Spain)>	<MakeStatement>	<Farm_Worker_(Nigeria)>
<Attorney_General_(Argentina)>	<MakeStatement>	<Lawyer/Attorney_(Argentina)>
<Foreign_Affairs_(Russia)>	<MakeStatement>	<Defense_/_Security_Ministry_(Malaysia)>
<National_Security_Advisor_(Georgia)>	<Make_a_visit>	<France>
<Education_(Iran)>	<Threaten>	<Student_(Iran)>
<Waiter_(India)>	<Use_conventional_military_force>	<Citizen_(India)>
<Women_(Angola)>	<MakeStatement>	<Lawyer/Attorney_(Colombia)>
<Augustine_Alegeh>	<MakeStatement>	<Okey_Wali>
<Police_(United_States)>	<MakeStatement>	<Mark_Lyall_Grant>
<Information_/_Communication_/_Transparency_Ministry_(Singapore)>	<MakeStatement>	<Malaysia>
<Carlo_Calenda>	<MakeStatement>	<Bernd_Lange>
<Police_(Kenya)>	<Express_intent_to_cooperate>	<Citizen_(Kenya)>
<Derek_Andre_Hanekom>	<MakeStatement>	<South_Africa>
<Horacio_Cartes>	<MakeStatement>	<Government_(United_States)>
<Iraq>	<MakeStatement>	<Militant_(Iraq)>
<Army_Personnel_(Philippines)>	<MakeStatement>	<Philippines>
<Alexis_Tsipras>	<MakeStatement>	<Evangelos_Venizelos>
<Jagdish_Mukhi>	<MakeStatement>	<Head_of_Government_(India)>
<Sergey_Viktorovich_Lavrov>	<Accuse>	<Head_of_Government_(Ukraine)>
<Conservative_Party_(United_Kingdom)>	<MakeStatement>	<Martin_McGuinness>
<Media_Personnel_(Uganda)>	<MakeStatement>	<Military_(Central_African_Republic)>
<Alhaji_Garba_Umar>	<MakeStatement>	<Government_(Sweden)>
<Cyprian_Awiti>	<MakeStatement>	<Government_(Kenya)>
<People_Associated_with_the_Opposition_(Australia)>	<Appeal_for_change_in_leadership>	<Citizen_(Australia)>
<François_Rebsamen>	<MakeStatement>	<Government_(France)>
<Fire_Brigade_(Australia)>	<MakeStatement>	<Police_(Australia)>
<Maldives>	<MakeStatement>	<Afghanistan>
<Nuri_al-Maliki>	<Accuse>	<Iraq>
<Cristina_Fernández_de_Kirchner>	<Sign_formal_agreement>	<Xi_Jinping>
<Citizen_(United_Kingdom)>	<MakeStatement>	<Member_of_Parliament_(Ukraine)>
<Student_(Bangladesh)>	<MakeStatement>	<Royal_Administration_(Saudi_Arabia)>
<Viktor_Chirkov>	<MakeStatement>	<AvtoVAZ>
<Other_Authorities_/_Officials_(United_States)>	<MakeStatement>	<Hezbollah>
<Xi_Jinping>	<Praise_or_endorse>	<Military_(Argentina)>
<Treasury/Finance_Ministry_(Nigeria)>	<MakeStatement>	<Government_(Nigeria)>
<Paul_Kagame>	<Accuse>	<France>
<Justice_Department/Ministery_(Libya)>	<MakeStatement>	<Cabinet_/_Council_of_Ministers_/_Advisors_(Libya)>
<Ministry_(Brazil)>	<Criticize_or_denounce>	<Citizen_(Brazil)>
<Sergey_Viktorovich_Lavrov>	<Express_intent_to_meet_or_negotiate>	<Citizen_(Bulgaria)>
<Member_of_Parliament_(Iraq)>	<MakeStatement>	<Iran>
<Court_Judge_(India)>	<MakeStatement>	<Medical_Personnel_(India)>
<Cristina_Fernández_de_Kirchner>	<MakeStatement>	<Government_(Argentina)>
<Domestic_Affairs_(Panama)>	<MakeStatement>	<Government_(Panama)>
<John_Kerry>	<MakeStatement>	<Sergey_Viktorovich_Lavrov>
<Stephane_Le_Foll>	<MakeStatement>	<France>
<Media_(Azerbaijan)>	<MakeStatement>	<Iran>
<Head_of_Government_(Nigeria)>	<MakeStatement>	<Indigenous_People_(Nigeria)>
<John_Kerry>	<Accuse_of_aggression>	<Hamas>
<Edgars_Rinkevics>	<Consult>	<Foreign_Affairs_(Hungary)>
<Xi_Jinping>	<Express_intent_to_meet_or_negotiate>	<China>
<Department_of_Transportation>	<MakeStatement>	<South_Korea>
<Government_Official_(Mali)>	<MakeStatement>	<Military_(Mali)>
<Citizen_(Indonesia)>	<Criticize_or_denounce>	<Prabowo_Subianto>
<Other_Authorities_/_Officials_(China)>	<Demand>	<Media_(China)>
<Jacob_J._Lew>	<MakeStatement>	<France>
<Robert_Pickersgill>	<MakeStatement>	<Government_(Jamaica)>
<John_Kerry>	<MakeStatement>	<Iraq>
<Head_of_Government_(India)>	<MakeStatement>	<Company_-_Owner_or_Operator_(India)>
<Japan>	<Use_conventional_military_force>	<Military_(China)>
<Children_(Palestinian_Territory_Occupied)>	<Use_unconventional_violence>	<Police_(Israel)>
<Ministry_(Nigeria)>	<MakeStatement>	<Medical_Personnel_(Nigeria)>
<Abu_Misry_Mama>	<MakeStatement>	<Nurse_(France)>
<Veera_Somkwamkid>	<Make_a_visit>	<Thailand>
<Chris_Olukolade>	<Make_an_appeal_or_request>	<Media_(Nigeria)>
<International_Court_of_Justice>	<MakeStatement>	<Japan>
<Royal_Thai_Police>	<MakeStatement>	<Government_(Panama)>
<UN_Security_Council>	<Appeal_to_others_to_settle_dispute>	<Barack_Obama>
<Nestor_Kirchner>	<MakeStatement>	<Civic_Group_(Argentina)>
<Military_Personnel_(Angola)>	<MakeStatement>	<Governor_(Angola)>
<Abdullah_Abdullah>	<MakeStatement>	<John_Kerry>
<Foreign_Affairs_(Israel)>	<MakeStatement>	<Media_Personnel_(Pakistan)>
<Julie_Bishop>	<Express_intent_to_engage_in_diplomatic_cooperation_(such_as_policy_support)>	<Myanmar>
<People_Associated_with_the_Opposition_(Argentina)>	<Criticize_or_denounce>	<Cristina_Fernández_de_Kirchner>
<National_Directorate_of_Security>	<MakeStatement>	<Secret_Agent_(Afghanistan)>
<Security_Service_of_Ukraine>	<MakeStatement>	<Military_(Russia)>
<Ministry_of_Public_Security_(Canada)>	<MakeStatement>	<Business_(Canada)>
<Xi_Jinping>	<Make_optimistic_comment>	<South_Korea>
<China>	<MakeStatement>	<Military_(China)>
<Head_of_Government_(India)>	<MakeStatement>	<Indigenous_People_(India)>
<Isaac_Kiprono_Ruto>	<MakeStatement>	<Uhuru_Muigai_Kenyatta>
<Ministry_(Iraqi_Kurds)>	<Conduct_strike_or_boycott>	<Iraq>
<Catherine_Ashton>	<MakeStatement>	<Iran>
<City_Mayor_(Philippines)>	<MakeStatement>	<Police_(Philippines)>
<Alexander_Lukashevich>	<MakeStatement>	<Representatives_(Iraq)>
<Adams_Oshiomhole>	<MakeStatement>	<Moro_National_Liberation_Front>
<Media_(Africa)>	<MakeStatement>	<Businessperson_(Kenya)>
<International_Monetary_Fund>	<Make_an_appeal_or_request>	<China>
<Foreign_Affairs_(Italy)>	<MakeStatement>	<Armed_Band_(Lebanon)>
<Hamas>	<Accuse>	<Benjamin_Netanyahu>
<John_Kerry>	<MakeStatement>	<China>
<Benjamin_Netanyahu>	<MakeStatement>	<John_Kerry>
<Benjamin_Netanyahu>	<Discuss_by_telephone>	<Barack_Obama>
<Militia_(Kenya)>	<Use_unconventional_violence>	<Police_(Kenya)>
<Foreign_Affairs_(Guinea)>	<MakeStatement>	<Tahirul_Qadri>
<Jacek_Rostowski>	<MakeStatement>	<European_Parliament>
<Police_(Australia)>	<Expel_or_deport_individuals>	<Citizen_(Australia)>
<Nuri_al-Maliki>	<MakeStatement>	<Militant_(Iraq)>
<Thailand>	<Arrest_detain_or_charge_with_legal_action>	<Criminal_(Netherlands)>
<Citizen_(India)>	<Express_intent_to_cooperate>	<Villager_(India)>
<Hashmat_Stanikzai>	<MakeStatement>	<Military_Personnel_-_Special_(Afghanistan)>
<Border_Security_Force>	<Use_conventional_military_force>	<Citizen_(India)>
<Robert_Cazanciuc>	<MakeStatement>	<Romania>
<China>	<Make_a_visit>	<North_Korea>
<Police_(South_Korea)>	<Arrest_detain_or_charge_with_legal_action>	<Citizen_(South_Korea)>
<Lawyer/Attorney_(Cambodia)>	<MakeStatement>	<Police_(Cambodia)>
<Student_(Iran)>	<MakeStatement>	<Election_Commission_(India)>
<Sawarmi_Khaled_Saad>	<MakeStatement>	<Sudan>
<Local_Media_(Switzerland)>	<MakeStatement>	<Other_Authorities_/_Officials_(Switzerland)>
<Abdullah_Abdullah>	<Reduce_or_break_diplomatic_relations>	<Election_Commission_(Afghanistan)>
<Preneet_Kaur>	<MakeStatement>	<Aam_Aadmi_Party>
<Barack_Obama>	<Make_empathetic_comment>	<Citizen_(Australia)>
<Cambodia>	<MakeStatement>	<Thailand>
<Micky_Rosenfeld>	<MakeStatement>	<Police_(Israel)>
<Reserve_Personnel_(Ukraine)>	<MakeStatement>	<Military_(Russia)>
<Costco>	<Investigate>	<Thailand>
<France>	<MakeStatement>	<Guinea>
<Citizen_(Nigeria)>	<Accuse>	<Activist_(Nigeria)>
<Angela_Merkel>	<MakeStatement>	<Iran>
<Party_Member_(United_Kingdom)>	<MakeStatement>	<Lawyer/Attorney_(Australia)>
<Police_(United_States)>	<MakeStatement>	<Emilio_Pérez_Touriño>
<Barack_Obama>	<MakeStatement>	<Hamas>
<Company_-_Owner_or_Operator_(Brazil)>	<MakeStatement>	<Business_(Peru)>
<High_Ranking_Military_Personnel_(India)>	<MakeStatement>	<Defense_/_Security_Ministry_(India)>
<Media_(Africa)>	<Make_an_appeal_or_request>	<Citizen_(Kenya)>
<Media_Personnel_(Japan)>	<MakeStatement>	<China>
<Prabowo_Subianto>	<MakeStatement>	<Member_of_Parliament_(Australia)>
<Efkan_Ala>	<MakeStatement>	<Main_Opposition_(Turkey)>
<Barack_Obama>	<MakeStatement>	<North_Korea>
<Royal_Administration_(Jordan)>	<MakeStatement>	<Iran>
<Levon_Ter-Petrosyan>	<MakeStatement>	<Gagik_Tsarukyan>
<Tanzania>	<MakeStatement>	<Government_(Ecuador)>
<Blogger_(Iran)>	<MakeStatement>	<Kazakhstan>
<Edwin_Lacierda>	<MakeStatement>	<Moro_National_Liberation_Front>
<Jens_Weidmann>	<MakeStatement>	<France>
<Protester_(Hong_Kong)>	<Demonstrate_or_rally>	<China>
<Foreign_Affairs_(Middle_East)>	<Make_a_visit>	<France>
<Nuri_al-Maliki>	<MakeStatement>	<Party_Member_(Iraq)>
<Daniel_Ortega>	<MakeStatement>	<Mexico>
<Angela_Merkel>	<MakeStatement>	<Malaysia>
<Phongthep_Thepkanjana>	<MakeStatement>	<Cabinet_/_Council_of_Ministers_/_Advisors_(Thailand)>
<Police_(Libya)>	<MakeStatement>	<Mustafa_Abu_Shagur>
<Head_of_Government_(Sweden)>	<MakeStatement>	<Government_(Sweden)>
<Milliyet>	<MakeStatement>	<Lawyer/Attorney_(Turkey)>
<Foreign_Affairs_(Rwanda)>	<MakeStatement>	<UN_Security_Council>
<Valdis_Dombrovskis>	<MakeStatement>	<Head_of_Government_(Latvia)>
<Presidential_Press_Service_(Nigeria)>	<Consult>	<Daily_Trust>
<Nicos_Anastasiades>	<Consult>	<Evangelos_Venizelos>
<Alexander_Stubb>	<Express_intent_to_cooperate>	<Dmitry_Anatolyevich_Medvedev>
<Devlet_Bahçeli>	<MakeStatement>	<Nationalist_Movement_Party>
<Ministry_(Brazil)>	<MakeStatement>	<Fumio_Kishida>
<Japan>	<MakeStatement>	<China>
<Mexico>	<MakeStatement>	<Indigenous_People_(India)>
<China>	<Engage_in_negotiation>	<South_Africa>
<Main_Opposition_(South_Africa)>	<MakeStatement>	<Australia_Greens>
<Protester_(United_Kingdom)>	<MakeStatement>	<Indigenous_People_(United_Kingdom)>
<Niger_Delta_Development_Commission>	<Impose_administrative_sanctions>	<Citizen_(Nigeria)>
<Israeli_Defense_Forces>	<Use_conventional_military_force>	<Hamas>
<Environment_Department/Ministry_(Kenya)>	<MakeStatement>	<Government_(Angola)>
<Cabinet_/_Council_of_Ministers_/_Advisors_(Japan)>	<MakeStatement>	<Thailand>
<Iraq>	<Host_a_visit>	<Hezbollah>
<Megawati_Sukarnoputri>	<MakeStatement>	<Jean-Yves_Le_Drian>
<Admiral_(Iran)>	<MakeStatement>	<Fighter_Bomber_(Iran)>
<John_Kerry>	<Discuss_by_telephone>	<Benjamin_Netanyahu>
<Maldives>	<Consult>	<Tuvalu>
<Al_Wefaq_National_Islamic_Society>	<MakeStatement>	<Mob_(Kenya)>
<Wang_Yang>	<MakeStatement>	<Emilio_Pérez_Touriño>
<Police_(Kenya)>	<fight_with_small_arms_and_light_weapons>	<Indigenous_People_(Kenya)>
<Other_Authorities_/_Officials_(Jamaica)>	<MakeStatement>	<Criminal_(Jamaica)>
<Criminal_(Argentina)>	<Use_unconventional_violence>	<Men_(Argentina)>
<Justice_Department/Ministery_(Niger)>	<MakeStatement>	<Attacker_(Niger)>
<Employee_(Kenya)>	<Criticize_or_denounce>	<Governor_(Kenya)>
<Hamas>	<MakeStatement>	<Israeli_Defense_Forces>
<Police_(United_States)>	<Arrest_detain_or_charge_with_legal_action>	<Men_(United_Kingdom)>
<Combatant_(Palestinian_Territory_Occupied)>	<MakeStatement>	<Head_of_Government_(Ukraine)>
<Sergey_Viktorovich_Lavrov>	<MakeStatement>	<John_Kerry>
<International_Court_of_Justice>	<MakeStatement>	<Police_(Rwanda)>
<Benjamin_Netanyahu>	<MakeStatement>	<Tzipi_Livni>
<Karl_Erjavec>	<MakeStatement>	<Fiji>
<Government_(Nigeria)>	<MakeStatement>	<Boko_Haram>
<William_Lukuvi>	<MakeStatement>	<Tanzania>
<Benjamin_Netanyahu>	<Reject>	<Barack_Obama>
<China>	<MakeStatement>	<Myanmar>
<Energy_Department/Ministry_(Philippines)>	<MakeStatement>	<Philippines>
<Boy_Rafli_Amar>	<MakeStatement>	<Police_(Indonesia)>
<Samuel_J._Locklear>	<Demand>	<South_Korea>
<Wang_Yang>	<Consult>	<Cabinet_/_Council_of_Ministers_/_Advisors_(United_States)>
<Abdul_Aziz>	<MakeStatement>	<Jean-Yves_Le_Drian>
<Northern_Ireland>	<Ease_administrative_sanctions>	<Men_(United_Kingdom)>
<Marziyeh_Afkham>	<Make_optimistic_comment>	<Legislature_(Iraq)>
<Health_Ministry_(Cuba)>	<MakeStatement>	<Medical_Personnel_(Switzerland)>
<Veera_Somkwamkid>	<MakeStatement>	<Mustafa_Dzhemilev>
<Ministry_(Nigeria)>	<MakeStatement>	<Government_(Nigeria)>
<TDC>	<MakeStatement>	<Al_Jazeera>
<Najam_Sethi>	<MakeStatement>	<Raheel_Sharif>
<South_Africa>	<Express_intent_to_cooperate>	<China>
<Barack_Obama>	<Discuss_by_telephone>	<François_Hollande>
<Admiral_(Iran)>	<MakeStatement>	<Iran>
<Sergey_Viktorovich_Lavrov>	<Make_an_appeal_or_request>	<UN_Security_Council>
<Lawyer/Attorney_(Philippines)>	<MakeStatement>	<City_Mayor_(Philippines)>
<Ashraf_Ghani_Ahmadzai>	<MakeStatement>	<Afghanistan>
<François_Hollande>	<MakeStatement>	<Government_(France)>
<Benjamin_Netanyahu>	<MakeStatement>	<Angela_Merkel>
<John_Kerry>	<Consult>	<Pavlo_Klimkin>
<Massoud_Barzani>	<Make_a_visit>	<Legislature_(Iraq)>
<France>	<MakeStatement>	<Barack_Obama>
<Chuck_Hagel>	<MakeStatement>	<Iraq>
<Alexis_Tsipras>	<MakeStatement>	<Police_(Greece)>
<John_Kerry>	<Make_an_appeal_or_request>	<Government_(Palestinian_Territory_Occupied)>
<Tharit_Pengdit>	<MakeStatement>	<Protester_(Thailand)>
<Military_(Myanmar)>	<Praise_or_endorse>	<Military_(Thailand)>
<Media_(Morocco)>	<MakeStatement>	<Morocco>
<Kazakhstan>	<MakeStatement>	<Government_(Nepal)>
<Bala_Ngilari>	<MakeStatement>	<Member_of_the_Judiciary_(Nigeria)>
<Vytenis_Povilas_Andriukaitis>	<MakeStatement>	<Algirdas_Butkevičius>
<City_Mayor_(Philippines)>	<MakeStatement>	<Philippines>
<Riek_Machar>	<MakeStatement>	<Umar_al_Bashir>
<Soumeylou_Boubèye_Maiga>	<MakeStatement>	<Military_(Mali)>
<Lawmaker_(United_States)>	<Threaten_to_reduce_or_stop_aid>	<Iraq>
<Labor_Department_(India)>	<Reduce_relations>	<Employee_(India)>
<Tajikistan>	<Engage_in_diplomatic_cooperation>	<Bank_(Tajikistan)>
<Other_Authorities_/_Officials_(Nigeria)>	<MakeStatement>	<Farm_Worker_(Nigeria)>
<Rauf_Aregbesola>	<Make_an_appeal_or_request>	<Citizen_(Nigeria)>
<Angela_Merkel>	<Praise_or_endorse>	<China>
<North_Korea>	<MakeStatement>	<South_Korea>
<Tony_Blair>	<MakeStatement>	<Armed_Gang_(Egypt)>
<Undersecretary_(Bahrain)>	<MakeStatement>	<Labor_and_Employment_Ministry_(Bahrain)>
<China>	<Provide_military_aid>	<Japan>
<City_Mayor_(Namibia)>	<Make_an_appeal_or_request>	<Citizen_(Namibia)>
<Federica_Mogherini>	<Consult>	<Foreign_Affairs_(Russia)>
<Iran>	<MakeStatement>	<Morteza_Sarmadi>
<Undersecretary_(Kuwait)>	<MakeStatement>	<Kuwait>
<Armenia>	<MakeStatement>	<Cobra_Matata>
<Blogger_(Iran)>	<Consult>	<Party_Member_(Iran)>
<Angela_Merkel>	<MakeStatement>	<Victoria_Nuland>
<Royal_Administration_(Spain)>	<Express_intent_to_meet_or_negotiate>	<Morocco>
<Abdelilah_Benkirane>	<MakeStatement>	<Independence_Party>
<Nasser_Judeh>	<MakeStatement>	<Simon_Khaya_Moyo>
<Cristina_Fernández_de_Kirchner>	<Engage_in_negotiation>	<Xi_Jinping>
<Police_(Kenya)>	<Appeal_for_intelligence>	<Citizen_(Kenya)>
<Police_(Japan)>	<Confiscate_property>	<Party_Member_(Japan)>
<Fire_Brigade_(China)>	<MakeStatement>	<China>
<Defense_/_Security_Ministry_(Nigeria)>	<MakeStatement>	<Government_(Nigeria)>
<Pavlo_Klimkin>	<MakeStatement>	<Cabinet_/_Council_of_Ministers_/_Advisors_(Somalia)>
<Xi_Jinping>	<Meet_at_a_'third'_location>	<China>
<John_Kerry>	<Consult>	<Party_Member_(Afghanistan)>
<Government_(Germany)>	<Provide_economic_aid>	<National_Iranian_Petrochemical_Company>
<Cabinet_/_Council_of_Ministers_/_Advisors_(United_States)>	<MakeStatement>	<Fumio_Kishida>
<Jeff_Seeney>	<Consult>	<Combatant_(Australia)>
<Government_(United_States)>	<Impose_embargo_boycott_or_sanctions>	<Rostec>
<Julie_Bishop>	<MakeStatement>	<UN_Security_Council>
<Planning_Commission_(Nigeria)>	<MakeStatement>	<Ministry_(Nigeria)>
<China>	<Express_intent_to_engage_in_diplomatic_cooperation_(such_as_policy_support)>	<New_Zealand>
<Defense_/_Security_Ministry_(Ukraine)>	<MakeStatement>	<Militant_(Ukraine)>
<Meretz>	<MakeStatement>	<Tzipi_Livni>
<Head_of_Government_(Mauritania)>	<MakeStatement>	<Mauritania>
<China>	<MakeStatement>	<Vietnam>
<Catherine_Ashton>	<Make_an_appeal_or_request>	<North_Korea>
<Yakubu_Gowon>	<Make_an_appeal_or_request>	<Government_(Nigeria)>
<Armed_Opposition_(Uganda)>	<MakeStatement>	<Police_(Bulgaria)>
<Riek_Machar>	<Use_unconventional_violence>	<Sudan_People's_Liberation_Army>
<Armed_Rebel_(Syria)>	<Threaten>	<Government_(Syria)>
<Education_(Iran)>	<MakeStatement>	<Salvador_Sánchez_Cerén>
<Tanzania>	<Host_a_visit>	<Xi_Jinping>
<John_Kerry>	<MakeStatement>	<National_Coalition_for_Syrian_Revolutionary_and_Opposition_Forces>
<Protester_(Hong_Kong)>	<MakeStatement>	<China>
<Citizen_(Nigeria)>	<Criticize_or_denounce>	<Head_of_Government_(Nigeria)>
<Armed_Gang_(Saudi_Arabia)>	<MakeStatement>	<Umar_al_Bashir>
<City_Mayor_(Philippines)>	<MakeStatement>	<Businessperson_(Philippines)>
<Civic_Group_(Croatia)>	<MakeStatement>	<City_Mayor_(Croatia)>
<China>	<Express_intent_to_engage_in_diplomatic_cooperation_(such_as_policy_support)>	<South_Sudan>
<Abdullah_Abdullah>	<Reduce_relations>	<Election_Commission_(Afghanistan)>
<Mauricio_Domogan>	<Make_optimistic_comment>	<Philippines>
<Chuck_Hagel>	<MakeStatement>	<Al_Arabiya>
<High_Ranking_Military_Personnel_(Pakistan)>	<MakeStatement>	<Militant_(Taliban)>
<Police_(Syria)>	<Consult>	<High_Ranking_Military_Personnel_(Syria)>
<Philip_Hammond>	<MakeStatement>	<Legislature_(Libya)>
<South_Africa>	<MakeStatement>	<China>
<Vitaliy_Yarema>	<MakeStatement>	<Defense_/_Security_Ministry_(Ukraine)>
<China>	<Express_intent_to_engage_in_diplomatic_cooperation_(such_as_policy_support)>	<John_Baird>
<Citizen_(Nigeria)>	<Make_an_appeal_or_request>	<Labor_Union_(Nigeria)>
<Political_Parties_(Palestinian_Territory_Occupied)>	<MakeStatement>	<Police_(Jamaica)>
<Citizen_(South_Korea)>	<Ease_administrative_sanctions>	<South_Korea>
<Lawmaker_(South_Korea)>	<Demand>	<Citizen_(South_Korea)>
<John_Kerry>	<Consult>	<Presidential_Candidate_(Afghanistan)>
<Radoslaw_Sikorski>	<MakeStatement>	<Mustafa_Dzhemilev>
<Royal_Thai_Police>	<Arrest_detain_or_charge_with_legal_action>	<Citizen_(Thailand)>
<Foreign_Affairs_(Russia)>	<MakeStatement>	<Iraq>
<Makame_Mbarawa>	<MakeStatement>	<Tanzania>
<China>	<Consult>	<North_Korea>
<Government_(United_States)>	<MakeStatement>	<Civic_Group_(Kenya)>
<Other_Authorities_/_Officials_(Nigeria)>	<MakeStatement>	<Ministry_(Nigeria)>
<Salvador_Sánchez_Cerén>	<MakeStatement>	<Guerrilla_(El_Salvador)>
<Xi_Jinping>	<Express_intent_to_meet_or_negotiate>	<Citizen_(Brazil)>
<Dinh_Tien_Dung>	<MakeStatement>	<Ministry_(Vietnam)>
<Ayatollah_Seyyed_Ahmad_Alamolhoda>	<MakeStatement>	<Iran>
<Ministry_(Nigeria)>	<MakeStatement>	<Media_(Africa)>
<Defense_/_Security_Ministry_(Ukraine)>	<MakeStatement>	<North_Atlantic_Treaty_Organization>
<Ministry_(Morocco)>	<MakeStatement>	<Morocco>
<Benjamin_Netanyahu>	<Accuse>	<Hamas>
<Yamfwa_Mukanga>	<MakeStatement>	<Government_(United_States)>
<Sebastian_Ndeitunga>	<MakeStatement>	<Police_(Namibia)>
<Vesna_Pusić>	<MakeStatement>	<Civic_Group_(Croatia)>
<Barack_Obama>	<MakeStatement>	<Government_(Nigeria)>
<Adams_Oshiomhole>	<Criticize_or_denounce>	<Citizen_(Nigeria)>
<Japan>	<Provide_economic_aid>	<Vietnam>
<Radimir_Čačić>	<Consult>	<Croatian_People's_Party_–_Liberal_Democrats>
<Veterans_(Israel)>	<MakeStatement>	<Government_(Nigeria)>
<Xi_Jinping>	<Make_a_visit>	<South_Korea>
<Secret_Agent_(South_Korea)>	<Attempt_to_assassinate>	<Intelligence_Officer_(South_Korea)>
<Alleged_Militants_(India)>	<MakeStatement>	<Armed_Gang_(Egypt)>
<Japan>	<Demand>	<Citizen_(North_Korea)>
<Media_Personnel_(International)>	<MakeStatement>	<John_Kerry>
<Pavlo_Klimkin>	<Consult>	<Sergey_Viktorovich_Lavrov>
<Political_Parties_(Palestinian_Territory_Occupied)>	<Consult>	<Head_of_Government_(Palestinian_Territory_Occupied)>
<Citizen_(India)>	<MakeStatement>	<Education_(Nigeria)>
<High_Ranking_Military_Personnel_(Jordan)>	<MakeStatement>	<Police_(Jordan)>
<Employee_(Kenya)>	<MakeStatement>	<Police_(Kenya)>
<Staffan_de_Mistura>	<Engage_in_diplomatic_cooperation>	<Iraq>
<France>	<Make_pessimistic_comment>	<Japan>
<Chuck_Hagel>	<MakeStatement>	<Lawmaker_(Turkey)>
<Dunya_Maumoon>	<MakeStatement>	<Maldives>
<Pier_Ferdinando_Casini>	<MakeStatement>	<Iran>
<UN_Security_Council>	<MakeStatement>	<Sudan>
<Xi_Jinping>	<Demand>	<China>
<Caitlin_Hayden>	<MakeStatement>	<Imad_Mugniyah>
<Police_(El_Salvador)>	<MakeStatement>	<Criminal_(El_Salvador)>
<John_Kerry>	<Consult>	<Benjamin_Netanyahu>
<Amnesty_International>	<MakeStatement>	<Media_Personnel_(Thailand)>
<Attacker_(Tanzania)>	<MakeStatement>	<Catherine_Ashton>
<Court_Judge_(Belarus)>	<MakeStatement>	<Pervez_Musharraf>
<Agriculture_/_Fishing_/_Forestry_Ministry_(Sudan)>	<MakeStatement>	<Sudan>
<Governor_(Angola)>	<MakeStatement>	<Angola>
<Xi_Jinping>	<Consult>	<China>
<Government_(Nigeria)>	<MakeStatement>	<Fula_people>
<High_Ranking_Military_Personnel_(India)>	<Consult>	<Omar_Abdullah>
<Qassim_Atta>	<MakeStatement>	<Air_Force_(Iraq)>
<Tanzania>	<Arrest_detain_or_charge_with_legal_action>	<Citizen_(Tanzania)>
<Toru_Hashimoto>	<MakeStatement>	<Newspaper_(Japan)>
<Protester_(Western_Sahara)>	<Make_an_appeal_or_request>	<UN_Security_Council>
<Benjamin_Netanyahu>	<MakeStatement>	<Police_(Israel)>
<Archbishop_(Australia)>	<MakeStatement>	<Lawyer/Attorney_(Australia)>
<Foreign_Affairs_(Israel)>	<Consult>	<Benjamin_Netanyahu>
<Men_(Russia)>	<MakeStatement>	<Medical_Personnel_(Japan)>
<Bradesco>	<MakeStatement>	<Government_Affiliated_Bank_(Brazil)>
<Afghanistan>	<Host_a_visit>	<Cabinet_/_Council_of_Ministers_/_Advisors_(United_States)>
<Foreign_Affairs_(United_States)>	<Consult>	<Abdel_Fattah_Al-Sisi>
<Barack_Obama>	<Make_an_appeal_or_request>	<Abdullah_Abdullah>
<Barack_Obama>	<MakeStatement>	<Raúl_Castro>
<Main_Opposition_(South_Africa)>	<Investigate>	<City_Mayor_(South_Africa)>
<Susana_Villaran>	<MakeStatement>	<Business_(Peru)>
<Emal_Faizi>	<MakeStatement>	<Afghanistan>
<Lungelo_Dlamini>	<Accuse>	<Citizen_(Germany)>
<Citizen_(Belarus)>	<MakeStatement>	<Boko_Haram>
<Philip_Hammond>	<Consult>	<Nasser_Judeh>
<Lawyer/Attorney_(Sierra_Leone)>	<MakeStatement>	<Member_of_the_Judiciary_(Sierra_Leone)>
<China>	<Make_optimistic_comment>	<Xi_Jinping>
<Leila_Zerrougui>	<Praise_or_endorse>	<Joseph_Kabila>
<Abdullah_Abdullah>	<MakeStatement>	<Afghanistan>
<Thailand>	<Engage_in_diplomatic_cooperation>	<China>
<Police_(Philippines)>	<Confiscate_property>	<Philippines>
<Laos>	<Make_optimistic_comment>	<China>
<Militant_(Iraq)>	<Use_unconventional_violence>	<Iraq>
<High_Ranking_Military_Personnel_(Pakistan)>	<MakeStatement>	<Criminal_(Pakistan)>
<Abdelilah_Benkirane>	<Host_a_visit>	<Royal_Administration_(Spain)>
<Thailand>	<MakeStatement>	<Cambodia>
<Geng_Yansheng>	<MakeStatement>	<Japan>
<China>	<Express_intent_to_cooperate>	<South_Korea>
<Angus_Houston>	<MakeStatement>	<Associated_Press>
<Alexander_Lukashevich>	<MakeStatement>	<Canada>
<Isaac_Kiprono_Ruto>	<MakeStatement>	<Member_of_Legislative_(Govt)_(Kenya)>
<John_Kerry>	<MakeStatement>	<UN_Security_Council>
<Foreign_Affairs_(Hungary)>	<Consult>	<Foreign_Affairs_(Yemen)>
<Mob_(Kenya)>	<MakeStatement>	<UN_Security_Council>
<Police_(Philippines)>	<Arrest_detain_or_charge_with_legal_action>	<Businessperson_(Philippines)>
<UN_Security_Council>	<MakeStatement>	<Government_(Syria)>
<Anders_Borg>	<Make_an_appeal_or_request>	<Government_Affiliated_Bank_(Sweden)>
<Marziyeh_Afkham>	<MakeStatement>	<Iran>
<Kuwait>	<MakeStatement>	<Pavel_Gubarev>
<Treasury/Finance_Ministry_(Nigeria)>	<MakeStatement>	<Boko_Haram>
<Massoud_Barzani>	<MakeStatement>	<Iraq>
<Militant_(Iraq)>	<MakeStatement>	<Military_Personnel_-_Special_(Nigeria)>
<Police_(Kenya)>	<MakeStatement>	<Immigrants_(Ethiopia)>
<Benjamin_Netanyahu>	<MakeStatement>	<Israeli_Defense_Forces>
<Mohammad_Javad_Zarif>	<MakeStatement>	<Afghanistan>
<Envoy_(United_States)>	<Praise_or_endorse>	<Staffan_de_Mistura>
<Mohammad_Javad_Zarif>	<Express_intent_to_meet_or_negotiate>	<Catherine_Ashton>
<Government_(Croatia)>	<MakeStatement>	<Ministry_(Croatia)>
<Police_(Philippines)>	<MakeStatement>	<Philippines>
<Other_Authorities_/_Officials_(Nigeria)>	<Praise_or_endorse>	<Military_Personnel_-_Special_(Nigeria)>
<City_Mayor_(South_Africa)>	<MakeStatement>	<Government_(South_Africa)>
<Royal_Air_Force>	<MakeStatement>	<Attack_Craft_(United_Kingdom)>
<Labor_Department_(India)>	<MakeStatement>	<Defense_/_Security_Ministry_(Azerbaijan)>
<Abdel_Fattah_Al-Sisi>	<MakeStatement>	<Secretariat_(Egypt)>
<Police_(Cambodia)>	<MakeStatement>	<Media_(Saudi_Arabia)>
<Tomislav_Nikolić>	<MakeStatement>	<European_Parliament>
<Citizen_(India)>	<Physically_assault>	<Company_-_Owner_or_Operator_(India)>
<Foreign_Affairs_(Russia)>	<MakeStatement>	<North_Atlantic_Treaty_Organization>
<David_Choquehuanca>	<MakeStatement>	<Bolivia>
<Chris_Alexander>	<MakeStatement>	<Canada>
<François_Hollande>	<Discuss_by_telephone>	<Angela_Merkel>
<Government_(Nigeria)>	<MakeStatement>	<Ogbeni_Rauf_Aregbesola>
<Festus_Keyamo>	<Make_an_appeal_or_request>	<Member_of_the_Judiciary_(Nigeria)>
<Envoy_(United_States)>	<MakeStatement>	<Iran>
<Massoud_Barzani>	<Consult>	<Legislature_(Iraq)>
<France>	<MakeStatement>	<South_Korea>
<Iran>	<MakeStatement>	<Edgars_Rinkevics>
<Israeli_Defense_Forces>	<MakeStatement>	<Iran>
<Police_(Philippines)>	<Arrest_detain_or_charge_with_legal_action>	<Military_(Philippines)>
<Salah_al-Bardawil>	<MakeStatement>	<Government_(Palestinian_Territory_Occupied)>
<Vesna_Pusić>	<MakeStatement>	<China>
<China>	<Express_intent_to_cooperate>	<South_Africa>
<Sadiq_al-Mahdi>	<MakeStatement>	<Government_(Sudan)>
<Ministry_(South_Korea)>	<Appeal_for_intelligence>	<Lawyer/Attorney_(South_Korea)>
<Newspaper_(Japan)>	<Praise_or_endorse>	<North_Korea>
<North_Korea>	<Host_a_visit>	<Lawmaker_(Japan)>
<Barack_Obama>	<Make_empathetic_comment>	<Citizen_(Malaysia)>
<North_Korea>	<MakeStatement>	<Japan>
<Foreign_Affairs_(Italy)>	<Consult>	<Pavlo_Klimkin>
<Afghanistan>	<MakeStatement>	<Armed_Band_(Afghanistan)>
<Cabinet_/_Council_of_Ministers_/_Advisors_(United_States)>	<MakeStatement>	<Iran>
<Police_(Philippines)>	<Investigate>	<Men_(Philippines)>
<Cambodia>	<Host_a_visit>	<Veera_Somkwamkid>
<Head_of_Government_(India)>	<MakeStatement>	<Islamic_(India)>
<Nhial_Deng_Nhial>	<MakeStatement>	<Ethiopia>
<Legislature_(Romania)>	<Express_intent_to_meet_or_negotiate>	<Romania>
<Ministry_(Angola)>	<MakeStatement>	<Angola>
<United_Arab_Emirates>	<Arrest_detain_or_charge_with_legal_action>	<Men_(United_Arab_Emirates)>
<Government_(Georgia)>	<Express_intent_to_engage_in_diplomatic_cooperation_(such_as_policy_support)>	<Citizen_(Georgia)>
<Malala_Yousafzai>	<Appeal_for_de-escalation_of_military_engagement>	<Boko_Haram>
<Japan>	<Consider_policy_option>	<Iran>
<Lapo_Pistelli>	<Host_a_visit>	<Foreign_Affairs_(United_States)>
<China>	<Engage_in_diplomatic_cooperation>	<South_Korea>
<Citizen_(Nigeria)>	<Appeal_for_diplomatic_cooperation_(such_as_policy_support)>	<Government_(Nigeria)>
<Massoud_Barzani>	<Demand>	<Nuri_al-Maliki>
<Media_Personnel_(Somalia)>	<MakeStatement>	<Al-Shabaab>
<Prabowo_Subianto>	<Accuse>	<Citizen_(Indonesia)>
<Central_Reserve_Police_Force>	<MakeStatement>	<Media_(Africa)>
<Military_(Mexico)>	<Arrest_detain_or_charge_with_legal_action>	<Criminal_(Mexico)>
<Company_-_Owner_or_Operator_(Brazil)>	<Investigate>	<Luiz_Inacio_Lula_Da_Silva>
<People_Associated_with_the_Opposition_(Australia)>	<MakeStatement>	<Dimitrios_Avramopoulos>
<Melissa_Fleming>	<MakeStatement>	<Asylum_Seeker_(Sudan)>
<Xi_Jinping>	<MakeStatement>	<Tanzania>
<Mohammad_Reza_Naqdi>	<MakeStatement>	<Iran>
<Presidential_Press_Service_(Nigeria)>	<MakeStatement>	<Foreign_Affairs_(Chile)>
<China>	<Engage_in_negotiation>	<France>
<Veera_Somkwamkid>	<Defy_norms_law>	<National_Council_for_Peace_and_Order_of_Thailand>
<Chongwadai>	<MakeStatement>	<Government_(United_States)>
<Doctors_Without_Borders>	<Provide_economic_aid>	<Myanmar>
<Activist_(France)>	<MakeStatement>	<France>
<Philipp_Rösler>	<MakeStatement>	<Vietnam>
<Alexander_Lukashevich>	<MakeStatement>	<Sergey_Viktorovich_Lavrov>
<Iran>	<MakeStatement>	<Barack_Obama>
<Abdol-Reza_Mesri>	<MakeStatement>	<European_Parliament>
<Citizen_(Australia)>	<Use_unconventional_violence>	<Royal_Administration_(Australia)>
<Yves-Fran_Francois_Blanchet>	<MakeStatement>	<Canada>
<Head_of_Government_(Ecuador)>	<MakeStatement>	<Government_(Ecuador)>
<Sergey_Viktorovich_Lavrov>	<Make_a_visit>	<Slovenia>
<Al_Arabiya>	<MakeStatement>	<Royal_Administration_(Saudi_Arabia)>
<People_Associated_with_the_Opposition_(Argentina)>	<MakeStatement>	<Party_Member_(Malawi)>
<Kaci_Hickox>	<MakeStatement>	<Nurse_(United_States)>
<Head_of_Government_(Ukraine)>	<MakeStatement>	<Verkhovna_Rada>
<Justice_Department/Ministery_(Libya)>	<MakeStatement>	<Ahmed_Abu_Khatallah>
<Citizen_(Yemen)>	<Use_unconventional_violence>	<Militant_(Yemen)>
<Business_(Bulgaria)>	<MakeStatement>	<Independence_Party>
<Xi_Jinping>	<Express_intent_to_meet_or_negotiate>	<Member_of_Legislative_(Govt)_(South_Korea)>
<China>	<MakeStatement>	<Iran>
<Barack_Obama>	<Make_an_appeal_or_request>	<Iraq>
<Chama_Cha_Uzalendo>	<MakeStatement>	<Other_Authorities_/_Officials_(Egypt)>
<Domestic_Affairs_(France)>	<MakeStatement>	<France>
<Police_(Philippines)>	<MakeStatement>	<Military_(Philippines)>
<Director_General_(Russia)>	<MakeStatement>	<Business_(Russia)>
<Abdullah_Gül>	<Make_optimistic_comment>	<China>
<Ministry_(Nigeria)>	<MakeStatement>	<Farm_Worker_(Nigeria)>
<Media_Personnel_(Honduras)>	<MakeStatement>	<Court_Judge_(Honduras)>
<James_Ongwae>	<MakeStatement>	<Media_(Africa)>
<Benjamin_Netanyahu>	<Accuse_of_aggression>	<Hamas>
<Party_President_(Romania)>	<MakeStatement>	<Klaus_Johannis>
<James_Selfe>	<MakeStatement>	<Media_Personnel_(United_States)>
<Angela_Merkel>	<MakeStatement>	<Government_(Germany)>
<Military_(Myanmar)>	<MakeStatement>	<Lawyer/Attorney_(Belgium)>
<John_Kerry>	<MakeStatement>	<Angola>
<Al_Jazeera>	<MakeStatement>	<Armed_Rebel_(Yemen)>
<Sean_Edwards>	<MakeStatement>	<Police_(United_States)>
<Herve_Ladsous>	<MakeStatement>	<Provincial_Officials_(China)>
<Lawyer/Attorney_(Zambia)>	<MakeStatement>	<People_Associated_with_the_Opposition_(Albania)>
<Head_of_Government_(Chile)>	<MakeStatement>	<City_Mayor_(Chile)>
<Head_of_Government_(India)>	<MakeStatement>	<China>
<Foreign_Affairs_(Latvia)>	<MakeStatement>	<Edgars_Rinkevics>
<Abdullah_Abdullah>	<Accuse>	<Election_Commission_(Afghanistan)>
<Mala_Bakhtiyar>	<MakeStatement>	<Other_Authorities_/_Officials_(Zimbabwe)>
<Iran>	<Praise_or_endorse>	<Iraq>
<Governor_(Angola)>	<Make_an_appeal_or_request>	<Bank_(Angola)>
<Xi_Jinping>	<Sign_formal_agreement>	<Cristina_Fernández_de_Kirchner>
<Lawyer/Attorney_(Philippines)>	<MakeStatement>	<Justice_Department/Ministery_(Philippines)>
<UN_Security_Council>	<Criticize_or_denounce>	<North_Korea>
<UN_Security_Council>	<MakeStatement>	<Other_Authorities_/_Officials_(Russia)>
<National_Coalition_Party>	<MakeStatement>	<Alexander_Stubb>
<Development_Council_(Nigeria)>	<Make_an_appeal_or_request>	<Citizen_(Nigeria)>
<François_Hollande>	<MakeStatement>	<France>
<Ethiopia>	<MakeStatement>	<Al-Shabaab>
<Blogger_(Australia)>	<MakeStatement>	<Police_(Australia)>
<Citizen_(Australia)>	<Use_unconventional_violence>	<Campbell_Newman>
<Governor_(Kenya)>	<MakeStatement>	<James_Ongwae>
<Tsakhiagiyn_Elbegdorj>	<MakeStatement>	<Japan>
<Head_of_Government_(Germany)>	<Make_a_visit>	<China>
<Liu_Jieyi>	<MakeStatement>	<China>
<Foreign_Affairs_(United_States)>	<MakeStatement>	<Angola>
<Micky_Rosenfeld>	<MakeStatement>	<Tourist_(United_States)>
<Government_(United_States)>	<Investigate>	<Citizen_(Kenya)>
<Yabloko>	<MakeStatement>	<Combatant_(Turkey)>
<Amnesty_International>	<Make_a_visit>	<Iraq>
<Media_Personnel_(New_Zealand)>	<MakeStatement>	<Government_(New_Zealand)>
<Juan_Antonio_Coloma>	<MakeStatement>	<Foreign_Affairs_(Chile)>
<Israeli_Defense_Forces>	<MakeStatement>	<Al_Jazeera>
<Jacob_J._Lew>	<Express_intent_to_meet_or_negotiate>	<China>
<North_American_Aerospace_Defense_Command>	<MakeStatement>	<Military_(Russia)>
<African_Union>	<Use_conventional_military_force>	<Military_Personnel_(Somalia)>
<Citizen_(Nigeria)>	<Reject_plan_agreement_to_settle_dispute>	<Government_(Nigeria)>
<Sergey_Viktorovich_Lavrov>	<MakeStatement>	<RIA_Novosti>
<Barack_Obama>	<MakeStatement>	<Government_(Syria)>
<Media_Personnel_(Pakistan)>	<MakeStatement>	<Abdul_Aziz>
<Karl_Erjavec>	<Consult>	<Slovenia>
<Insurgent_(Afghanistan)>	<MakeStatement>	<Foreign_Affairs_(Lebanon)>
<Other_Authorities_/_Officials_(Mali)>	<MakeStatement>	<People_Associated_with_the_Opposition_(Albania)>
<United_Arab_Emirates>	<MakeStatement>	<Raúl_Castro>
<Raúl_Castro>	<MakeStatement>	<City_Mayor_(Indonesia)>
<Japan>	<Express_intent_to_meet_or_negotiate>	<Vietnam>
<Ravi_Shankar_Prasad>	<MakeStatement>	<Head_of_Government_(India)>
<Barack_Obama>	<Express_intent_to_cooperate>	<Xi_Jinping>
<Chuck_Hagel>	<Consult>	<Hamad_bin_Ali_al-Attiyah>
<Citizen_(Indonesia)>	<MakeStatement>	<Imad_Mugniyah>
<Taufa'ahau_Tupou_IV>	<MakeStatement>	<Tonga>
<Cabinet_/_Council_of_Ministers_/_Advisors_(United_States)>	<Consult>	<Abdullah_Abdullah>
<Representatives_(Nigeria)>	<Consult>	<Company_-_Owner_or_Operator_(Nigeria)>
<Thailand>	<Arrest_detain_or_charge_with_legal_action>	<Citizen_(Hungary)>
<Scientist_(France)>	<MakeStatement>	<Environmentalist_(France)>
<High_Ranking_Military_Personnel_(Jordan)>	<MakeStatement>	<Ministry_(Jordan)>
<Megawati_Sukarnoputri>	<Praise_or_endorse>	<Jusuf_Kalla>
<Cheng_Yonghua>	<MakeStatement>	<China>
<Iran>	<MakeStatement>	<Mohammad_Javad_Zarif>
<Mario_Monti>	<MakeStatement>	<Justin_Trudeau>
<Other_Authorities_/_Officials_(China)>	<MakeStatement>	<Provincial_Officials_(China)>
<Armed_Rebel_(Syria)>	<MakeStatement>	<United_Progressive_Alliance>
<Armed_Gang_(India)>	<Use_unconventional_violence>	<Citizen_(India)>
<Edwin_Kanguatjivi>	<MakeStatement>	<Police_(Namibia)>
<Yoon_Sang-jick>	<MakeStatement>	<South_Korea>
<Aleksandre_Chikaidze>	<MakeStatement>	<Haiti>
<Cristina_Fernández_de_Kirchner>	<Consult>	<Xi_Jinping>
<János_Áder>	<Express_intent_to_meet_or_negotiate>	<Andrej_Kiska>
<Abdullah_Gül>	<Consult>	<Massoud_Barzani>
<Citizen_(Thailand)>	<Engage_in_symbolic_act>	<Media_Personnel_(Thailand)>
<Election_Commission_(Fiji)>	<MakeStatement>	<Political_Parties_(Fiji)>
<Tajikistan>	<Express_intent_to_meet_or_negotiate>	<Kazakhstan>
<Economist_(Belarus)>	<MakeStatement>	<Employee_(India)>
<Other_Authorities_/_Officials_(Zimbabwe)>	<MakeStatement>	<Federal_Police>
<Miguel_Ángel_Osorio_Chong>	<MakeStatement>	<Government_(Mexico)>
<Foreign_Affairs_(United_States)>	<MakeStatement>	<South_Sudan>
<Nuri_al-Maliki>	<MakeStatement>	<Air_Force_(Iraq)>
<Staffan_de_Mistura>	<MakeStatement>	<Medical_Personnel_(India)>
<Ministry_(Tanzania)>	<MakeStatement>	<Barack_Obama>
<Insurgent_(Afghanistan)>	<fight_with_small_arms_and_light_weapons>	<Afghanistan>
<Head_of_Government_(Ukraine)>	<Consult>	<Pavlo_Klimkin>
<Hamas>	<Criticize_or_denounce>	<Israeli_Defense_Forces>
<Alfred_Romualdez>	<MakeStatement>	<Philippines>
<Noh_Kwang-il>	<MakeStatement>	<South_Korea>
<Activist_(Colombia)>	<MakeStatement>	<Lawyer/Attorney_(Colombia)>
<Industrial_/_Textiles_/_Mining_Ministry_(China)>	<MakeStatement>	<China>
<Sergey_Viktorovich_Lavrov>	<MakeStatement>	<Joseph_Robinette_Biden>
<Xi_Jinping>	<Praise_or_endorse>	<Mohamed_Ould_Abdel_Aziz>
<Governor_(Angola)>	<MakeStatement>	<Government_(Angola)>
<Lapo_Pistelli>	<MakeStatement>	<Nurse_(France)>
<Head_of_Government_(Bahamas)>	<MakeStatement>	<Government_(Bahamas)>
<Benjamin_Netanyahu>	<MakeStatement>	<Iran>
<Congress_(Argentina)>	<MakeStatement>	<Guy_Scott>
<John_Kerry>	<MakeStatement>	<North_Korea>
<Militant_(Iraq)>	<Return_release_person(s)>	<Citizen_(Turkey)>
<Paraguay>	<MakeStatement>	<Kazakhstan>
<Paraguay>	<Criticize_or_denounce>	<Cristina_Fernández_de_Kirchner>
<Media_Personnel_(Pakistan)>	<MakeStatement>	<Cleric_(Pakistan)>
<Legislature_(Romania)>	<MakeStatement>	<Rights_Activist_(Kenya)>
<Government_(Nigeria)>	<Expel_or_deport_individuals>	<Citizen_(Nigeria)>
<Newspaper_(Japan)>	<MakeStatement>	<Immigrants_(Ethiopia)>
<Chama_Cha_Uzalendo>	<Demand>	<Alfred_Mutua>
<Wang_Anshun>	<MakeStatement>	<China>
<Virgin_Atlantic_Airways>	<MakeStatement>	<Air_France>
<Nikos_Christodoulides>	<MakeStatement>	<Nicos_Anastasiades>
<Ministry_(La_Francophonie)>	<MakeStatement>	<Canada>
<Police_(Kenya)>	<MakeStatement>	<The_Standard>
<Media_Personnel_(Saudi_Arabia)>	<MakeStatement>	<Media_(Saudi_Arabia)>
<Guatemala>	<MakeStatement>	<Bala_Abdulkadir_Mohammed>
<Marou_Amadou>	<MakeStatement>	<Attacker_(Niger)>
<Ashraf_Ghani_Ahmadzai>	<Express_intent_to_meet_or_negotiate>	<Abdullah_Abdullah>
<Xi_Jinping>	<MakeStatement>	<Military_(China)>
<Border_Security_Force>	<MakeStatement>	<Pakistan_Tehreek-e-Insaf>
<Taavi_Rõivas>	<MakeStatement>	<Julie_Bishop>
<Raúl_Castro>	<Praise_or_endorse>	<Daniel_Ortega>
<Police_(Kenya)>	<MakeStatement>	<Mob_(Kenya)>
<Gilles_Jaron>	<MakeStatement>	<Military_(France)>
<Foreign_Affairs_(India)>	<Express_intent_to_meet_or_negotiate>	<Sujatha_Singh>
<Ministry/Department_of_Technology_(Iraq)>	<MakeStatement>	<Militant_(Iraq)>
<Supreme_Council_(Iraq)>	<MakeStatement>	<Court_Judge_(Iraq)>
<Royal_Administration_(Iraq)>	<MakeStatement>	<Iraq>
<Media_(Africa)>	<Consult>	<Olajide_Laleye>
<Jeannot_Kouadio_Ahoussou>	<Make_an_appeal_or_request>	<Citizen_(Cote_d'Ivoire)>
<Other_Authorities_/_Officials_(Bahrain)>	<MakeStatement>	<Coalition_of_the_Radical_Left>
<John_Kerry>	<Appeal_for_diplomatic_cooperation_(such_as_policy_support)>	<Japan>
<Barack_Obama>	<MakeStatement>	<Xi_Jinping>
<Nasser_Judeh>	<Make_a_visit>	<Romania>
<Malawi_Electoral_Commission>	<MakeStatement>	<Political_Parties_(Malawi)>
<Head_of_Government_(Nigeria)>	<Consult>	<Media_(Africa)>
<South_Korea>	<Express_intent_to_engage_in_diplomatic_cooperation_(such_as_policy_support)>	<Thailand>
<Greenpeace>	<MakeStatement>	<Activist_(United_States)>
<Malala_Yousafzai>	<MakeStatement>	<Vytenis_Povilas_Andriukaitis>
<Fang_Fenghui>	<Engage_in_negotiation>	<Armed_Separatist_(China)>
<Police_(United_States)>	<MakeStatement>	<Defense_/_Security_Ministry_(Angola)>
<Abdel_Fattah_Al-Sisi>	<Consult>	<Company_-_Owner_or_Operator_(Egypt)>
<Angela_Merkel>	<MakeStatement>	<Head_of_Government_(Bulgaria)>
<Joseph_Ole_Lenku>	<MakeStatement>	<High_Commission_for_Refugees>
<China>	<Make_optimistic_comment>	<Thailand>
<Qatar>	<MakeStatement>	<Abdel_Fattah_Al-Sisi>
<Joe_Oliver>	<MakeStatement>	<Barack_Obama>
<François_Hollande>	<Consult>	<Angela_Merkel>
<Mexico>	<Host_a_visit>	<Presidential_Family_(Guatemala)>
<Qin_Gang>	<MakeStatement>	<China>
<Lawyer/Attorney_(United_Kingdom)>	<Arrest_detain_or_charge_with_legal_action>	<Citizen_(United_Kingdom)>
<Director_General_(Cambodia)>	<MakeStatement>	<Cambodia>
<Legislature_(China)>	<MakeStatement>	<China>
<Domestic_Affairs_(Spain)>	<MakeStatement>	<Civil_Guard>
<Abdullah_Abdullah>	<Express_intent_to_cooperate>	<Ashraf_Ghani_Ahmadzai>
<Extremist_(Boko_Haram)>	<MakeStatement>	<François_Hollande>
<Angola>	<Sign_formal_agreement>	<South_Korea>
<Nangolo_Mbumba>	<Make_an_appeal_or_request>	<Citizen_(Namibia)>
<Cristina_Fernández_de_Kirchner>	<Express_intent_to_engage_in_diplomatic_cooperation_(such_as_policy_support)>	<Xi_Jinping>
<Japan>	<MakeStatement>	<North_Korea>
<Mahamat_Saleh_Annadif>	<MakeStatement>	<African_Union>
<Police_(Poland)>	<MakeStatement>	<Thief_(Poland)>
<Dinka>	<MakeStatement>	<Riek_Machar>
<Afghanistan>	<MakeStatement>	<Abdullah_Abdullah>
<Radimir_Čačić>	<MakeStatement>	<Medical_Personnel_(Jordan)>
<North_Korea>	<Express_intent_to_meet_or_negotiate>	<South_Korea>
<Ambrose_Mammadi>	<MakeStatement>	<Murtala_Nyako>
<Northern_Ireland>	<MakeStatement>	<Combatant_(Turkey)>
<Military_Personnel_-_Special_(Kenya)>	<MakeStatement>	<Employee_(Bosnia_and_Herzegovina)>
<John_Kerry>	<MakeStatement>	<Haider_Al-Abadi>
<Security_Service_of_Ukraine>	<MakeStatement>	<Police_(Ukraine)>
<William_Ruto>	<Make_a_visit>	<Fiji>
<Police_(Australia)>	<MakeStatement>	<Media_Personnel_(Australia)>
<Fumio_Kishida>	<MakeStatement>	<Japan>
<Foreign_Affairs_(United_States)>	<MakeStatement>	<Political_Parties_(Kosovo)>
<China>	<MakeStatement>	<Japan>
<Business_(Netherlands)>	<MakeStatement>	<France>
<Emmanuel_Eweta_Uduaghan>	<Make_an_appeal_or_request>	<Nigerian_Bar_Association>
<Head_of_Government_(India)>	<MakeStatement>	<Employee_(India)>
<Police_(Yemen)>	<Express_intent_to_meet_or_negotiate>	<Ethiopia>
<Barack_Obama>	<MakeStatement>	<Military_(Russia)>
<Media_(Kenya)>	<Appeal_for_de-escalation_of_military_engagement>	<Citizen_(Kenya)>
<Sergey_Viktorovich_Lavrov>	<Make_an_appeal_or_request>	<Middle_East>
<Chaturon_Chaisang>	<MakeStatement>	<Ministry_(Thailand)>
<Media_Personnel_(Somalia)>	<MakeStatement>	<Media_(Africa)>
<Hamas>	<Praise_or_endorse>	<Iran>
<Court_Judge_(India)>	<Return_release_person(s)>	<Citizen_(India)>
<Governor_(India)>	<Praise_or_endorse>	<Tarun_Gogoi>
<Ministry_(Bosnia_and_Herzegovina)>	<MakeStatement>	<Employee_(Bosnia_and_Herzegovina)>
<Radoslaw_Sikorski>	<Consult>	<Arseniy_Yatsenyuk>
<Paul_Kagame>	<MakeStatement>	<Associated_Press>
<Labor_Union_(Bulgaria)>	<MakeStatement>	<Defense_/_Security_Ministry_(Azerbaijan)>
<Court_Judge_(Nigeria)>	<MakeStatement>	<Bala_Abdulkadir_Mohammed>
<Justice_Department/Ministery_(Senegal)>	<MakeStatement>	<Karim_Wade>
<John_Kerry>	<Demand>	<Iran>
<Sergey_Viktorovich_Lavrov>	<MakeStatement>	<Iran>
<Somen_Mitra>	<MakeStatement>	<United_Progressive_Alliance>
<Bismillah_Khan_Mohammadi>	<MakeStatement>	<Afghanistan>
<Mohamed_Osman_Jawari>	<MakeStatement>	<Iran>
<Ministry_(Angola)>	<MakeStatement>	<Government_(Angola)>
<Hamas>	<MakeStatement>	<Benjamin_Netanyahu>
<Head_of_Government_(Mauritania)>	<MakeStatement>	<Government_(Mauritania)>
<Hamas>	<Consult>	<Al_Jazeera>
<Tea_Banh>	<Express_intent_to_meet_or_negotiate>	<Prayuth_Chan-ocha>
<Ibrahim_Boubacar_Keïta>	<MakeStatement>	<France>
<Citizen_(Nigeria)>	<MakeStatement>	<Employee_(Kuwait)>
<Bahrain>	<Demand>	<Foreign_Affairs_(United_States)>
<Al_Jazeera>	<MakeStatement>	<Other_Authorities_/_Officials_(Egypt)>
<Foreign_Affairs_(Russia)>	<Express_intent_to_meet_or_negotiate>	<Lawmaker_(Russia)>
<Main_Opposition_(Greece)>	<MakeStatement>	<Head_of_Government_(Greece)>
<Mohammad_Javad_Zarif>	<Consult>	<Catherine_Ashton>
<International_Federation_of_Human_Rights>	<Make_a_visit>	<France>
<Men_(South_Africa)>	<Use_unconventional_violence>	<Businessperson_(South_Africa)>
<Trade_Official_(Iran)>	<MakeStatement>	<Iran>
<Combatant_(Palestinian_Territory_Occupied)>	<Use_unconventional_violence>	<Israeli_Defense_Forces>
<Yoani_Sánchez>	<MakeStatement>	<Government_(United_States)>
<Manuel_Monteiro_de_Castro>	<MakeStatement>	<Police_(Dominican_Republic)>
<Yemi_Osinbajo>	<MakeStatement>	<Muhammadu_Buhari>
<Armed_Gang_(Saudi_Arabia)>	<Abduct_hijack_or_take_hostage>	<Citizen_(Saudi_Arabia)>
<Kuwait>	<Praise_or_endorse>	<Iraq>
<Other_Authorities_/_Officials_(United_States)>	<Impose_embargo_boycott_or_sanctions>	<Business_(Russia)>
<Benjamin_Netanyahu>	<Discuss_by_telephone>	<John_Kerry>
<Foreign_Affairs_(Russia)>	<MakeStatement>	<Terrorist_Leader_(Syria)>
<Maxon_Mbendera>	<MakeStatement>	<Malawi_Electoral_Commission>
<John_Walker>	<MakeStatement>	<Thief_(United_States)>
<Representatives_(Nigeria)>	<MakeStatement>	<Criminal_(Jamaica)>
<Guatemala>	<Host_a_visit>	<Steve_Pearce>
<Veterans_(Israel)>	<Use_unconventional_violence>	<Israeli_Defense_Forces>
<Head_of_Government_(Nigeria)>	<MakeStatement>	<Court_Judge_(Nigeria)>
<Foreign_Affairs_(Hungary)>	<MakeStatement>	<Kuwait>
<Police_(Cambodia)>	<Arrest_detain_or_charge_with_legal_action>	<Citizen_(South_Korea)>
<Court_Judge_(Nigeria)>	<Criticize_or_denounce>	<Citizen_(Nigeria)>
<Raúl_Castro>	<Make_a_visit>	<Philippines>
<Environment_Department/Ministry_(Malaysia)>	<MakeStatement>	<Malaysia>
<Fang_Fenghui>	<MakeStatement>	<Police_(Ukraine)>
<Citizen_(Belarus)>	<Use_unconventional_violence>	<Citizen_(Sudan)>
<Other_Authorities_/_Officials_(Mali)>	<Consult>	<Mauritania>
<John_Kerry>	<Make_a_visit>	<Middle_East>
<City_Mayor_(New_Zealand)>	<Consult>	<Holding_Company_(New_Zealand)>
<Labor_Union_(India)>	<Threaten>	<Citizen_(India)>
<Labor_Union_(Bulgaria)>	<Demand>	<Business_(Bulgaria)>
<Kazakhstan>	<Express_intent_to_meet_or_negotiate>	<Tajikistan>
<John_Kerry>	<Consult>	<Head_of_Government_(Afghanistan)>
<Louise_Mushikiwabo>	<MakeStatement>	<France>
<Pol_Gen_Somyot_Poompanmoung>	<MakeStatement>	<Police_(Hong_Kong)>
<Media_Personnel_(Pakistan)>	<MakeStatement>	<Imran_Khan>
<Israeli_Defense_Forces>	<MakeStatement>	<Hamas>
<Foreign_Affairs_(Russia)>	<MakeStatement>	<Sergey_Viktorovich_Lavrov>
<Lawmaker_(Spain)>	<MakeStatement>	<Governor_(Spain)>
<Citizen_(Nigeria)>	<Make_an_appeal_or_request>	<Emmanuel_Eweta_Uduaghan>
<Barack_Obama>	<Discuss_by_telephone>	<Benjamin_Netanyahu>
<France>	<MakeStatement>	<Benjamin_Netanyahu>
<Gerd_Mueller>	<MakeStatement>	<Thaksin_Shinawatra>
<Wang_Yang>	<Engage_in_negotiation>	<Dmitry_Olegovich_Rogozin>
<Other_Authorities_/_Officials_(Bahrain)>	<Consult>	<Sheikh_Ali_Salman>
<Governor_(Somalia)>	<MakeStatement>	<Combatant_(Al-Shabaab)>
<Boko_Haram>	<Abduct_hijack_or_take_hostage>	<Citizen_(Nigeria)>
<Foreign_Affairs_(India)>	<MakeStatement>	<Court_Judge_(Mexico)>
<Ashraf_Ghani_Ahmadzai>	<MakeStatement>	<North_Atlantic_Treaty_Organization>
<Tea_Banh>	<MakeStatement>	<Congress_(Philippines)>
<Gerd_Mueller>	<Consult>	<Edgars_Rinkevics>
<Armed_Band_(Afghanistan)>	<MakeStatement>	<Media_(Africa)>
<Public_Prosecutor_(New_Zealand)>	<MakeStatement>	<Business_(New_Zealand)>
<Tsvetlin_Yovchev>	<MakeStatement>	<Police_(Bulgaria)>
<Armed_Rebel_(Ukraine)>	<Sign_formal_agreement>	<Malaysia>
<Yi_Xianliang>	<MakeStatement>	<China>
<Business_(Bulgaria)>	<Consult>	<Labor_Union_(Bulgaria)>
<Rauf_Aregbesola>	<MakeStatement>	<Government_(Nigeria)>
<Abu_Misry_Mama>	<Accuse>	<Military_(Philippines)>
<Barack_Obama>	<MakeStatement>	<Military_(China)>
<Chiang_Wei-ling>	<MakeStatement>	<Education_Ministry_(Taiwan)>
<Al_Jazeera>	<Praise_or_endorse>	<Hamas>
<International_Monetary_Fund>	<MakeStatement>	<Mexico>
<Police_(El_Salvador)>	<MakeStatement>	<Antonio_Guerrero_Rodríguez>
<Horacio_Cartes>	<Praise_or_endorse>	<Government_(Venezuela)>
<Civic_Group_(Afghanistan)>	<MakeStatement>	<Election_Commission_(Afghanistan)>
<Media_Personnel_(International)>	<MakeStatement>	<Xi_Jinping>
<Alleged_Militants_(India)>	<Abduct_hijack_or_take_hostage>	<Citizen_(India)>
<Government_(Mexico)>	<MakeStatement>	<Mexico>
<Legislature_(Mongolia)>	<MakeStatement>	<Chimed_Saikhanbileg>
<Military_Personnel_-_Special_(India)>	<Use_conventional_military_force>	<Citizen_(India)>
<Cleric_(Nigeria)>	<MakeStatement>	<Boko_Haram>
<Iraq>	<MakeStatement>	<Business_(Iraq)>
<John_Kerry>	<Praise_or_endorse>	<Japan>
<Foreign_Affairs_(Yemen)>	<Make_optimistic_comment>	<Citizen_(United_Kingdom)>
<Royal_Bank_of_Scotland>	<MakeStatement>	<Barclays_PLC>
<City_Mayor_(Somalia)>	<MakeStatement>	<Cabinet_/_Council_of_Ministers_/_Advisors_(Somalia)>
<Angola>	<MakeStatement>	<Congo>
<Governor_(Kenya)>	<MakeStatement>	<Government_(Kenya)>
<John_Boehner>	<MakeStatement>	<Iraq>
<Head_of_Government_(Nigeria)>	<MakeStatement>	<Government_(Nigeria)>
<John_Kerry>	<Express_intent_to_cooperate>	<Mohammad_Javad_Zarif>
<Paolo_Gentiloni>	<MakeStatement>	<Iran>
<South_Korea>	<MakeStatement>	<North_Korea>
<City_Mayor_(New_Zealand)>	<MakeStatement>	<Portugal>
<Nangolo_Mbumba>	<MakeStatement>	<Education_(Russia)>
<William_Ruto>	<MakeStatement>	<Military_Personnel_-_Special_(Kenya)>
<Ahmad_Zahid_Hamidi>	<MakeStatement>	<Police_(Malaysia)>
<Qatar>	<Express_intent_to_cooperate_militarily>	<Iran>
<Other_Authorities_/_Officials_(Nigeria)>	<MakeStatement>	<Education_(Nigeria)>
<Government_(Georgia)>	<MakeStatement>	<Civic_Group_(Kenya)>
<Mario_Monti>	<Praise_or_endorse>	<Evangelos_Venizelos>
<Yasuo_Fukuda>	<MakeStatement>	<Japan>
<Uighur_(China)>	<MakeStatement>	<China>
<Joselito_Atienza>	<MakeStatement>	<Police_(Philippines)>
<Foreign_Affairs_(United_States)>	<Consult>	<Bahrain>
<Holding_Company_(New_Zealand)>	<MakeStatement>	<Dimitrios_Avramopoulos>
<Sergey_Viktorovich_Lavrov>	<MakeStatement>	<UN_Security_Council>
<David_Hanson>	<MakeStatement>	<France>
<Andrej_Kiska>	<Engage_in_symbolic_act>	<Catherine_Ashton>
<Ministry_(Tanzania)>	<Make_a_visit>	<Civil_Aviation_Authority>
<Barack_Obama>	<Praise_or_endorse>	<Mexico>
<Laos>	<MakeStatement>	<Al_Arabiya>
<Thief_(India)>	<MakeStatement>	<Cristina_Fernández_de_Kirchner>
<Ministry_of_Women_(India)>	<MakeStatement>	<Bhupinder_Singh_Hooda>
<Abdel_Fattah_Al-Sisi>	<Engage_in_negotiation>	<Tony_Blair>
<Abdullah_Abdullah>	<MakeStatement>	<Party_Member_(Afghanistan)>
<National_Security_Advisor_(Georgia)>	<MakeStatement>	<Indigenous_People_(Nigeria)>
<Anson_Chan>	<Make_pessimistic_comment>	<China>
<Citizen_(India)>	<Express_intent_to_meet_or_negotiate>	<Election_Commission_(India)>
<Sergey_Viktorovich_Lavrov>	<MakeStatement>	<Victoria_Nuland>
<Armed_Rebel_(Ukraine)>	<MakeStatement>	<Ukrinform>
<Civil_Aviation_Authority>	<MakeStatement>	<Vietnam>
<France>	<MakeStatement>	<Military_Personnel_(Mali)>
<Lawmaker_(Japan)>	<MakeStatement>	<Farm_Worker_(Nigeria)>
<Xi_Jinping>	<MakeStatement>	<Vietnam>
<East_African_Community>	<MakeStatement>	<Student_(Tanzania)>
<City_Mayor_(Philippines)>	<MakeStatement>	<Lawyer/Attorney_(Philippines)>
<Foreign_Affairs_(United_States)>	<Appeal_for_diplomatic_cooperation_(such_as_policy_support)>	<Party_Member_(Iraq)>
<Benjamin_Netanyahu>	<MakeStatement>	<Haaretz>
<Business_(New_Zealand)>	<Make_an_appeal_or_request>	<Winston_Peters>
<Lawyer/Attorney_(Zambia)>	<Arrest_detain_or_charge_with_legal_action>	<Men_(Zambia)>
<Presidential_Aide_(Nigeria)>	<MakeStatement>	<Defense_/_Security_Ministry_(Malaysia)>
<Edgars_Rinkevics>	<MakeStatement>	<Middle_East>
<Foreign_Affairs_(Russia)>	<Express_intent_to_meet_or_negotiate>	<Zurab_Abashidze>
<Ashraf_Ghani_Ahmadzai>	<Accuse>	<Abdullah_Abdullah>
<Syed_Akbaruddin>	<Demand>	<Nurse_(India)>
<Militia_(Kenya)>	<MakeStatement>	<Fernando_Henrique_Cardoso>
<Oman>	<Consult>	<Kuwait>
<John_Kerry>	<Engage_in_symbolic_act>	<Eduard_Shevardnadze>
<Criminal_(Brazil)>	<Return_release_person(s)>	<Medical_Personnel_(Brazil)>
<Member_of_the_Judiciary_(Brazil)>	<MakeStatement>	<Joaquim_Barbosa>
<Vesna_Pusić>	<Engage_in_negotiation>	<Miroslav_Lajcak>
<Government_(Mexico)>	<MakeStatement>	<Military_(Mexico)>
<Ukrinform>	<MakeStatement>	<Member_of_Parliament_(Ukraine)>
<Government_(Mexico)>	<MakeStatement>	<Criminal_(Mexico)>
<Ignazio_Marino>	<MakeStatement>	<City_Mayor_(Italy)>
<Fernando_Henrique_Cardoso>	<Criticize_or_denounce>	<Luiz_Inacio_Lula_Da_Silva>
<Foreign_Affairs_(Russia)>	<MakeStatement>	<North_Korea>
<Marwan_Charbel>	<MakeStatement>	<Armed_Gang_(Lebanon)>
<Louise_Mushikiwabo>	<MakeStatement>	<Other_Authorities_/_Officials_(Africa)>
<Citizen_(Brazil)>	<MakeStatement>	<Dalbir_Singh>
<Military_Personnel_(Algeria)>	<MakeStatement>	<Al_Jazeera>
<Citizen_(Sudan)>	<Criticize_or_denounce>	<News_Editor_(Sudan)>
<South_Korea>	<Consult>	<Prayuth_Chan-ocha>
<Afghanistan>	<Host_a_visit>	<Sun_Yuxi>
<Yuriy_Lutsenko>	<MakeStatement>	<Head_of_Government_(Ukraine)>
<High_Commission_(United_Kingdom)>	<MakeStatement>	<Afghanistan>
<Yu_Zhengsheng>	<MakeStatement>	<Xi_Jinping>
<Energy_Department/Ministry_(Zimbabwe)>	<MakeStatement>	<Ministry_(Zimbabwe)>
<People_Associated_with_the_Opposition_(Mauritania)>	<MakeStatement>	<Government_(Mauritania)>
<Media_Personnel_(Saudi_Arabia)>	<MakeStatement>	<Agence_France-Presse>
<Eduardo_Buzzi>	<MakeStatement>	<Government_(Argentina)>
<Ministry_(Iraqi_Kurds)>	<MakeStatement>	<Military_Personnel_(Yemen)>
<Anson_Chan>	<MakeStatement>	<Education_(Russia)>
<Mohammad_Javad_Zarif>	<MakeStatement>	<China>
<Benjamin_Netanyahu>	<Make_an_appeal_or_request>	<John_Kerry>
<Head_of_Government_(Ukraine)>	<MakeStatement>	<Military_(Russia)>
<Member_of_Legislative_(Govt)_(Kenya)>	<MakeStatement>	<Government_(Kenya)>
<Antonis_Samaras>	<MakeStatement>	<Coalition_of_the_Radical_Left>
<Iran>	<MakeStatement>	<Morocco>
<North_Korea>	<MakeStatement>	<Tourist_(United_States)>
<Court_Judge_(Belarus)>	<Use_tactics_of_violent_repression>	<Activist_(Belarus)>
<Benjamin_Netanyahu>	<Threaten>	<Hamas>
<Education_(Nigeria)>	<MakeStatement>	<Canadian_Armed_Forces>
<Armed_Gang_(India)>	<MakeStatement>	<Justin_Trudeau>
<Hannes_Swoboda>	<MakeStatement>	<European_Parliament>
<Frank_Mba>	<MakeStatement>	<Military_Personnel_-_Special_(Nigeria)>
<Jeannot_Kouadio_Ahoussou>	<MakeStatement>	<Business_(Bahrain)>
<Xi_Jinping>	<MakeStatement>	<Michael_Sata>
<Lawyer/Attorney_(Indonesia)>	<MakeStatement>	<Police_(Indonesia)>
<Citizen_(Turkey)>	<MakeStatement>	<Government_(France)>
<Abdel_Fattah_Al-Sisi>	<MakeStatement>	<Army_Personnel_(Egypt)>
<Airline_(South_Korea)>	<MakeStatement>	<Court_Judge_(Honduras)>
<South_Korea>	<Criticize_or_denounce>	<North_Korea>
<Ministry_(Nigeria)>	<MakeStatement>	<Yemi_Osinbajo>
<Other_Authorities_/_Officials_(Jamaica)>	<MakeStatement>	<Police_(Jamaica)>
<Al_Jazeera>	<MakeStatement>	<Government_(Syria)>
<Mohammad_Javad_Zarif>	<Engage_in_negotiation>	<John_Kerry>
<Abdel_Fattah_Al-Sisi>	<Yield>	<News_Editor_(Egypt)>
<Media_Personnel_(Uganda)>	<MakeStatement>	<Lawyer/Attorney_(Uganda)>
<Extremist_(Boko_Haram)>	<Use_conventional_military_force>	<Citizen_(Nigeria)>
<Tajikistan>	<MakeStatement>	<Turkish_Airlines>
<Campbell_Newman>	<Apologize>	<Citizen_(Australia)>
<Barack_Obama>	<Impose_embargo_boycott_or_sanctions>	<Business_(Russia)>
<Mohammad_Javad_Zarif>	<Consult>	<Cabinet_/_Council_of_Ministers_/_Advisors_(United_States)>
<Medical_Personnel_(Cyprus)>	<MakeStatement>	<Defense_/_Security_Ministry_(Cyprus)>
<Festus_Keyamo>	<MakeStatement>	<Assemblies_(Nigeria)>
<Nuri_al-Maliki>	<MakeStatement>	<Legislature_(Iraq)>
<Ministry_(Kuwait)>	<MakeStatement>	<Employee_(Kuwait)>
<Lawyer/Attorney_(Czech_Republic)>	<MakeStatement>	<Armed_Gang_(United_States)>
<Foreign_Affairs_(Russia)>	<MakeStatement>	<Head_of_Government_(Ukraine)>
<Steven_Chu>	<MakeStatement>	<New_Zealand>
<Cristina_Fernández_de_Kirchner>	<MakeStatement>	<Nestor_Kirchner>
<China>	<Praise_or_endorse>	<UN_Security_Council>
<Alexis_Tsipras>	<Make_an_appeal_or_request>	<Citizen_(Greece)>
<Legislature_(Iraq)>	<Make_pessimistic_comment>	<Iraq>
<Sergey_Viktorovich_Lavrov>	<MakeStatement>	<Pavel_Gubarev>
<Professor_(Senegal)>	<MakeStatement>	<Abdoulaye_Wade>
<Foreign_Affairs_(Venezuela)>	<MakeStatement>	<Emilio_Pérez_Touriño>
<Iran>	<MakeStatement>	<Iraq>
<Benjamin_Netanyahu>	<MakeStatement>	<Hamas>
<Leila_Zerrougui>	<MakeStatement>	<International_Monetary_Fund>
<Insurgent_(Thailand)>	<MakeStatement>	<Employee_(Iraq)>
<Chris_Olukolade>	<MakeStatement>	<Defense_/_Security_Ministry_(Nigeria)>
<Other_Authorities_/_Officials_(Mali)>	<Consult>	<International_Government_Organizations>
<Governor_(Angola)>	<MakeStatement>	<Education_(Angola)>
<Ambrose_Mammadi>	<Investigate>	<Bala_Ngilari>
<Admiral_(Latvia)>	<MakeStatement>	<North_Atlantic_Treaty_Organization>
<Tanzania>	<Host_a_visit>	<Mark_Simmonds>
<Alfred_Romualdez>	<MakeStatement>	<Franklin_Drilon>
<Scientist_(France)>	<MakeStatement>	<Mwai_Kibaki>
<Yakubu_Gowon>	<MakeStatement>	<Foreign_Affairs_(India)>
<Foreign_Affairs_(Malaysia)>	<MakeStatement>	<Iran>
<Massoud_Barzani>	<Refuse_to_de-escalate_military_engagement>	<Iraq>
<Civic_Party_(Hungary)>	<MakeStatement>	<Media_(Romania)>
<China>	<Consult>	<South_Africa>
<Citizen_(Nigeria)>	<Reduce_or_break_diplomatic_relations>	<Murtala_Nyako>
<Nicos_Anastasiades>	<MakeStatement>	<Police_(Dominican_Republic)>
<Al_Wefaq_National_Islamic_Society>	<Consult>	<Foreign_Affairs_(United_States)>
<Portugal>	<Host_a_visit>	<Royal_Administration_(Spain)>
<Lawyer/Attorney_(United_Kingdom)>	<MakeStatement>	<Frank_Bainimarama>
<Afghanistan>	<Mediate>	<Presidential_Candidate_(Afghanistan)>
<Mayotte>	<MakeStatement>	<Kazakhstan>
<Head_of_Government_(Germany)>	<MakeStatement>	<Business_(Peru)>
<Vojtěch_Filip>	<MakeStatement>	<Communist_Party_of_Bohemia_and_Moravia>
<Government_Official_(Mali)>	<MakeStatement>	<Armed_Rebel_(Mali)>
<Emrullah_Isler>	<MakeStatement>	<Turkish_Airlines>
<Ministry_(Jamaica)>	<MakeStatement>	<Owen_Ellington>
<Professor_(France)>	<MakeStatement>	<Military_(France)>
<Mala_Bakhtiyar>	<Engage_in_negotiation>	<Independent_High_Electoral_Commission>
<Police_(Benin)>	<MakeStatement>	<Protester_(Thailand)>
<Mohammad_Javad_Zarif>	<MakeStatement>	<France>
<Dawa_Khan_Minapal>	<MakeStatement>	<Armed_Band_(Afghanistan)>
<Military_(Mexico)>	<MakeStatement>	<Insurgent_(Thailand)>
<Foreign_Affairs_(Malaysia)>	<MakeStatement>	<Malaysia>
<Ashraf_Ghani_Ahmadzai>	<MakeStatement>	<Election_Commission_(Afghanistan)>
<Olajide_Laleye>	<MakeStatement>	<Boko_Haram>
<Micky_Rosenfeld>	<MakeStatement>	<Criminal_(Israel)>
<Mohammad_Javad_Zarif>	<MakeStatement>	<Catherine_Ashton>
<Environment_Department/Ministry_(Bangladesh)>	<MakeStatement>	<Oil_Tanker_(Bangladesh)>
<Ali_Jannati>	<MakeStatement>	<Iran>
<Armenia>	<Cooperate_militarily>	<Separatist_(Armenia)>
<Iraq>	<Criticize_or_denounce>	<Iranian_Kurds>
<Edgars_Rinkevics>	<Praise_or_endorse>	<Foreign_Affairs_(Norway)>
<François_Hollande>	<MakeStatement>	<European_Central_Bank>
<Citizen_(Sudan)>	<MakeStatement>	<Head_of_Government_(Germany)>
<Mayotte>	<Host_a_visit>	<François_Hollande>
<Lawmaker_(United_States)>	<Consult>	<Head_of_Government_(Guatemala)>
<Antonis_Samaras>	<Consult>	<Dimitrios_Avramopoulos>
<Citizen_(Brazil)>	<Consider_policy_option>	<Scotland_Yard>
<Defense_/_Security_Ministry_(Armenia)>	<MakeStatement>	<Defense_/_Security_Ministry_(Azerbaijan)>
<Morocco>	<Grant_diplomatic_recognition>	<South_Korea>
<Pakistan_People's_Party>	<Sign_formal_agreement>	<Pervez_Musharraf>
<Hamas>	<Use_conventional_military_force>	<Israeli_Defense_Forces>
<UN_Security_Council>	<Criticize_or_denounce>	<Children_(South_Sudan)>
<Zimbabwe_Union_of_Journalists>	<MakeStatement>	<Other_Authorities_/_Officials_(Zimbabwe)>
<Afghanistan>	<MakeStatement>	<Armed_Gang_(Afghanistan)>
<Military_Personnel_(Algeria)>	<MakeStatement>	<Gendermarie_(Algeria)>
<Iraq>	<MakeStatement>	<Iran>
<National_Security_Advisor_(Thailand)>	<MakeStatement>	<Malaysia>
<Bill_English>	<MakeStatement>	<Government_(New_Zealand)>
<Xi_Jinping>	<Praise_or_endorse>	<Head_of_Government_(Greece)>
<Tsakhiagiyn_Elbegdorj>	<Make_a_visit>	<North_Korea>
<China>	<MakeStatement>	<Media_(Nigeria)>
<Foreign_Affairs_(Middle_East)>	<MakeStatement>	<Government_(France)>
<Treasury/Finance_Ministry_(Czech_Republic)>	<MakeStatement>	<Ministry_(Czech_Republic)>
<Anifah_Aman>	<MakeStatement>	<Government_(New_Zealand)>
<Business_(Ghana)>	<Consult>	<Vanguard>
<Taavi_Rõivas>	<Make_pessimistic_comment>	<France>
<Foreign_Affairs_(Rwanda)>	<MakeStatement>	<South_Africa>
<Barack_Obama>	<MakeStatement>	<China>
<Police_(Japan)>	<MakeStatement>	<Medical_Personnel_(Japan)>
<Company_-_Owner_or_Operator_(India)>	<Arrest_detain_or_charge_with_legal_action>	<Citizen_(India)>
<Student_(Iran)>	<Demonstrate_or_rally>	<Government_(France)>
<Labor_and_Employment_Ministry_(Nigeria)>	<MakeStatement>	<Government_(Nigeria)>
<Abdullah_Abdullah>	<Consult>	<Senate_Armed_Services_Committee>
<Vesna_Pusić>	<MakeStatement>	<Martin_Spegelj>
<Men_(South_Africa)>	<MakeStatement>	<Businessperson_(Turkey)>
<Airline_(Libya)>	<MakeStatement>	<Other_Authorities_/_Officials_(Libya)>
<United_States_Senate>	<MakeStatement>	<Head_of_Government_(Latvia)>
<Al_Jazeera>	<MakeStatement>	<Government_Official_(Afghanistan)>
<Treasury/Finance_Ministry_(Bangladesh)>	<MakeStatement>	<Employee_(Bangladesh)>
<Main_Opposition_(Bahrain)>	<MakeStatement>	<Sheikh_Ali_Salman>
<Energy_Corp_(Russia)>	<MakeStatement>	<Iran>
<Joseph_Ole_Lenku>	<MakeStatement>	<Police_(Kenya)>
<Mohammad_Javad_Zarif>	<Praise_or_endorse>	<Romania>
<Foreign_Affairs_(Yemen)>	<MakeStatement>	<Military_(France)>
<Japan>	<MakeStatement>	<Thailand>
<Villager_(Hong_Kong)>	<MakeStatement>	<Protester_(Hong_Kong)>
<Alexander_Stubb>	<MakeStatement>	<Somali_National_Army>
<Ministry_(Nigeria)>	<Host_a_visit>	<China>
<City_Mayor_(Namibia)>	<MakeStatement>	<Government_(Namibia)>
<Head_of_Government_(Ukraine)>	<MakeStatement>	<Police_(Ukraine)>
<Mutembo_Nchito>	<MakeStatement>	<Michael_Sata>
<Samuel_Sitta>	<MakeStatement>	<East_African_Community>
<Military_Personnel_(Somalia)>	<MakeStatement>	<Militant_(Somalia)>
<Foreign_Affairs_(United_States)>	<MakeStatement>	<Afghanistan>
<Fumio_Kishida>	<Express_intent_to_meet_or_negotiate>	<Pham_Binh_Minh>
<National_Union_Party_(Kenya)>	<MakeStatement>	<Employee_(Kenya)>
<Iran>	<Express_intent_to_meet_or_negotiate>	<Sudan>
<North_Korea>	<fight_with_small_arms_and_light_weapons>	<South_Korea>
<Foreign_Affairs_(Latvia)>	<Consult>	<Bakir_Izetbegović>
<Morocco>	<MakeStatement>	<Tamerlan_Tsarnaev>
<Head_of_Government_(New_Zealand)>	<MakeStatement>	<Philippines>
<House_of_Representatives_(Malaysia)>	<MakeStatement>	<Malaysia>
<Catherine_Ashton>	<Engage_in_negotiation>	<John_Kerry>
<Head_of_Government_(India)>	<Make_an_appeal_or_request>	<Citizen_(India)>
<Romania>	<Host_a_visit>	<Victor_Ponta>
