<Senate_(Dominican_Republic)>	<MakeStatement>	<Police_(Dominican_Republic)>
<Legislature_(Argentina)>	<Demand>	<Government_(Argentina)>
<Lawmaker_(Lebanon)>	<MakeStatement>	<Foreign_Affairs_(Russia)>
<Citizen_(South_Korea)>	<Decline_comment>	<Police_(South_Korea)>
<International_Monetary_Fund>	<Praise_or_endorse>	<Abdel_Fattah_Al-Sisi>
<Combatant_(Kenya)>	<MakeStatement>	<Ministry_(Malaysia)>
<Employee_(Sudan)>	<MakeStatement>	<Sudan>
<Maxon_Mbendera>	<MakeStatement>	<Party_Member_(Malawi)>
<John_Odigie-Oyegun>	<MakeStatement>	<Presidential_Candidate_(Nigeria)>
<UN_Security_Council>	<Engage_in_negotiation>	<Iran>
<William_Kabogo>	<MakeStatement>	<Government_(Kenya)>
<Chibuike_Rotimi_Amaechi>	<Make_an_appeal_or_request>	<Citizen_(Nigeria)>
<Philippines>	<MakeStatement>	<China>
<Head_of_Government_(Afghanistan)>	<Praise_or_endorse>	<Ashraf_Ghani_Ahmadzai>
<Geng_Yansheng>	<MakeStatement>	<Defense_/_Security_Ministry_(China)>
<Sergey_Viktorovich_Lavrov>	<MakeStatement>	<ITAR_TASS>
<Military_Personnel_-_Special_(Afghanistan)>	<MakeStatement>	<Media_(Romania)>
<South_Korea>	<Make_an_appeal_or_request>	<China>
<Bala_Abdulkadir_Mohammed>	<MakeStatement>	<Media_(Nigeria)>
<Media_(Azerbaijan)>	<MakeStatement>	<Industrial_/_Textiles_/_Mining_Ministry_(Azerbaijan)>
<Uhuru_Muigai_Kenyatta>	<MakeStatement>	<William_Ruto>
<Myanmar>	<MakeStatement>	<Police_(United_States)>
<Abdullah_Gül>	<MakeStatement>	<Businessperson_(Turkey)>
<Fumio_Kishida>	<Praise_or_endorse>	<Foreign_Affairs_(South_Korea)>
<Armed_Gang_(Mexico)>	<Use_unconventional_violence>	<Men_(Mexico)>
<Sheikh_Hasina_Wajed>	<Consult>	<Xi_Jinping>
<Mohammad_Javad_Zarif>	<MakeStatement>	<Iran>
<Military_(Thailand)>	<Confiscate_property>	<Interim_Government_(Thailand)>
<Foreign_Affairs_(United_States)>	<Express_intent_to_meet_or_negotiate>	<Japan>
<Lawmaker_(United_States)>	<MakeStatement>	<Verkhovna_Rada>
<Citizen_(South_Korea)>	<MakeStatement>	<Arnaud_Montebourg>
<Media_(Lebanon)>	<MakeStatement>	<Military_(Lebanon)>
<James_Ongwae>	<MakeStatement>	<Kisii>
<Lawyer/Attorney_(Indonesia)>	<MakeStatement>	<City_Mayor_(Indonesia)>
<Barack_Obama>	<MakeStatement>	<North_Atlantic_Treaty_Organization>
<Other_Authorities_/_Officials_(Zimbabwe)>	<MakeStatement>	<Simon_Khaya_Moyo>
<Oluṣẹgun_Ọbasanjọ>	<MakeStatement>	<Sule_Lamido>
<Andrej_Babis>	<MakeStatement>	<Treasury/Finance_Ministry_(Czech_Republic)>
<François_Hollande>	<MakeStatement>	<Boko_Haram>
<Mexico>	<Engage_in_negotiation>	<Other_Authorities_/_Officials_(El_Salvador)>
<National_Security_Advisor_(South_Korea)>	<Threaten>	<North_Korea>
<Bishop_(Sudan)>	<MakeStatement>	<Vietnam>
<Austria_Press_Agency>	<MakeStatement>	<Rupiah_Banda>
<Congress_(Brazil)>	<MakeStatement>	<Ministry_(Brazil)>
<Police_(Canada)>	<Make_an_appeal_or_request>	<Canada>
<Intellectual_(France)>	<Criticize_or_denounce>	<Supreme_Court_of_Judicature>
<Lawyer/Attorney_(Senegal)>	<MakeStatement>	<Police_(Senegal)>
<Joseph_Kabila>	<Criticize_or_denounce>	<France>
<Military_(Jordan)>	<Increase_military_alert_status>	<Iraq>
<Citizen_(Tanzania)>	<MakeStatement>	<Other_Authorities_/_Officials_(Egypt)>
<Vincent_Cable>	<MakeStatement>	<Party_Member_(United_Kingdom)>
<Police_(Israel)>	<Investigate>	<Binyamin_Ben-Eliezer>
<Citizen_(Tanzania)>	<Demand>	<Employee_(Tanzania)>
<Mzukisi_Fatyela>	<MakeStatement>	<Police_(South_Africa)>
<Insurgent_(Islamic_State_of_Iraq_and_the_Levant)>	<Threaten>	<Iraq>
<Romania>	<MakeStatement>	<Austria_Press_Agency>
<Media_(Azerbaijan)>	<MakeStatement>	<Armed_Forces_of_the_Republic_of_Armenia>
<Malaysia>	<Praise_or_endorse>	<Thailand>
<Cabinet_/_Council_of_Ministers_/_Advisors_(United_States)>	<Consult>	<Cho_Tai-young>
<Nigerian_Governors_Forum>	<MakeStatement>	<Government_(South_Africa)>
<Military_Personnel_(United_States)>	<MakeStatement>	<Domestic_Affairs_(Kenya)>
<Morteza_Sarmadi>	<MakeStatement>	<China>
<Dmitriy_Kiselev>	<MakeStatement>	<Andrei_Stenin>
<Abdel_Fattah_Al-Sisi>	<Express_intent_to_meet_or_negotiate>	<Ethiopia>
<Police_(Canada)>	<MakeStatement>	<Canadian_Armed_Forces>
<Joseph_Ole_Nkaissery>	<MakeStatement>	<Uhuru>
<South_Korea>	<Host_a_visit>	<Kim_Jong-Un>
<Cambodia>	<Host_a_visit>	<Sheikh_Hasina_Wajed>
<Military_Personnel_(Libya)>	<MakeStatement>	<Armed_Gang_(Libya)>
<Professor_(Australia)>	<MakeStatement>	<Police_(Australia)>
<Limpopo_Police>	<Arrest_detain_or_charge_with_legal_action>	<Men_(South_Africa)>
<Portugal>	<MakeStatement>	<Police_(Bulgaria)>
<Director_General_(Philippines)>	<MakeStatement>	<Justice_Department/Ministery_(Philippines)>
<Other_Authorities_/_Officials_(Libya)>	<MakeStatement>	<Military_Personnel_(Libya)>
<Lulzim_Basha>	<MakeStatement>	<People_Associated_with_the_Opposition_(Albania)>
<Mulatu_Teshome>	<MakeStatement>	<Air_Force_(Iraq)>
<Peter_Lerner>	<MakeStatement>	<Israeli_Defense_Forces>
<John_Walker>	<MakeStatement>	<Dzhokhar_Tsarnaev>
<Communist_Partysri_Lanka>	<Praise_or_endorse>	<Vietnam>
<Uhuru>	<MakeStatement>	<National_Youth_Service>
<Royal_Administration_(Nigeria)>	<MakeStatement>	<John_Kerry>
<Republican_Party_(Kenya)>	<Criticize_or_denounce>	<William_Ruto>
<Protester_(Indonesia)>	<Demonstrate_or_rally>	<Police_(Indonesia)>
<Chibuike_Rotimi_Amaechi>	<MakeStatement>	<Military_Personnel_(Mali)>
<Cabinet_/_Council_of_Ministers_/_Advisors_(Germany)>	<Consult>	<Lung_Ying-tai>
<Police_(Australia)>	<MakeStatement>	<Sue-Ellen_Kovack>
<William_Ruto>	<MakeStatement>	<Government_(Kenya)>
<Juan_Carlos_Eguren>	<MakeStatement>	<Nadine_Heredia>
<Harsimrat_Kaur_Badal>	<MakeStatement>	<Sikh_(India)>
<Citizen_(Guinea)>	<Accuse>	<Other_Authorities_/_Officials_(Guinea)>
<Kundy_Pahiama>	<MakeStatement>	<Angola>
<Tarcisio_Bertone>	<MakeStatement>	<Bank_(Holy_See_(Vatican_City_State))>
<Dominican_Republic>	<MakeStatement>	<Pakistan_Tehreek-e-Insaf>
<Wang_Yang>	<Consult>	<Sheikh_Hasina_Wajed>
<Sean_Edwards>	<MakeStatement>	<Armed_Gang_(United_States)>
<Daniel_Constantin>	<MakeStatement>	<Member_of_Parliament_(Romania)>
<Iran>	<Express_intent_to_meet_or_negotiate>	<France>
<Jean_Qahwaji>	<MakeStatement>	<South_Korea>
<Yair_Lapid>	<Criticize_or_denounce>	<Benjamin_Netanyahu>
<Armed_Gang_(Russia)>	<MakeStatement>	<Media_Personnel_(United_States)>
<Park_Won-soon>	<MakeStatement>	<Volvo>
<Terrorist_(Islamic_State_of_Iraq_and_the_Levant)>	<Occupy_territory>	<Iraq>
<Mohammad_Javad_Zarif>	<MakeStatement>	<Cabinet_/_Council_of_Ministers_/_Advisors_(United_States)>
<Irakli_Alasania>	<MakeStatement>	<Armenia>
<Sergey_Viktorovich_Lavrov>	<MakeStatement>	<Foreign_Affairs_(Russia)>
<Israeli_Defense_Forces>	<Arrest_detain_or_charge_with_legal_action>	<Children_(Palestinian_Territory_Occupied)>
<Toru_Hashimoto>	<MakeStatement>	<Japan>
<Party_Member_(Colombia)>	<Reject_proposal_to_meet_discuss_or_negotiate>	<Guerrilla_(Revolutionary_Armed_Forces_of_Colombia)>
<Armed_Gang_(Mexico)>	<MakeStatement>	<The_Standard>
<Paul_LePage>	<Express_intent_to_meet_or_negotiate>	<China>
<Kgalema_Petrus_Motlanthe>	<MakeStatement>	<Government_(South_Africa)>
<Abdullah_Gül>	<Make_an_appeal_or_request>	<Company_-_Owner_or_Operator_(Iran)>
<Abdullah_Abdullah>	<Make_an_appeal_or_request>	<Afghanistan>
<Noppadon_Pattama>	<MakeStatement>	<Thaksin_Shinawatra>
<Boko_Haram>	<MakeStatement>	<Government_(Nigeria)>
<China>	<Host_a_visit>	<Sushil_Koirala>
<Abdel_Fattah_Al-Sisi>	<Praise_or_endorse>	<Barack_Obama>
<Obaid_Humaid_Al_Tayer>	<MakeStatement>	<United_Arab_Emirates>
<Citizen_(Thailand)>	<MakeStatement>	<Martin_McGuinness>
<Nuri_al-Maliki>	<Consult>	<Foreign_Affairs_(United_States)>
<Japan>	<Express_intent_to_cooperate>	<France>
<Head_of_Government_(Nigeria)>	<MakeStatement>	<Ministry_(Nigeria)>
<Mark_James_Mwandosya>	<MakeStatement>	<Jakaya_Mrisho_Kikwete>
<Barack_Obama>	<MakeStatement>	<South_Korea>
<Chief_of_Staff_(Vietnam)>	<MakeStatement>	<Vietnam>
<National_Council_for_Peace_and_Order_of_Thailand>	<MakeStatement>	<Other_Authorities_/_Officials_(Nigeria)>
<Communist_Partysri_Lanka>	<MakeStatement>	<Mustafa_Abu_Shagur>
<Joseph_Ole_Lenku>	<MakeStatement>	<Burundi>
<Alexander_Lukashevich>	<MakeStatement>	<Other_Authorities_/_Officials_(United_States)>
<Japan>	<Accuse>	<China>
<Citizen_(Australia)>	<Make_pessimistic_comment>	<Lawyer/Attorney_(Australia)>
<Barack_Obama>	<MakeStatement>	<Iran>
<Abdullah_Abdullah>	<Consult>	<Envoy_(United_States)>
<Citizen_(Australia)>	<MakeStatement>	<Military_(China)>
<Foreign_Affairs_(Russia)>	<MakeStatement>	<Armenia>
<Lawmaker_(Nicaragua)>	<MakeStatement>	<Daniel_Ortega>
<Lawyer/Attorney_(Nauru)>	<MakeStatement>	<Combatant_(Al-Shabaab)>
<Criminal_(Venezuela)>	<MakeStatement>	<Government_(Nigeria)>
<Prayuth_Chan-ocha>	<MakeStatement>	<Insurgent_(Thailand)>
<Sunil_Kumar>	<MakeStatement>	<Employee_(India)>
<Armed_Gang_(Djibouti)>	<MakeStatement>	<Vietnam>
<Criminal_(Bangladesh)>	<MakeStatement>	<Party_Member_(Iraq)>
<Abu_Sayyaf>	<MakeStatement>	<Nestor_Kirchner>
<Police_(Canada)>	<MakeStatement>	<Labor_Union_(Canada)>
<Zsolt_Simon>	<MakeStatement>	<Ivan_Gasparovic>
<Vietnam>	<MakeStatement>	<Police_(Indonesia)>
<Barack_Obama>	<Consult>	<Xi_Jinping>
<Hamad_bin_Ali_al-Attiyah>	<MakeStatement>	<Agence_France-Presse>
<Uhuru_Muigai_Kenyatta>	<MakeStatement>	<Domestic_Affairs_(Kenya)>
<Military_(Cambodia)>	<MakeStatement>	<Business_(Tonga)>
<Ministry_(Iran)>	<MakeStatement>	<Mehr_News_Agency>
<City_Mayor_(China)>	<MakeStatement>	<China>
<Abdullah_Abdullah>	<Engage_in_negotiation>	<Election_Commission_(Afghanistan)>
<John_Kerry>	<MakeStatement>	<Iran>
<Ministry_(Nigeria)>	<MakeStatement>	<Other_Authorities_/_Officials_(Nigeria)>
<Shrien_Dewani>	<MakeStatement>	<Air_France>
<China>	<MakeStatement>	<Afghanistan>
<Barack_Obama>	<MakeStatement>	<Head_of_Government_(Germany)>
<Loren_Legarda>	<MakeStatement>	<Philippines>
<Government_(Kenya)>	<MakeStatement>	<Militia_(Kenya)>
<Helena_Valkova>	<MakeStatement>	<Lawyer/Attorney_(Czech_Republic)>
<Iran>	<Mobilize_or_increase_armed_forces>	<Iraq>
<Government_(Kenya)>	<Express_intent_to_engage_in_diplomatic_cooperation_(such_as_policy_support)>	<Citizen_(Kenya)>
<Alexei_Pushkov>	<MakeStatement>	<Government_(United_States)>
<Iraq>	<MakeStatement>	<National_Alliance_(Iraq)>
<Vietnam>	<MakeStatement>	<China>
<Citizen_(Zambia)>	<MakeStatement>	<Employee_(Philippines)>
<Terry_McAuliffe>	<MakeStatement>	<Business_(Canada)>
<International_Monetary_Fund>	<MakeStatement>	<Colombia>
<Government_(Germany)>	<MakeStatement>	<Media_(Romania)>
<Armed_Gang_(Afghanistan)>	<MakeStatement>	<Western_Sahara>
<Terrorist_Leader_(Syria)>	<MakeStatement>	<Civic_Group_(Croatia)>
<Police_(Indonesia)>	<Arrest_detain_or_charge_with_legal_action>	<Men_(Indonesia)>
<Kayode_Fayemi>	<MakeStatement>	<Nigerian_Bar_Association>
<Robert_M._Gates>	<MakeStatement>	<Head_of_Government_(Afghanistan)>
<National_Council_for_Peace_and_Order_of_Thailand>	<Arrest_detain_or_charge_with_legal_action>	<National_United_Front_for_Democracy_Against_Dictatorship>
<Ministry_(Nigeria)>	<MakeStatement>	<Head_of_Government_(Nigeria)>
<Chen_Guangcheng>	<Make_optimistic_comment>	<China>
<John_Kerry>	<MakeStatement>	<Foreign_Affairs_(Honduras)>
<Olisa_Agbakoba>	<MakeStatement>	<Government_(Nigeria)>
<Robert_Menendez>	<MakeStatement>	<Opposition_Supporter_(Venezuela)>
<Citizen_(Nigeria)>	<Receive_deployment_of_peacekeepers>	<Government_(United_States)>
<Barack_Obama>	<MakeStatement>	<Combatant_(Islamic_State_of_Iraq_and_the_Levant)>
<Defense_/_Security_Ministry_(Nigeria)>	<MakeStatement>	<Militant_(Boko_Haram)>
<Michael_Fahy>	<MakeStatement>	<Canada>
<Activist_(Thailand)>	<MakeStatement>	<Al-Shabaab>
<City_Manager_(United_States)>	<MakeStatement>	<Mauritius>
<Presidential_Candidate_(Argentina)>	<Demand>	<Sergio_Massa>
<Lithuanian_Armed_Forces>	<MakeStatement>	<Dmitry_Anatolyevich_Medvedev>
<Doctors_Without_Borders>	<MakeStatement>	<Nurse_(France)>
<Abdel_Fattah_Al-Sisi>	<MakeStatement>	<Media_(Africa)>
<Chen_Guangcheng>	<MakeStatement>	<Military_Personnel_-_Special_(Nigeria)>
<Armed_Gang_(Saudi_Arabia)>	<Carry_out_suicide_bombing>	<Iran>
<Information_/_Communication_/_Transparency_Ministry_(Singapore)>	<MakeStatement>	<Foreign_Affairs_(United_States)>
<Head_of_Government_(Croatia)>	<MakeStatement>	<Veterans_(Croatia)>
<Philip_Hammond>	<Consult>	<North_Atlantic_Treaty_Organization>
<Citizen_(India)>	<Demand>	<Fessehaye_Yohannes>
<Chulalongkorn_University>	<MakeStatement>	<Prayuth_Chan-ocha>
<Emal_Faizi>	<MakeStatement>	<Ministry_(Afghanistan)>
<International_Court_of_Justice>	<MakeStatement>	<Education_(Nigeria)>
<Christine_Milne>	<MakeStatement>	<Australia_Greens>
<Police_(Egypt)>	<MakeStatement>	<Agence_France-Presse>
<Police_(Malaysia)>	<Investigate>	<Malaysia>
<Military_Personnel_(Libya)>	<MakeStatement>	<Legislature_(Libya)>
<Tajikistan>	<Consult>	<Kazakhstan>
<Benjamin_Netanyahu>	<Accuse>	<Terrorist_(Hamas)>
<Head_of_Government_(Turkmenistan)>	<Host_a_visit>	<Consultative_Assembly_of_Oman>
<Barack_Obama>	<Consult>	<Head_of_Government_(New_Zealand)>
<Myanmar>	<Make_a_visit>	<Xi_Jinping>
<Jeff_Seeney>	<MakeStatement>	<Other_Authorities_/_Officials_(Africa)>
<Labor_Union_(Canada)>	<Consult>	<Canada>
<Employee_(Tanzania)>	<MakeStatement>	<Court_Judge_(Mexico)>
<Abdullah_Gül>	<Praise_or_endorse>	<Abdel_Fattah_Al-Sisi>
<Military_Personnel_-_Special_(Kenya)>	<fight_with_small_arms_and_light_weapons>	<Citizen_(Kenya)>
<Medical_Personnel_(Nigeria)>	<MakeStatement>	<Government_(Nigeria)>
<Angela_Merkel>	<MakeStatement>	<Madeleine_Albright>
<Maxon_Mbendera>	<MakeStatement>	<Malawi>
<Lin_Chia-lung>	<MakeStatement>	<Jason_C._Hu>
<Mohammad_Javad_Zarif>	<MakeStatement>	<Iraq>
<Angola>	<Make_a_visit>	<China>
<Military_Personnel_-_Special_(Kenya)>	<Use_conventional_military_force>	<Citizen_(Kenya)>
<High_Ranking_Military_Personnel_(Nigeria)>	<MakeStatement>	<Government_(Nigeria)>
<Jaber_Mubarak_Al-Sabah>	<MakeStatement>	<Kuwait>
<Representatives_(Libya)>	<Criticize_or_denounce>	<Member_of_the_Judiciary_(Libya)>
<Abdullah_Abdullah>	<Make_an_appeal_or_request>	<Election_Commission_(Iran)>
<France>	<Consult>	<Iran>
<Ashraf_Ghani_Ahmadzai>	<Make_an_appeal_or_request>	<Abdullah_Abdullah>
<Lawyer/Attorney_(South_Korea)>	<Investigate>	<South_Korea>
<Barack_Obama>	<Express_intent_to_meet_or_negotiate>	<Iran>
<Nuri_al-Maliki>	<MakeStatement>	<Iraq>
<Maurice_Williamson>	<Discuss_by_telephone>	<Police_(New_Zealand)>
<Leopoldo_Dominico_Petilla>	<MakeStatement>	<Philippines>
<Other_Authorities_/_Officials_(Nigeria)>	<MakeStatement>	<Government_(Nigeria)>
<Sujatha_Singh>	<Consult>	<Envoy_(India)>
<Iraq>	<MakeStatement>	<Nuri_al-Maliki>
<Zoran_Zaev>	<MakeStatement>	<Social_Democratic_Union>
<Military_(France)>	<Use_conventional_military_force>	<Activist_(Algeria)>
<John_Kerry>	<Express_intent_to_meet_or_negotiate>	<Middle_East>
<Lawyer/Attorney_(Nauru)>	<Arrest_detain_or_charge_with_legal_action>	<Asylum_Seeker_(Nauru)>
<Head_of_Government_(Ukraine)>	<Make_an_appeal_or_request>	<Angela_Merkel>
<John_Baird>	<MakeStatement>	<Canada>
<Governor_(Democratic_Republic_of_Congo)>	<MakeStatement>	<Cobra_Matata>
<Joseph_Ole_Lenku>	<MakeStatement>	<Government_(Kenya)>
<Citizen_(Belarus)>	<Threaten_with_military_force>	<Airline_(Belarus)>
<Citizen_(United_Arab_Emirates)>	<Make_optimistic_comment>	<Energy_Department/Ministry_(United_Arab_Emirates)>
<City_Mayor_(Somalia)>	<MakeStatement>	<Somali_National_Army>
<Medical_Personnel_(Zimbabwe)>	<MakeStatement>	<Ministry_(Zimbabwe)>
<Isaac_Kiprono_Ruto>	<MakeStatement>	<Government_(Kenya)>
<Committee_for_State_Security>	<MakeStatement>	<Chimed_Saikhanbileg>
<Court_Judge_(United_Kingdom)>	<Reject>	<Lawyer/Attorney_(United_Kingdom)>
<Citizen_(Kenya)>	<Accuse>	<Government_(Kenya)>
<Xi_Jinping>	<MakeStatement>	<China>
<Media_(Russia)>	<MakeStatement>	<Education_(Russia)>
<Population_(Angola)>	<MakeStatement>	<Government_(Angola)>
<Sabah_Khaled_Al-Hamad_Al-Sabah>	<MakeStatement>	<UN_Security_Council>
<George_Solo>	<MakeStatement>	<Ministry_(Liberia)>
<Malaysia>	<Make_a_visit>	<Philippines>
<France>	<Host_a_visit>	<John_Kerry>
<France>	<MakeStatement>	<Boko_Haram>
<Andrej_Kiska>	<MakeStatement>	<National_Liberal_Party>
<Gabor_Vona>	<MakeStatement>	<Fidesz>
<Thailand>	<Express_intent_to_cooperate>	<Cambodia>
<Military_Ruler_(Thailand)>	<Threaten_with_repression>	<Protester_(Thailand)>
<Japan>	<Make_optimistic_comment>	<South_Korea>
<Government_(Oman)>	<MakeStatement>	<Iran>
<Combatant_(Iraqi_Kurds)>	<MakeStatement>	<Uhuru_Muigai_Kenyatta>
<Kim_Jong-Un>	<MakeStatement>	<North_Korea>
<Head_of_Government_(Nigeria)>	<MakeStatement>	<Fula_people>
<Nuri_al-Maliki>	<MakeStatement>	<China>
<Peter_Lerner>	<MakeStatement>	<Iran>
<Carlos_Kuschel_Silva>	<Impose_administrative_sanctions>	<Paraguay>
<Sar_Kheng>	<MakeStatement>	<Head_of_Government_(Germany)>
<North_Ossetia-Alania>	<MakeStatement>	<Iran>
<Nationalist_Movement_Party>	<Express_intent_to_cooperate>	<Republican_People's_Party>
<Foreign_Affairs_(Russia)>	<MakeStatement>	<Daily_Monitor>
<Company_-_Owner_or_Operator_(Tonga)>	<MakeStatement>	<Business_(Tonga)>
<Criminal_(Bangladesh)>	<Use_unconventional_violence>	<Student_(Bangladesh)>
<Citizen_(India)>	<Use_unconventional_violence>	<Akhilesh_Yadav>
<Election_Commission_(Turkey)>	<MakeStatement>	<Party_Member_(Turkey)>
<Sirichan_Ngathong>	<MakeStatement>	<Military_(Thailand)>
<Medical_Personnel_(Nigeria)>	<MakeStatement>	<Government_(United_States)>
<Justin_Trudeau>	<MakeStatement>	<Liberals_(Canada)>
<Raul_Hernandez>	<MakeStatement>	<Philippines>
<Muslim_(Nigeria)>	<MakeStatement>	<Sheikh_Ali_Salman>
<John_Baird>	<MakeStatement>	<Armed_Rebel_(Ukraine)>
<Ahmad_Zia_Abdulzai>	<MakeStatement>	<Kidnapper_(Afghanistan)>
<Benjamin_Netanyahu>	<Praise_or_endorse>	<Reuven_Rivlin>
<Police_(Malaysia)>	<Arrest_detain_or_charge_with_legal_action>	<Men_(Malaysia)>
<Park_Won-soon>	<Express_intent_to_engage_in_diplomatic_cooperation_(such_as_policy_support)>	<Citizen_(South_Korea)>
<Iran>	<Host_a_visit>	<South_Africa>
<Canada>	<Host_a_visit>	<Barack_Obama>
<Guenther_Oettinger>	<MakeStatement>	<Riek_Machar>
<Nabil_Abu-Rudaynah>	<MakeStatement>	<Head_of_Government_(Egypt)>
<Serbia>	<Host_a_visit>	<Pope_Francis>
<Abu_Sayyaf>	<Use_conventional_military_force>	<Philippines>
<Associated_Press>	<MakeStatement>	<Armed_Gang_(Egypt)>
<Ma_Xiaoguang>	<MakeStatement>	<China>
<Foreign_Affairs_(South_Korea)>	<MakeStatement>	<South_Korea>
<Activist_(Thailand)>	<Express_intent_to_meet_or_negotiate>	<National_Council_for_Peace_and_Order_of_Thailand>
<National_Economic_Council_(Nigeria)>	<Praise_or_endorse>	<Ministry_(Nigeria)>
<Rosoboronexport>	<MakeStatement>	<Afghanistan>
<Foreign_Affairs_(Russia)>	<MakeStatement>	<Foreign_Affairs_(Syria)>
<Dino_Melaye>	<MakeStatement>	<Member_of_the_Judiciary_(Nigeria)>
<Labor_and_Employment_Ministry_(Nigeria)>	<MakeStatement>	<Labor_Union_(Nigeria)>
<Ahmed_Abu_Khatallah>	<Use_conventional_military_force>	<Foreign_Affairs_(United_States)>
<Xi_Jinping>	<MakeStatement>	<Henry_M._Paulson>
<Joseph_Robinette_Biden>	<MakeStatement>	<Daniel_Ortega>
<Chuck_Hagel>	<MakeStatement>	<Iran>
<Barack_Obama>	<MakeStatement>	<Japan>
<Attorney_General_(Argentina)>	<MakeStatement>	<Lawyer/Attorney_(Argentina)>
<Foreign_Affairs_(Russia)>	<MakeStatement>	<Defense_/_Security_Ministry_(Malaysia)>
<Nguyen_Xuan_Phuc>	<Appeal_for_de-escalation_of_military_engagement>	<International_Association_Of_Democratic_Lawyers>
<Bishop_(Sudan)>	<Accuse>	<Citizen_(Sudan)>
<China>	<Express_intent_to_engage_in_diplomatic_cooperation_(such_as_policy_support)>	<South_Korea>
<Lawyer/Attorney_(South_Korea)>	<MakeStatement>	<Business_(South_Korea)>
<Augustine_Alegeh>	<MakeStatement>	<Okey_Wali>
<Information_/_Communication_/_Transparency_Ministry_(Singapore)>	<MakeStatement>	<Malaysia>
<Citizen_(Nigeria)>	<Engage_in_symbolic_act>	<Head_of_Government_(Nigeria)>
<Carlo_Calenda>	<MakeStatement>	<Bernd_Lange>
<Lawyer/Attorney_(Turkey)>	<Complain_officially>	<Citizen_(Turkey)>
<Chuck_Hagel>	<Consult>	<Victor_Ponta>
<Armed_Gang_(Fula_people)>	<MakeStatement>	<AvtoVAZ>
<Head_of_Government_(China)>	<MakeStatement>	<Japan>
<Derek_Andre_Hanekom>	<MakeStatement>	<South_Africa>
<Iraq>	<MakeStatement>	<Militant_(Iraq)>
<Army_Personnel_(Philippines)>	<MakeStatement>	<Philippines>
<Associated_Press>	<Discuss_by_telephone>	<Business_(Paraguay)>
<China>	<Praise_or_endorse>	<Middle_East>
<Jagdish_Mukhi>	<MakeStatement>	<Head_of_Government_(India)>
<Military_(Thailand)>	<Mobilize_or_increase_armed_forces>	<Thailand>
<Kathleen_Wynne>	<MakeStatement>	<Police_(Bulgaria)>
<Commando_(India)>	<Provide_humanitarian_aid>	<Employee_(India)>
<Conservative_Party_(United_Kingdom)>	<MakeStatement>	<Martin_McGuinness>
<Afghanistan>	<Engage_in_diplomatic_cooperation>	<Hezbollah>
<Afghan_National_Army>	<Use_conventional_military_force>	<Militant_(Taliban)>
<Media_Personnel_(Uganda)>	<MakeStatement>	<Military_(Central_African_Republic)>
<South_Korea>	<Consult>	<China>
<Police_(Slovakia)>	<Arrest_detain_or_charge_with_legal_action>	<Criminal_(Slovakia)>
<Canada>	<MakeStatement>	<Liberal_Party_(Canada)>
<William_Ruto>	<Consult>	<Head_of_Government_(Ethiopia)>
<Police_(Israel)>	<MakeStatement>	<Republican_People's_Party>
<John_Kerry>	<Criticize_or_denounce>	<Sudan>
<Huang_Ching-tai>	<MakeStatement>	<AT&T>
<Cyprian_Awiti>	<MakeStatement>	<Government_(Kenya)>
<Abdoulaye_Wade>	<MakeStatement>	<Criminal_(Pakistan)>
<François_Rebsamen>	<MakeStatement>	<Government_(France)>
<Fire_Brigade_(Australia)>	<MakeStatement>	<Police_(Australia)>
<Combatant_(Kenya)>	<Use_unconventional_violence>	<Citizen_(Kenya)>
<Viktor_Chirkov>	<MakeStatement>	<AvtoVAZ>
<Treasury/Finance_Ministry_(Nigeria)>	<MakeStatement>	<Government_(Nigeria)>
<Thief_(Thailand)>	<MakeStatement>	<Mohammad_Javad_Zarif>
<Human_Rights_Watch>	<MakeStatement>	<China>
<Military_Personnel_-_Special_(Cameroon)>	<Use_conventional_military_force>	<Boko_Haram>
<Oluṣẹgun_Ọbasanjọ>	<Criticize_or_denounce>	<Citizen_(Nigeria)>
<Justice_Department/Ministery_(Libya)>	<MakeStatement>	<Cabinet_/_Council_of_Ministers_/_Advisors_(Libya)>
<Prayuth_Chan-ocha>	<Use_tactics_of_violent_repression>	<Activist_(Thailand)>
<Member_of_Parliament_(Iraq)>	<MakeStatement>	<Iran>
<Thief_(Thailand)>	<Make_an_appeal_or_request>	<Farm_Worker_(Thailand)>
<Domestic_Affairs_(Panama)>	<MakeStatement>	<Government_(Panama)>
<John_Kerry>	<MakeStatement>	<Sergey_Viktorovich_Lavrov>
<Military_(Thailand)>	<MakeStatement>	<Head_of_Government_(Latvia)>
<Hau_Lung-pin>	<MakeStatement>	<United_Progressive_Alliance>
<Nuri_al-Maliki>	<Make_an_appeal_or_request>	<Barack_Obama>
<Stephane_Le_Foll>	<MakeStatement>	<France>
<Intellectual_(France)>	<MakeStatement>	<Criminal_(Jamaica)>
<Media_(Azerbaijan)>	<MakeStatement>	<Iran>
<Head_of_Government_(Nigeria)>	<MakeStatement>	<Indigenous_People_(Nigeria)>
<Iraq>	<Engage_in_negotiation>	<Joseph_Robinette_Biden>
<Department_of_Transportation>	<MakeStatement>	<South_Korea>
<Commando_(India)>	<Provide_humanitarian_aid>	<Citizen_(India)>
<Government_Official_(Mali)>	<MakeStatement>	<Military_(Mali)>
<Kayode_Fayemi>	<Accuse>	<Citizen_(Nigeria)>
<Robert_Pickersgill>	<MakeStatement>	<Government_(Jamaica)>
<Canada>	<MakeStatement>	<Justin_Trudeau>
<Court_Judge_(Kenya)>	<MakeStatement>	<Media_(Saudi_Arabia)>
<John_Kerry>	<MakeStatement>	<Iraq>
<Head_of_Government_(India)>	<MakeStatement>	<Company_-_Owner_or_Operator_(India)>
<Police_(Kenya)>	<Arrest_detain_or_charge_with_legal_action>	<Businessperson_(Kenya)>
<Ministry_(Nigeria)>	<MakeStatement>	<Medical_Personnel_(Nigeria)>
<Government_(Kenya)>	<Make_an_appeal_or_request>	<Tenants_(Kenya)>
<Other_Authorities_/_Officials_(Egypt)>	<MakeStatement>	<Police_(Egypt)>
<International_Court_of_Justice>	<MakeStatement>	<Japan>
<Joseph_Kabila>	<MakeStatement>	<Héctor_Beltrán_Leyva>
<Nationalist_Movement_Party>	<MakeStatement>	<Main_Opposition_(Turkey)>
<Citizen_(Tanzania)>	<Express_intent_to_meet_or_negotiate>	<Tanzania>
<Foreign_Affairs_(Russia)>	<Engage_in_negotiation>	<Foreign_Affairs_(Syria)>
<Nestor_Kirchner>	<MakeStatement>	<Civic_Group_(Argentina)>
<Military_Personnel_(Angola)>	<MakeStatement>	<Governor_(Angola)>
<Abdullah_Abdullah>	<MakeStatement>	<John_Kerry>
<Foreign_Affairs_(Israel)>	<MakeStatement>	<Media_Personnel_(Pakistan)>
<Paul_LePage>	<MakeStatement>	<AT&T>
<Uhuru_Muigai_Kenyatta>	<MakeStatement>	<Government_(Kenya)>
<Kathleen_Wynne>	<Make_pessimistic_comment>	<Canada>
<National_Directorate_of_Security>	<MakeStatement>	<Secret_Agent_(Afghanistan)>
<Citizen_(Nigeria)>	<Reject>	<Kayode_Fayemi>
<Ministry_of_Public_Security_(Canada)>	<MakeStatement>	<Business_(Canada)>
<China>	<MakeStatement>	<Military_(China)>
<Head_of_Government_(India)>	<MakeStatement>	<Indigenous_People_(India)>
<Isaac_Kiprono_Ruto>	<MakeStatement>	<Uhuru_Muigai_Kenyatta>
<Japan>	<Consult>	<South_Korea>
<Abdel_Fattah_Al-Sisi>	<Host_a_visit>	<National_Assembly_of_Kuwait>
<Citizen_(Germany)>	<MakeStatement>	<Member_of_Legislative_(Govt)_(Kenya)>
<Yu_Zhengsheng>	<Consult>	<Japan>
<Catherine_Ashton>	<MakeStatement>	<Iran>
<Alexander_Lukashevich>	<MakeStatement>	<Representatives_(Iraq)>
<Ministry_(Liberia)>	<Praise_or_endorse>	<Student_(Liberia)>
<Andrej_Babis>	<Express_intent_to_cooperate>	<Milos_Zeman>
<Citizen_(Nigeria)>	<Express_intent_to_cooperate>	<Head_of_Government_(Nigeria)>
<North_Korea>	<Reject>	<Japan>
<John_Kerry>	<MakeStatement>	<China>
<Benjamin_Netanyahu>	<MakeStatement>	<John_Kerry>
<Lawmaker_(United_States)>	<Criticize_or_denounce>	<Nuri_al-Maliki>
<Jacek_Rostowski>	<MakeStatement>	<European_Parliament>
<Prayuth_Chan-ocha>	<MakeStatement>	<Thailand>
<Nuri_al-Maliki>	<Express_intent_to_meet_or_negotiate>	<Legislature_(Iraq)>
<Nuri_al-Maliki>	<MakeStatement>	<Militant_(Iraq)>
<Alan_Peter_Cayetano>	<Make_an_appeal_or_request>	<Media_(Philippines)>
<Hashmat_Stanikzai>	<MakeStatement>	<Military_Personnel_-_Special_(Afghanistan)>
<Lawyer/Attorney_(Turkey)>	<Accuse>	<Citizen_(Turkey)>
<Robert_Cazanciuc>	<MakeStatement>	<Romania>
<Terrorist_(Islamic_State_of_Iraq_and_the_Levant)>	<MakeStatement>	<UN_Security_Council>
<Armed_Band_(Argentina)>	<Threaten>	<Media_Personnel_(Argentina)>
<Portugal>	<Express_intent_to_engage_in_diplomatic_cooperation_(such_as_policy_support)>	<Iran>
<Lawyer/Attorney_(Cambodia)>	<MakeStatement>	<Police_(Cambodia)>
<Armed_Band_(Philippines)>	<MakeStatement>	<RIA_Novosti>
<Sawarmi_Khaled_Saad>	<MakeStatement>	<Sudan>
<Local_Media_(Switzerland)>	<MakeStatement>	<Other_Authorities_/_Officials_(Switzerland)>
<Member_of_Parliament_(Iran)>	<MakeStatement>	<Ministry_(Iran)>
<Police_(Israel)>	<MakeStatement>	<Attacker_(Palestinian_Territory_Occupied)>
<Boko_Haram>	<Use_conventional_military_force>	<Cameroon>
<Preneet_Kaur>	<MakeStatement>	<Aam_Aadmi_Party>
<Cambodia>	<MakeStatement>	<Thailand>
<Micky_Rosenfeld>	<MakeStatement>	<Police_(Israel)>
<Intelligence_and_Security_Committee>	<Engage_in_negotiation>	<Tony_Blair>
<Police_(Canada)>	<MakeStatement>	<Employee_(Canada)>
<Reserve_Personnel_(Ukraine)>	<MakeStatement>	<Military_(Russia)>
<France>	<MakeStatement>	<Guinea>
<Angela_Merkel>	<MakeStatement>	<Iran>
<Barack_Obama>	<MakeStatement>	<Hamas>
<Bala_Abdulkadir_Mohammed>	<MakeStatement>	<Education_(Nigeria)>
<Media_Personnel_(Japan)>	<MakeStatement>	<China>
<Nguyen_Xuan_Phuc>	<MakeStatement>	<Government_Official_(Afghanistan)>
<Militant_(Taliban)>	<MakeStatement>	<Government_Official_(Russia)>
<Efkan_Ala>	<MakeStatement>	<Main_Opposition_(Turkey)>
<Barack_Obama>	<MakeStatement>	<North_Korea>
<Royal_Administration_(Jordan)>	<MakeStatement>	<Iran>
<Ministry_(Nigeria)>	<Rally_support_on_behalf_of>	<Nigerian_Navy>
<Levon_Ter-Petrosyan>	<MakeStatement>	<Gagik_Tsarukyan>
<Umaru_Musa_Yar'Adua>	<Forgive>	<Militant_(Nigeria)>
<Edwin_Lacierda>	<MakeStatement>	<Moro_National_Liberation_Front>
<Jens_Weidmann>	<MakeStatement>	<France>
<Lawmaker_(Lebanon)>	<Praise_or_endorse>	<Member_of_Legislative_(Govt)_(Lebanon)>
<Nuri_al-Maliki>	<MakeStatement>	<Party_Member_(Iraq)>
<Daniel_Ortega>	<MakeStatement>	<Mexico>
<Angela_Merkel>	<MakeStatement>	<Malaysia>
<Mulatu_Teshome>	<Engage_in_symbolic_act>	<Foreign_Affairs_(Norway)>
<Sheikh_Hasina_Wajed>	<Make_a_visit>	<China>
<Mohamed_Ould_Abdel_Aziz>	<MakeStatement>	<Militia_(Kenya)>
<Uhuru_Muigai_Kenyatta>	<MakeStatement>	<Ethiopia>
<Ogbeni_Rauf_Aregbesola>	<Engage_in_diplomatic_cooperation>	<Citizen_(Nigeria)>
<Phongthep_Thepkanjana>	<MakeStatement>	<Cabinet_/_Council_of_Ministers_/_Advisors_(Thailand)>
<Children_(Guinea)>	<Use_unconventional_violence>	<Guinea>
<Paul_Kagame>	<Engage_in_negotiation>	<Teodoro_Obiang_Nguema_Mbasogo>
<Police_(Libya)>	<MakeStatement>	<Mustafa_Abu_Shagur>
<Head_of_Government_(Sweden)>	<MakeStatement>	<Government_(Sweden)>
<Milliyet>	<MakeStatement>	<Lawyer/Attorney_(Turkey)>
<Foreign_Affairs_(Rwanda)>	<MakeStatement>	<UN_Security_Council>
<Domestic_Affairs_(Australia)>	<MakeStatement>	<Ministry_(Croatia)>
<Valdis_Dombrovskis>	<MakeStatement>	<Head_of_Government_(Latvia)>
<Congress_(Argentina)>	<Demand>	<Presidential_Candidate_(Argentina)>
<Government_(Sudan)>	<MakeStatement>	<Riek_Machar>
<Benjamin_Netanyahu>	<Make_an_appeal_or_request>	<Settler_(Israel)>
<Devlet_Bahçeli>	<MakeStatement>	<Nationalist_Movement_Party>
<Japan>	<MakeStatement>	<China>
<Mexico>	<MakeStatement>	<Indigenous_People_(India)>
<Royal_Administration_(Saudi_Arabia)>	<Accuse>	<Nuri_al-Maliki>
<Citizen_(Germany)>	<Express_intent_to_meet_or_negotiate>	<Head_of_Government_(Germany)>
<Protester_(United_Kingdom)>	<MakeStatement>	<Indigenous_People_(United_Kingdom)>
<Military_Advisor_(United_States)>	<Make_a_visit>	<Iraq>
<Environment_Department/Ministry_(Kenya)>	<MakeStatement>	<Government_(Angola)>
<Cabinet_/_Council_of_Ministers_/_Advisors_(Japan)>	<MakeStatement>	<Thailand>
<Kim_Jong-Un>	<Make_a_visit>	<North_Korea>
<Other_Authorities_/_Officials_(Nigeria)>	<Make_an_appeal_or_request>	<Citizen_(Nigeria)>
<Admiral_(Iran)>	<MakeStatement>	<Fighter_Bomber_(Iran)>
<Iraq>	<Host_a_visit>	<John_Kerry>
<Wang_Yang>	<MakeStatement>	<Emilio_Pérez_Touriño>
<Other_Authorities_/_Officials_(Jamaica)>	<MakeStatement>	<Criminal_(Jamaica)>
<Justice_Department/Ministery_(Niger)>	<MakeStatement>	<Attacker_(Niger)>
<Armed_Band_(Philippines)>	<Use_unconventional_violence>	<City_Mayor_(Philippines)>
<Sergey_Viktorovich_Lavrov>	<MakeStatement>	<John_Kerry>
<International_Court_of_Justice>	<MakeStatement>	<Police_(Rwanda)>
<Benjamin_Netanyahu>	<MakeStatement>	<Tzipi_Livni>
<Citizen_(India)>	<Make_an_appeal_or_request>	<Medical_Personnel_(India)>
<Royal_Administration_(Poland)>	<MakeStatement>	<Other_Authorities_/_Officials_(Egypt)>
<Japan>	<Express_intent_to_meet_or_negotiate>	<North_Korea>
<William_Lukuvi>	<MakeStatement>	<Tanzania>
<Student_(Iraq)>	<MakeStatement>	<Businessperson_(Turkey)>
<Royal_Administration_(Poland)>	<Consult>	<Ministry_(Poland)>
<Tan_Sri_Muhyiddin_Yassin>	<MakeStatement>	<Japan>
<Police_(Sudan)>	<MakeStatement>	<Dmitry_Anatolyevich_Medvedev>
<China>	<MakeStatement>	<Myanmar>
<Court_Judge_(Kenya)>	<Express_intent_to_cooperate>	<Lawyer/Attorney_(Kenya)>
<Energy_Department/Ministry_(Philippines)>	<MakeStatement>	<Philippines>
<Boy_Rafli_Amar>	<MakeStatement>	<Police_(Indonesia)>
<Citizen_(Mauritania)>	<Accuse>	<Government_(Mauritania)>
<Ministry_(Nigeria)>	<MakeStatement>	<Government_(Nigeria)>
<Lawyer/Attorney_(Turkey)>	<MakeStatement>	<Efkan_Ala>
<TDC>	<MakeStatement>	<Al_Jazeera>
<Najam_Sethi>	<MakeStatement>	<Raheel_Sharif>
<Uhuru_Muigai_Kenyatta>	<Consult>	<M.R._Sharma>
<Military_Personnel_-_Special_(Afghanistan)>	<Make_optimistic_comment>	<Afghanistan>
<Admiral_(Iran)>	<MakeStatement>	<Iran>
<Head_of_Government_(Uruguay)>	<Make_an_appeal_or_request>	<Citizen_(International)>
<Lawyer/Attorney_(Philippines)>	<MakeStatement>	<City_Mayor_(Philippines)>
<Ashraf_Ghani_Ahmadzai>	<MakeStatement>	<Afghanistan>
<Member_of_the_Judiciary_(United_States)>	<MakeStatement>	<Opposition_Supporter_(Venezuela)>
<Xi_Jinping>	<Consult>	<Sheikh_Hasina_Wajed>
<François_Hollande>	<MakeStatement>	<Government_(France)>
<Benjamin_Netanyahu>	<MakeStatement>	<Angela_Merkel>
<François_Hollande>	<Express_intent_to_meet_or_negotiate>	<Kazakhstan>
<Maurice_Williamson>	<MakeStatement>	<Military_Personnel_-_Special_(Afghanistan)>
<France>	<MakeStatement>	<Barack_Obama>
<Chuck_Hagel>	<MakeStatement>	<Iraq>
<Tharit_Pengdit>	<MakeStatement>	<Protester_(Thailand)>
<Media_(Morocco)>	<MakeStatement>	<Morocco>
<Kazakhstan>	<MakeStatement>	<Government_(Nepal)>
<Bala_Ngilari>	<MakeStatement>	<Member_of_the_Judiciary_(Nigeria)>
<Intelligence_(India)>	<MakeStatement>	<City_Mayor_(Ukraine)>
<Citizen_(Mauritania)>	<MakeStatement>	<Ukrinform>
<John_Kerry>	<Consult>	<Head_of_Government_(Egypt)>
<Vytenis_Povilas_Andriukaitis>	<MakeStatement>	<Algirdas_Butkevičius>
<Iran>	<Host_a_visit>	<United_Arab_Emirates>
<Shrien_Dewani>	<Make_a_visit>	<Western_Cape_High_Court>
<China>	<Engage_in_diplomatic_cooperation>	<Association_of_Southeast_Asian_Nations>
<Soumeylou_Boubèye_Maiga>	<MakeStatement>	<Military_(Mali)>
<Kim_Jong-Un>	<Criticize_or_denounce>	<Citizen_(North_Korea)>
<Abdoulaye_Wade>	<Appeal_for_change_in_leadership>	<Macky_Sall>
<Peter_O'Neill>	<Reject>	<Police_(Australia)>
<Other_Authorities_/_Officials_(Nigeria)>	<MakeStatement>	<Farm_Worker_(Nigeria)>
<Citizen_(India)>	<Demand_change_in_leadership>	<Shivraj_Singh_Chouhan>
<Citizen_(Zambia)>	<Threaten>	<Lameck_Mangani>
<China>	<Use_conventional_military_force>	<Japan>
<Professor_(South_Korea)>	<Accuse>	<Citizen_(South_Korea)>
<Christoforos_Fokaides>	<MakeStatement>	<Justicialist_Party>
<Xi_Jinping>	<Express_intent_to_meet_or_negotiate>	<South_Korea>
<North_Korea>	<MakeStatement>	<South_Korea>
<Guatemala>	<Consult>	<Mexico>
<Tony_Blair>	<MakeStatement>	<Armed_Gang_(Egypt)>
<Undersecretary_(Bahrain)>	<MakeStatement>	<Labor_and_Employment_Ministry_(Bahrain)>
<Other_Authorities_/_Officials_(Nigeria)>	<Arrest_detain_or_charge_with_legal_action>	<Citizen_(Nigeria)>
<Royal_Administration_(Portugal)>	<MakeStatement>	<Other_Authorities_/_Officials_(Zimbabwe)>
<Naval_(Sri_Lanka)>	<MakeStatement>	<Student_(Tanzania)>
<Head_of_Government_(Uruguay)>	<MakeStatement>	<Arnaud_Montebourg>
<Carlos_Kuschel_Silva>	<MakeStatement>	<Member_of_Parliament_(Romania)>
<Iran>	<MakeStatement>	<Morteza_Sarmadi>
<Undersecretary_(Kuwait)>	<MakeStatement>	<Kuwait>
<Armenia>	<MakeStatement>	<Cobra_Matata>
<Angela_Merkel>	<MakeStatement>	<Victoria_Nuland>
<Mathias_Meinrad_Chikawe>	<MakeStatement>	<Efkan_Ala>
<Police_(South_Africa)>	<MakeStatement>	<Romania>
<Uhuru>	<Make_an_appeal_or_request>	<Citizen_(Kenya)>
<Court_Judge_(United_Kingdom)>	<MakeStatement>	<Government_(Panama)>
<Fire_Brigade_(China)>	<MakeStatement>	<China>
<Defense_/_Security_Ministry_(Nigeria)>	<MakeStatement>	<Government_(Nigeria)>
<John_Kerry>	<Consult>	<Iraq>
<Didier_Burkhalter>	<Consult>	<Head_of_Government_(Ukraine)>
<Military_Personnel_-_Special_(Sri_Lanka)>	<Use_tactics_of_violent_repression>	<Mob_(Sri_Lanka)>
<Citizen_(North_Korea)>	<Defy_norms_law>	<North_Korea>
<Emeka_Ihedioha>	<Engage_in_symbolic_act>	<Citizen_(Nigeria)>
<Cabinet_/_Council_of_Ministers_/_Advisors_(United_States)>	<MakeStatement>	<Fumio_Kishida>
<Cleric_(Iraq)>	<MakeStatement>	<Thief_(Poland)>
<Planning_Commission_(Nigeria)>	<MakeStatement>	<Ministry_(Nigeria)>
<Head_of_Government_(Mauritania)>	<MakeStatement>	<Mauritania>
<Defense_/_Security_Ministry_(Ukraine)>	<MakeStatement>	<Militant_(Ukraine)>
<China>	<MakeStatement>	<Vietnam>
<Meretz>	<MakeStatement>	<Tzipi_Livni>
<Military_Personnel_(United_States)>	<Express_intent_to_meet_or_negotiate>	<Citizen_(North_Korea)>
<Insurgent_(Islamic_State_of_Iraq_and_the_Levant)>	<MakeStatement>	<Company_-_Owner_or_Operator_(India)>
<John_Kerry>	<Engage_in_negotiation>	<Abdel_Fattah_Al-Sisi>
<Ministry_(Nigeria)>	<Express_intent_to_cooperate>	<Citizen_(Nigeria)>
<Citizen_(Thailand)>	<Criticize_or_denounce>	<Thief_(Thailand)>
<Naval_(Sri_Lanka)>	<Arrest_detain_or_charge_with_legal_action>	<Fishermen_(India)>
<Intelligence_(India)>	<Investigate>	<Citizen_(India)>
<John_Kerry>	<MakeStatement>	<National_Coalition_for_Syrian_Revolutionary_and_Opposition_Forces>
<Military_Personnel_(Nigeria)>	<MakeStatement>	<Militant_(Boko_Haram)>
<North_Korea>	<Appeal_for_easing_of_economic_sanctions_boycott_or_embargo>	<South_Korea>
<Sabah_Khaled_Al-Hamad_Al-Sabah>	<Sign_formal_agreement>	<Mohammad_Javad_Zarif>
<Armed_Gang_(Saudi_Arabia)>	<MakeStatement>	<Umar_al_Bashir>
<Head_of_Government_(Nigeria)>	<Make_an_appeal_or_request>	<Muslim_(Nigeria)>
<Civic_Group_(Croatia)>	<MakeStatement>	<City_Mayor_(Croatia)>
<Iran>	<Consult>	<UN_Security_Council>
<Chuck_Hagel>	<MakeStatement>	<Al_Arabiya>
<High_Ranking_Military_Personnel_(Pakistan)>	<MakeStatement>	<Militant_(Taliban)>
<Philip_Hammond>	<MakeStatement>	<Legislature_(Libya)>
<South_Africa>	<MakeStatement>	<China>
<Xi_Jinping>	<Praise_or_endorse>	<Abdel_Fattah_Al-Sisi>
<Vitaliy_Yarema>	<MakeStatement>	<Defense_/_Security_Ministry_(Ukraine)>
<Zhang_Dejiang>	<MakeStatement>	<China>
<Prayuth_Chan-ocha>	<MakeStatement>	<Military_(Thailand)>
<National_Security_Advisor_(South_Korea)>	<MakeStatement>	<Media_(Saudi_Arabia)>
<South_Korea>	<Consult>	<Envoy_(Japan)>
<Police_(Canada)>	<MakeStatement>	<Canada>
<Yunus_Qanuni>	<Consult>	<Ashraf_Ghani_Ahmadzai>
<Foreign_Affairs_(Russia)>	<MakeStatement>	<Iraq>
<Police_(Egypt)>	<MakeStatement>	<Armed_Gang_(Egypt)>
<Philippines>	<Arrest_detain_or_charge_with_legal_action>	<Chief_of_Staff_(Sandiganbayan)>
<Head_of_Government_(Ukraine)>	<Consult>	<Rashid_Meredov>
<Makame_Mbarawa>	<MakeStatement>	<Tanzania>
<Government_(United_States)>	<MakeStatement>	<Civic_Group_(Kenya)>
<Other_Authorities_/_Officials_(Nigeria)>	<MakeStatement>	<Ministry_(Nigeria)>
<Cameroon>	<Consult>	<Niger>
<Salvador_Sánchez_Cerén>	<MakeStatement>	<Guerrilla_(El_Salvador)>
<Umaru_Musa_Yar'Adua>	<MakeStatement>	<Benjamin_Netanyahu>
<Sheikh_Hasina_Wajed>	<MakeStatement>	<Member_of_Parliament_(Bangladesh)>
<Saud_bin_Faisal_bin_Abdul-Aziz>	<Host_a_visit>	<Organisation_of_Islamic_Cooperation>
<Dinh_Tien_Dung>	<MakeStatement>	<Ministry_(Vietnam)>
<Foreign_Affairs_(Russia)>	<Criticize_or_denounce>	<Office_of_the_United_Nations_High_Commissioner_for_Human_Rights>
<Ayatollah_Seyyed_Ahmad_Alamolhoda>	<MakeStatement>	<Iran>
<Ministry_(Nigeria)>	<MakeStatement>	<Media_(Africa)>
<Defense_/_Security_Ministry_(Ukraine)>	<MakeStatement>	<North_Atlantic_Treaty_Organization>
<Ministry_(Morocco)>	<MakeStatement>	<Morocco>
<Yamfwa_Mukanga>	<MakeStatement>	<Government_(United_States)>
<Sebastian_Ndeitunga>	<MakeStatement>	<Police_(Namibia)>
<Saud_bin_Faisal_bin_Abdul-Aziz>	<MakeStatement>	<Member_of_Parliament_(Ukraine)>
<Citizen_(Kenya)>	<MakeStatement>	<Volvo>
<Barack_Obama>	<MakeStatement>	<Government_(Nigeria)>
<Farm_Worker_(Thailand)>	<Cooperate_militarily>	<Thailand>
<Military_(Turkey)>	<Use_tactics_of_violent_repression>	<Protester_(Turkey)>
<Representatives_(Libya)>	<MakeStatement>	<Raúl_Castro>
<Labor_Union_(Canada)>	<MakeStatement>	<Police_(Rwanda)>
<Romania>	<Consult>	<François_Hollande>
<Foreign_Affairs_(Russia)>	<Host_a_visit>	<Foreign_Affairs_(Ukraine)>
<Human_Rights_Watch>	<MakeStatement>	<Cambodia>
<Armed_Gang_(Fula_people)>	<Use_unconventional_violence>	<Citizen_(Nigeria)>
<Herve_Ladsous>	<Consult>	<Nabih_Berri>
<Citizen_(India)>	<MakeStatement>	<Education_(Nigeria)>
<Gazprom>	<MakeStatement>	<Interfax>
<High_Ranking_Military_Personnel_(Jordan)>	<MakeStatement>	<Police_(Jordan)>
<Chuck_Hagel>	<MakeStatement>	<Lawmaker_(Turkey)>
<Dunya_Maumoon>	<MakeStatement>	<Maldives>
<Pier_Ferdinando_Casini>	<MakeStatement>	<Iran>
<UN_Security_Council>	<MakeStatement>	<Sudan>
<Iraq>	<Consult>	<Nuri_al-Maliki>
<Citizen_(Australia)>	<Accuse>	<Julia_Gillard>
<Caitlin_Hayden>	<MakeStatement>	<Imad_Mugniyah>
<Police_(El_Salvador)>	<MakeStatement>	<Criminal_(El_Salvador)>
<Xi_Jinping>	<Make_optimistic_comment>	<China>
<Agriculture_/_Fishing_/_Forestry_Ministry_(Sudan)>	<MakeStatement>	<Sudan>
<Student_(Iraq)>	<Discuss_by_telephone>	<Agence_France-Presse>
<Canada>	<Praise_or_endorse>	<Philippines>
<Middle_East>	<Make_a_visit>	<Afghanistan>
<Japan>	<Express_intent_to_meet_or_negotiate>	<Pope_Francis>
<Qassim_Atta>	<MakeStatement>	<Air_Force_(Iraq)>
<Iran>	<Host_a_visit>	<Foreign_Affairs_(Luxembourg)>
<Toru_Hashimoto>	<MakeStatement>	<Newspaper_(Japan)>
<Benjamin_Netanyahu>	<MakeStatement>	<Police_(Israel)>
<Archbishop_(Australia)>	<MakeStatement>	<Lawyer/Attorney_(Australia)>
<Bradesco>	<MakeStatement>	<Government_Affiliated_Bank_(Brazil)>
<Police_(Indonesia)>	<MakeStatement>	<New_Zealand>
<Yair_Lapid>	<MakeStatement>	<United_Progressive_Alliance>
<Barack_Obama>	<MakeStatement>	<Raúl_Castro>
<Head_of_Government_(Turkmenistan)>	<MakeStatement>	<Armenia>
<Emal_Faizi>	<MakeStatement>	<Afghanistan>
<Susana_Villaran>	<MakeStatement>	<Business_(Peru)>
<Milos_Zeman>	<MakeStatement>	<Jan_Kohout>
<Citizen_(Belarus)>	<MakeStatement>	<Boko_Haram>
<Citizen_(United_Arab_Emirates)>	<MakeStatement>	<Congress_(Philippines)>
<Lawyer/Attorney_(Sierra_Leone)>	<MakeStatement>	<Member_of_the_Judiciary_(Sierra_Leone)>
<Abdullah_Abdullah>	<MakeStatement>	<Afghanistan>
<Abdel_Fattah_Al-Sisi>	<Make_a_visit>	<Sudan>
<High_Ranking_Military_Personnel_(Pakistan)>	<MakeStatement>	<Criminal_(Pakistan)>
<China>	<Express_intent_to_meet_or_negotiate>	<Vietnam>
<Thailand>	<Expel_or_deport_individuals>	<Immigrants_(Cambodia)>
<Criminal_(Egypt)>	<Use_unconventional_violence>	<Police_(Egypt)>
<Gazprom>	<Yield>	<AB_Lithuanian_Gas>
<Middle_East>	<Consult>	<John_Kerry>
<Thailand>	<MakeStatement>	<Cambodia>
<Geng_Yansheng>	<MakeStatement>	<Japan>
<Angus_Houston>	<MakeStatement>	<Associated_Press>
<Alexander_Lukashevich>	<MakeStatement>	<Canada>
<Isaac_Kiprono_Ruto>	<MakeStatement>	<Member_of_Legislative_(Govt)_(Kenya)>
<John_Kerry>	<MakeStatement>	<UN_Security_Council>
<UN_Security_Council>	<MakeStatement>	<Government_(Syria)>
<Other_Authorities_/_Officials_(Nigeria)>	<Consult>	<Vanguard>
<Marziyeh_Afkham>	<MakeStatement>	<Iran>
<Kuwait>	<MakeStatement>	<Pavel_Gubarev>
<Treasury/Finance_Ministry_(Nigeria)>	<MakeStatement>	<Boko_Haram>
<Militant_(Iraq)>	<MakeStatement>	<Military_Personnel_-_Special_(Nigeria)>
<Police_(Kenya)>	<MakeStatement>	<Immigrants_(Ethiopia)>
<Cameroon>	<Make_a_visit>	<Angola>
<Benjamin_Netanyahu>	<MakeStatement>	<Israeli_Defense_Forces>
<Nationalist_Movement_Party>	<MakeStatement>	<Party_Member_(Turkey)>
<Mohammad_Javad_Zarif>	<MakeStatement>	<Afghanistan>
<Human_Rights_Watch>	<MakeStatement>	<Lawyer/Attorney_(Australia)>
<Government_(Croatia)>	<MakeStatement>	<Ministry_(Croatia)>
<Police_(Slovakia)>	<MakeStatement>	<Ri_Su_Yong>
<City_Mayor_(South_Africa)>	<MakeStatement>	<Government_(South_Africa)>
<Royal_Air_Force>	<MakeStatement>	<Attack_Craft_(United_Kingdom)>
<Abdel_Fattah_Al-Sisi>	<MakeStatement>	<Secretariat_(Egypt)>
<Tomislav_Nikolić>	<MakeStatement>	<European_Parliament>
<Vietnam>	<MakeStatement>	<Military_(Vietnam)>
<Hezbe_Wahdat>	<MakeStatement>	<Nadine_Heredia>
<Foreign_Affairs_(Israel)>	<Make_an_appeal_or_request>	<Iran>
<Chris_Alexander>	<MakeStatement>	<Canada>
<Foreign_Affairs_(Russia)>	<MakeStatement>	<North_Atlantic_Treaty_Organization>
<Juan_Carlos_Pinzon>	<Accuse>	<National_Liberation_Army>
<David_Choquehuanca>	<MakeStatement>	<Bolivia>
<Prayuth_Chan-ocha>	<MakeStatement>	<National_Council_for_Peace_and_Order_of_Thailand>
<Iran>	<Host_a_visit>	<Member_of_Legislative_(Govt)_(Slovenia)>
<Military_(China)>	<Meet_at_a_'third'_location>	<Military_Personnel_(United_States)>
<France>	<MakeStatement>	<South_Korea>
<Iran>	<MakeStatement>	<Edgars_Rinkevics>
<Israeli_Defense_Forces>	<MakeStatement>	<Iran>
<John_Kerry>	<Demand_change_in_institutions_regime>	<Iraq>
<Salah_al-Bardawil>	<MakeStatement>	<Government_(Palestinian_Territory_Occupied)>
<Citizen_(India)>	<Accuse>	<Akali_Leader>
<Sadiq_al-Mahdi>	<MakeStatement>	<Government_(Sudan)>
<North_Korea>	<MakeStatement>	<Japan>
<Afghanistan>	<MakeStatement>	<Armed_Band_(Afghanistan)>
<Daniel_Russel>	<Make_a_visit>	<Japan>
<Military_(Cambodia)>	<Cooperate_militarily>	<Military_(Vietnam)>
<Head_of_Government_(India)>	<MakeStatement>	<Islamic_(India)>
<Myanmar>	<Host_a_visit>	<Kyung-wha_Kang>
<Nhial_Deng_Nhial>	<MakeStatement>	<Ethiopia>
<Court_Judge_(Namibia)>	<MakeStatement>	<African_Union>
<Ministry_(Angola)>	<MakeStatement>	<Angola>
<Head_of_Government_(India)>	<Appeal_for_material_cooperation>	<Citizen_(India)>
<Government_(Germany)>	<Praise_or_endorse>	<Serbia>
<Iran>	<Engage_in_diplomatic_cooperation>	<Afghanistan>
<Mainland_Affairs_Council>	<MakeStatement>	<China>
<Military_(China)>	<MakeStatement>	<Iran>
<Eda_Rivas>	<Consult>	<Heraldo_Muñoz>
<Media_Personnel_(Somalia)>	<MakeStatement>	<Al-Shabaab>
<South_Africa>	<Engage_in_diplomatic_cooperation>	<Iran>
<Didier_Burkhalter>	<MakeStatement>	<Abdul_Aziz>
<France>	<Host_a_visit>	<Iran>
<China>	<Engage_in_diplomatic_cooperation>	<Iran>
<Uhuru_Muigai_Kenyatta>	<Engage_in_symbolic_act>	<Citizen_(Kenya)>
<Doctors_Without_Borders>	<Provide_economic_aid>	<Guinea>
<Jean_Qahwaji>	<Consult>	<Nabih_Berri>
<Armed_Gang_(Djibouti)>	<Carry_out_suicide_bombing>	<Djibouti>
<Citizen_(Nigeria)>	<Make_optimistic_comment>	<Head_of_Government_(Nigeria)>
<Afghanistan>	<Reduce_relations>	<Employee_(Afghanistan)>
<Melissa_Fleming>	<MakeStatement>	<Asylum_Seeker_(Sudan)>
<Xi_Jinping>	<MakeStatement>	<Tanzania>
<Mohammad_Reza_Naqdi>	<MakeStatement>	<Iran>
<Chongwadai>	<MakeStatement>	<Government_(United_States)>
<Citizen_(Kenya)>	<Make_an_appeal_or_request>	<Lawyer/Attorney_(Kenya)>
<Military_Personnel_(Nigeria)>	<Use_conventional_military_force>	<Citizen_(Nigeria)>
<Political_Parties_(Haiti)>	<Demonstrate_for_leadership_change>	<Head_of_Government_(Haiti)>
<Activist_(France)>	<MakeStatement>	<France>
<Philipp_Rösler>	<MakeStatement>	<Vietnam>
<Saada_Mkuya_Salum>	<MakeStatement>	<Military_Personnel_(Yemen)>
<Alexander_Lukashevich>	<MakeStatement>	<Sergey_Viktorovich_Lavrov>
<Iran>	<MakeStatement>	<Barack_Obama>
<Abdol-Reza_Mesri>	<MakeStatement>	<European_Parliament>
<Military_Personnel_-_Special_(Cameroon)>	<MakeStatement>	<Argentine_Naval_Prefecture>
<Yves-Fran_Francois_Blanchet>	<MakeStatement>	<Canada>
<Criminal_(Egypt)>	<MakeStatement>	<Ministry_(Nigeria)>
<Head_of_Government_(Ecuador)>	<MakeStatement>	<Government_(Ecuador)>
<Al_Arabiya>	<MakeStatement>	<Royal_Administration_(Saudi_Arabia)>
<Company_-_Owner_or_Operator_(Turkey)>	<Consult>	<Ethiopia>
<Kaci_Hickox>	<MakeStatement>	<Nurse_(United_States)>
<Head_of_Government_(Ukraine)>	<MakeStatement>	<Verkhovna_Rada>
<Lithuanian_Armed_Forces>	<Cooperate_militarily>	<Army_National_Guard_(Lithuania)>
<Justice_Department/Ministery_(Libya)>	<MakeStatement>	<Ahmed_Abu_Khatallah>
<Uhuru_Muigai_Kenyatta>	<MakeStatement>	<Qatar>
<Citizen_(Brazil)>	<Criticize_or_denounce>	<Gilberto_Kassab>
<Citizen_(India)>	<Make_pessimistic_comment>	<Amit_Shah>
<China>	<MakeStatement>	<Iran>
<Domestic_Affairs_(France)>	<MakeStatement>	<France>
<Ram_Paswan>	<MakeStatement>	<Inspector_General_(Philippines)>
<Director_General_(Russia)>	<MakeStatement>	<Business_(Russia)>
<Catherine_Ashton>	<Consult>	<Iran>
<Pasuya_Yao>	<MakeStatement>	<Japan>
<Barack_Obama>	<Express_intent_to_de-escalate_military_engagement>	<Afghanistan>
<Ministry_(Nigeria)>	<MakeStatement>	<Farm_Worker_(Nigeria)>
<Nuri_al-Maliki>	<Increase_police_alert_status>	<Iraq>
<Media_Personnel_(Honduras)>	<MakeStatement>	<Court_Judge_(Honduras)>
<James_Ongwae>	<MakeStatement>	<Media_(Africa)>
<Party_President_(Romania)>	<MakeStatement>	<Klaus_Johannis>
<James_Selfe>	<MakeStatement>	<Media_Personnel_(United_States)>
<Angela_Merkel>	<MakeStatement>	<Government_(Germany)>
<Sergey_Viktorovich_Lavrov>	<Make_pessimistic_comment>	<John_Kerry>
<Protester_(Indonesia)>	<MakeStatement>	<Ashraf_Ghani_Ahmadzai>
<John_Kerry>	<MakeStatement>	<Angola>
<Prayuth_Chan-ocha>	<MakeStatement>	<Government_(Qatar)>
<Head_of_Government_(China)>	<MakeStatement>	<Businessperson_(China)>
<Sean_Edwards>	<MakeStatement>	<Police_(United_States)>
<Herve_Ladsous>	<MakeStatement>	<Provincial_Officials_(China)>
<Mohammad_Javad_Zarif>	<Express_intent_to_meet_or_negotiate>	<Iran>
<Other_Authorities_/_Officials_(Turkey)>	<Provide_humanitarian_aid>	<Iraq>
<Head_of_Government_(Chile)>	<MakeStatement>	<City_Mayor_(Chile)>
<Iraq>	<Express_intent_to_meet_or_negotiate>	<North_Atlantic_Treaty_Organization>
<France>	<Engage_in_negotiation>	<Iran>
<Head_of_Government_(India)>	<MakeStatement>	<China>
<John_Kerry>	<Appeal_for_change_in_institutions_regime>	<Iraq>
<Angela_Merkel>	<Discuss_by_telephone>	<François_Hollande>
<Human_Rights_Watch>	<Praise_or_endorse>	<Sudan>
<China>	<Accuse>	<Uighur_(China)>
<Terrorist_Leader_(Al_Qaeda)>	<Use_unconventional_violence>	<Police_(Yemen)>
<Lawyer/Attorney_(Philippines)>	<MakeStatement>	<Justice_Department/Ministery_(Philippines)>
<UN_Security_Council>	<MakeStatement>	<Other_Authorities_/_Officials_(Russia)>
<Daniel_Russel>	<MakeStatement>	<Armed_Gang_(United_States)>
<National_Coalition_Party>	<MakeStatement>	<Alexander_Stubb>
<François_Hollande>	<MakeStatement>	<France>
<Office_of_the_United_Nations_High_Commissioner_for_Human_Rights>	<MakeStatement>	<Military_Personnel_-_Special_(Guinea)>
<Blogger_(Australia)>	<MakeStatement>	<Police_(Australia)>
<Hau_Lung-pin>	<Make_a_visit>	<China>
<National_Economic_Council_(Nigeria)>	<MakeStatement>	<Medical_Personnel_(Nigeria)>
<Zhang_Dejiang>	<Express_intent_to_meet_or_negotiate>	<Angela_Merkel>
<Governor_(Kenya)>	<MakeStatement>	<James_Ongwae>
<Foreign_Affairs_(United_States)>	<MakeStatement>	<Angola>
<Liu_Jieyi>	<MakeStatement>	<China>
<Police_(Kenya)>	<Arrest_detain_or_charge_with_legal_action>	<Women_(Kenya)>
<Afghan_National_Army>	<MakeStatement>	<Other_Authorities_/_Officials_(Russia)>
<Canada>	<Consult>	<Labor_Union_(Canada)>
<Malaysia>	<MakeStatement>	<Armed_Rebel_(Ukraine)>
<Micky_Rosenfeld>	<MakeStatement>	<Tourist_(United_States)>
<Iran>	<Engage_in_symbolic_act>	<Abdel_Fattah_Al-Sisi>
<Ishaq_Dar>	<MakeStatement>	<Government_(Pakistan)>
<Ministry_(Iran)>	<MakeStatement>	<Iran>
<Media_Personnel_(New_Zealand)>	<MakeStatement>	<Government_(New_Zealand)>
<Juan_Antonio_Coloma>	<MakeStatement>	<Foreign_Affairs_(Chile)>
<Jonah_David_Jang>	<MakeStatement>	<Government_(Nigeria)>
<Israeli_Defense_Forces>	<MakeStatement>	<Al_Jazeera>
<Joseph_Robinette_Biden>	<Make_pessimistic_comment>	<Iraq>
<Muslim_(Nigeria)>	<Use_conventional_military_force>	<Education_(Nigeria)>
<Hung_Hsiu-chu>	<MakeStatement>	<Abdul_Aziz>
<North_American_Aerospace_Defense_Command>	<MakeStatement>	<Military_(Russia)>
<Militant_(Yemen)>	<MakeStatement>	<Police_(Australia)>
<Sergey_Viktorovich_Lavrov>	<MakeStatement>	<RIA_Novosti>
<Barack_Obama>	<MakeStatement>	<Government_(Syria)>
<France>	<Criticize_or_denounce>	<Government_(France)>
<Intelligence_and_Security_Committee>	<MakeStatement>	<Court_Judge_(Honduras)>
<John_Kerry>	<Express_intent_to_meet_or_negotiate>	<United_Arab_Emirates>
<Media_Personnel_(Pakistan)>	<MakeStatement>	<Abdul_Aziz>
<United_Arab_Emirates>	<MakeStatement>	<Raúl_Castro>
<Ravi_Shankar_Prasad>	<MakeStatement>	<Head_of_Government_(India)>
<China>	<Praise_or_endorse>	<Kuwait>
<Party_Member_(Japan)>	<MakeStatement>	<Japan>
<Likud>	<Praise_or_endorse>	<Reuven_Rivlin>
<China>	<Express_intent_to_engage_in_diplomatic_cooperation_(such_as_policy_support)>	<Cambodia>
<Militant_(Taliban)>	<Use_unconventional_violence>	<North_Atlantic_Treaty_Organization>
<Cabinet_/_Council_of_Ministers_/_Advisors_(Japan)>	<Express_intent_to_engage_in_diplomatic_cooperation_(such_as_policy_support)>	<Japan>
<Kuwait>	<Express_intent_to_meet_or_negotiate>	<Police_(Egypt)>
<Taufa'ahau_Tupou_IV>	<MakeStatement>	<Tonga>
<Xi_Jinping>	<Make_an_appeal_or_request>	<Other_Authorities_/_Officials_(China)>
<Scholar_(Russia)>	<Criticize_or_denounce>	<Barack_Obama>
<Scientist_(France)>	<MakeStatement>	<Environmentalist_(France)>
<Malaysia>	<Host_a_visit>	<Indigenous_People_(Bangladesh)>
<High_Ranking_Military_Personnel_(Jordan)>	<MakeStatement>	<Ministry_(Jordan)>
<Cabinet_/_Council_of_Ministers_/_Advisors_(United_States)>	<Consult>	<Radoslaw_Sikorski>
<Kazakhstan>	<Make_an_appeal_or_request>	<Citizen_(South_Korea)>
<Cheng_Yonghua>	<MakeStatement>	<China>
<Court_Judge_(United_Kingdom)>	<Express_intent_to_cooperate>	<Citizen_(United_Kingdom)>
<Iran>	<MakeStatement>	<Mohammad_Javad_Zarif>
<Employee_(Tanzania)>	<Consult>	<Healthcare_Facility_(Tanzania)>
<Royal_Administration_(Nigeria)>	<Make_an_appeal_or_request>	<Government_(Nigeria)>
<Head_of_Government_(Egypt)>	<MakeStatement>	<Boko_Haram>
<Domestic_Affairs_(Australia)>	<Deny_responsibility>	<Police_(Australia)>
<Edwin_Kanguatjivi>	<MakeStatement>	<Police_(Namibia)>
<Military_(Jordan)>	<MakeStatement>	<Romania>
<Yoon_Sang-jick>	<MakeStatement>	<South_Korea>
<China>	<Accuse>	<Vietnam>
<UN_Security_Council>	<Demand>	<Ethiopia>
<Election_Commission_(Fiji)>	<MakeStatement>	<Political_Parties_(Fiji)>
<Other_Authorities_/_Officials_(Zimbabwe)>	<MakeStatement>	<Federal_Police>
<Miguel_Ángel_Osorio_Chong>	<MakeStatement>	<Government_(Mexico)>
<Foreign_Affairs_(United_States)>	<MakeStatement>	<South_Sudan>
<Nuri_al-Maliki>	<MakeStatement>	<Air_Force_(Iraq)>
<Sergey_Viktorovich_Lavrov>	<Consult>	<John_Kerry>
<Police_(Australia)>	<Arrest_detain_or_charge_with_legal_action>	<Women_(Australia)>
<Association_of_Southeast_Asian_Nations>	<MakeStatement>	<Head_of_Government_(Ukraine)>
<Alfred_Romualdez>	<MakeStatement>	<Philippines>
<Noh_Kwang-il>	<MakeStatement>	<South_Korea>
<Christoforos_Fokaides>	<Express_intent_to_meet_or_negotiate>	<France>
<Military_Personnel_(Uganda)>	<Accuse>	<Citizen_(Uganda)>
<Activist_(Colombia)>	<MakeStatement>	<Lawyer/Attorney_(Colombia)>
<Industrial_/_Textiles_/_Mining_Ministry_(China)>	<MakeStatement>	<China>
<Head_of_Government_(Senegal)>	<MakeStatement>	<Kidnapper_(Mexico)>
<Sergey_Viktorovich_Lavrov>	<MakeStatement>	<Joseph_Robinette_Biden>
<Dino_Melaye>	<Bring_lawsuit_against>	<Citizen_(Nigeria)>
<Head_of_Government_(Bahamas)>	<MakeStatement>	<Government_(Bahamas)>
<Military_(France)>	<MakeStatement>	<Military_(Central_African_Republic)>
<Benjamin_Netanyahu>	<MakeStatement>	<Iran>
<Scholar_(Russia)>	<MakeStatement>	<Liberals_(Canada)>
<Congress_(Argentina)>	<MakeStatement>	<Guy_Scott>
<John_Kerry>	<MakeStatement>	<North_Korea>
<China>	<Reject>	<North_Korea>
<Citizen_(India)>	<Demonstrate_or_rally>	<Employee_(India)>
<Serbia>	<Host_a_visit>	<Sergey_Viktorovich_Lavrov>
<China>	<Criticize_or_denounce>	<Kim_Jong-Un>
<Media_Personnel_(Pakistan)>	<MakeStatement>	<Cleric_(Pakistan)>
<Foreign_Affairs_(South_Korea)>	<Appeal_for_judicial_cooperation>	<Foreign_Affairs_(United_States)>
<Vietnam>	<Accuse>	<China>
<Ministry_(France)>	<MakeStatement>	<France>
<Mathias_Meinrad_Chikawe>	<Host_a_visit>	<Meng_Jianzhu>
<Wang_Anshun>	<MakeStatement>	<China>
<Chuck_Hagel>	<Make_a_visit>	<Romania>
<Virgin_Atlantic_Airways>	<MakeStatement>	<Air_France>
<Nikos_Christodoulides>	<MakeStatement>	<Nicos_Anastasiades>
<Ministry_(La_Francophonie)>	<MakeStatement>	<Canada>
<Police_(Kenya)>	<MakeStatement>	<The_Standard>
<Bala_Abdulkadir_Mohammed>	<MakeStatement>	<Government_(Nigeria)>
<China>	<Make_an_appeal_or_request>	<Philippines>
<Media_Personnel_(Saudi_Arabia)>	<MakeStatement>	<Media_(Saudi_Arabia)>
<Guatemala>	<MakeStatement>	<Bala_Abdulkadir_Mohammed>
<Japan>	<Engage_in_diplomatic_cooperation>	<Iran>
<Nationalist_Movement_Party>	<Use_conventional_military_force>	<Citizen_(Turkey)>
<Marou_Amadou>	<MakeStatement>	<Attacker_(Niger)>
<Employee_(India)>	<Praise_or_endorse>	<Bhupinder_Singh_Hooda>
<Xi_Jinping>	<MakeStatement>	<Military_(China)>
<Cambodia>	<Accuse>	<Military_(Thailand)>
<Militant_(Kurdistan_Workers'_Party)>	<MakeStatement>	<Fernando_Henrique_Cardoso>
<Awami_(People's)_League>	<MakeStatement>	<Government_(South_Africa)>
<Police_(Kenya)>	<MakeStatement>	<Mob_(Kenya)>
<Gilles_Jaron>	<MakeStatement>	<Military_(France)>
<Ministry/Department_of_Technology_(Iraq)>	<MakeStatement>	<Militant_(Iraq)>
<Tan_Sri_Muhyiddin_Yassin>	<Praise_or_endorse>	<Ministry_(Malaysia)>
<Head_of_Government_(Egypt)>	<Reject>	<Barack_Obama>
<Supreme_Council_(Iraq)>	<MakeStatement>	<Court_Judge_(Iraq)>
<Royal_Administration_(Iraq)>	<MakeStatement>	<Iraq>
<Israeli_Defense_Forces>	<Use_conventional_military_force>	<Children_(Palestinian_Territory_Occupied)>
<Malawi_Electoral_Commission>	<MakeStatement>	<Political_Parties_(Malawi)>
<Barack_Obama>	<MakeStatement>	<Xi_Jinping>
<Ram_Paswan>	<Express_intent_to_cooperate>	<Citizen_(India)>
<Member_of_Parliament_(Iran)>	<MakeStatement>	<Mohammad_Javad_Zarif>
<Greenpeace>	<MakeStatement>	<Activist_(United_States)>
<Military_Personnel_-_Special_(Cameroon)>	<Use_conventional_military_force>	<Militant_(Boko_Haram)>
<Foreign_Affairs_(United_States)>	<Express_intent_to_meet_or_negotiate>	<Iraq>
<Angela_Merkel>	<MakeStatement>	<Head_of_Government_(Bulgaria)>
<Joseph_Ole_Lenku>	<MakeStatement>	<High_Commission_for_Refugees>
<Head_of_Government_(Egypt)>	<Demand>	<Other_Authorities_/_Officials_(Egypt)>
<Iran>	<Arrest_detain_or_charge_with_legal_action>	<Blogger_(Iran)>
<Party_Member_(Japan)>	<Criticize_or_denounce>	<Japan>
<Joe_Oliver>	<MakeStatement>	<Barack_Obama>
<Professor_(Australia)>	<Make_an_appeal_or_request>	<Citizen_(Australia)>
<Citizen_(India)>	<Demand>	<Shiv_Sena>
<Militant_(Kurdistan_Workers'_Party)>	<Abduct_hijack_or_take_hostage>	<Citizen_(Turkey)>
<Military_Personnel_(Nigeria)>	<MakeStatement>	<Government_(Nigeria)>
<Director_General_(Cambodia)>	<MakeStatement>	<Cambodia>
<Legislature_(China)>	<MakeStatement>	<China>
<Government_(Argentina)>	<Accuse>	<Daniel_Scioli>
<Domestic_Affairs_(Spain)>	<MakeStatement>	<Civil_Guard>
<Limpopo_Police>	<MakeStatement>	<Chevron>
<Mohamed_Ould_Abdel_Aziz>	<Rally_opposition_against>	<Presidential_Candidate_(Mauritania)>
<Sunil_Kumar>	<Express_intent_to_cooperate>	<Citizen_(India)>
<Uhuru_Muigai_Kenyatta>	<Reject>	<Al-Shabaab>
<Japan>	<MakeStatement>	<North_Korea>
<Mahamat_Saleh_Annadif>	<MakeStatement>	<African_Union>
<Police_(Poland)>	<MakeStatement>	<Thief_(Poland)>
<Dinka>	<MakeStatement>	<Riek_Machar>
<Cambodia>	<Host_a_visit>	<Fumio_Kishida>
<Afghanistan>	<MakeStatement>	<Abdullah_Abdullah>
<Mohammad_Javad_Zarif>	<Make_optimistic_comment>	<Iran>
<China>	<Provide_economic_aid>	<Iraq>
<Guenther_Oettinger>	<Express_intent_to_meet_or_negotiate>	<Arseniy_Yatsenyuk>
<Military_Personnel_-_Special_(Kenya)>	<MakeStatement>	<Employee_(Bosnia_and_Herzegovina)>
<John_Kerry>	<MakeStatement>	<Haider_Al-Abadi>
<Police_(Australia)>	<MakeStatement>	<Media_Personnel_(Australia)>
<Fumio_Kishida>	<MakeStatement>	<Japan>
<Foreign_Affairs_(United_States)>	<MakeStatement>	<Political_Parties_(Kosovo)>
<China>	<MakeStatement>	<Japan>
<Business_(Netherlands)>	<MakeStatement>	<France>
<Head_of_Government_(India)>	<MakeStatement>	<Employee_(India)>
<Military_Advisor_(United_States)>	<MakeStatement>	<Franklin_Drilon>
<Barack_Obama>	<MakeStatement>	<Military_(Russia)>
<Oommen_Chandy>	<MakeStatement>	<Revolutionary_Socialist_Party>
<North_Korea>	<Express_intent_to_meet_or_negotiate>	<Iran>
<Chaturon_Chaisang>	<MakeStatement>	<Ministry_(Thailand)>
<Media_Personnel_(Somalia)>	<MakeStatement>	<Media_(Africa)>
<Professor_(South_Korea)>	<MakeStatement>	<Treasury/Finance_Ministry_(Czech_Republic)>
<Ministry_(Bosnia_and_Herzegovina)>	<MakeStatement>	<Employee_(Bosnia_and_Herzegovina)>
<Foreign_Affairs_(Ukraine)>	<Consult>	<Foreign_Affairs_(Russia)>
<Paul_Kagame>	<MakeStatement>	<Associated_Press>
<Justice_Department/Ministery_(Senegal)>	<MakeStatement>	<Karim_Wade>
<Sergey_Viktorovich_Lavrov>	<MakeStatement>	<Iran>
<Police_(Kenya)>	<Arrest_detain_or_charge_with_legal_action>	<Citizen_(Kenya)>
<Somen_Mitra>	<MakeStatement>	<United_Progressive_Alliance>
<Bismillah_Khan_Mohammadi>	<MakeStatement>	<Afghanistan>
<Militant_(Iraq)>	<Abduct_hijack_or_take_hostage>	<Citizen_(Turkey)>
<Mohamed_Osman_Jawari>	<MakeStatement>	<Iran>
<Ministry_(Angola)>	<MakeStatement>	<Government_(Angola)>
<Frederick_Fasehun>	<Make_an_appeal_or_request>	<Government_(Nigeria)>
<Vietnam>	<Praise_or_endorse>	<Thailand>
<Head_of_Government_(Mauritania)>	<MakeStatement>	<Government_(Mauritania)>
<Ibrahim_Boubacar_Keïta>	<MakeStatement>	<France>
<Citizen_(Nigeria)>	<MakeStatement>	<Employee_(Kuwait)>
<Royal_Administration_(Saudi_Arabia)>	<MakeStatement>	<Nicos_Anastasiades>
<Afghanistan>	<Host_a_visit>	<Employee_(India)>
<Marziyeh_Afkham>	<Make_pessimistic_comment>	<Iraq>
<Head_of_Government_(Senegal)>	<Host_a_visit>	<Macky_Sall>
<South_Korea>	<Sign_formal_agreement>	<Canada>
<Al-Shabaab>	<MakeStatement>	<Police_(Dominican_Republic)>
<Police_(Egypt)>	<Provide_aid>	<Women_(Egypt)>
<Philippines>	<Reject>	<China>
<Trade_Official_(Iran)>	<MakeStatement>	<Iran>
<Yoani_Sánchez>	<MakeStatement>	<Government_(United_States)>
<Manuel_Monteiro_de_Castro>	<MakeStatement>	<Police_(Dominican_Republic)>
<Yemi_Osinbajo>	<MakeStatement>	<Muhammadu_Buhari>
<Sushil_Koirala>	<Make_a_visit>	<China>
<Legislature_(Argentina)>	<MakeStatement>	<Guerrilla_(Revolutionary_Armed_Forces_of_Colombia)>
<Foreign_Affairs_(Russia)>	<MakeStatement>	<Terrorist_Leader_(Syria)>
<Frederick_Fasehun>	<MakeStatement>	<Business_(Tonga)>
<Maxon_Mbendera>	<MakeStatement>	<Malawi_Electoral_Commission>
<John_Walker>	<MakeStatement>	<Thief_(United_States)>
<Head_of_Government_(Nigeria)>	<MakeStatement>	<Court_Judge_(Nigeria)>
<Military_Ruler_(Thailand)>	<MakeStatement>	<Malawi>
<Environment_Department/Ministry_(Malaysia)>	<MakeStatement>	<Malaysia>
<Andrej_Babis>	<Praise_or_endorse>	<Helena_Valkova>
<Court_Judge_(United_Kingdom)>	<Demand>	<Men_(United_Kingdom)>
<Ministry_(Liberia)>	<MakeStatement>	<Employee_(Liberia)>
<Ministry_(Iran)>	<MakeStatement>	<Morocco>
<Sergey_Viktorovich_Lavrov>	<Praise_or_endorse>	<Pavlo_Klimkin>
<Farm_Worker_(Thailand)>	<MakeStatement>	<Asylum_Seeker_(Sudan)>
<Political_Parties_(Haiti)>	<MakeStatement>	<Daily_Monitor>
<Member_of_the_Judiciary_(United_States)>	<Reject>	<Government_(Argentina)>
<Labor_Union_(Brazil)>	<Reject>	<Citizen_(Brazil)>
<Pol_Gen_Somyot_Poompanmoung>	<MakeStatement>	<Police_(Hong_Kong)>
<Media_Personnel_(Pakistan)>	<MakeStatement>	<Imran_Khan>
<Government_Official_(Thailand)>	<Consult>	<Thailand>
<Israeli_Defense_Forces>	<MakeStatement>	<Hamas>
<Andrej_Kiska>	<Consult>	<Milos_Zeman>
<Foreign_Affairs_(Russia)>	<MakeStatement>	<Sergey_Viktorovich_Lavrov>
<Cameroon>	<MakeStatement>	<Aam_Aadmi_Party>
<China>	<Host_a_visit>	<Hau_Lung-pin>
<Police_(Malaysia)>	<MakeStatement>	<Malaysia>
<Lawmaker_(Spain)>	<MakeStatement>	<Governor_(Spain)>
<Military_(Thailand)>	<Use_unconventional_violence>	<Thaksin_Shinawatra>
<Sujatha_Singh>	<MakeStatement>	<Insurgent_(Thailand)>
<Ahmed_Abu_Khatallah>	<MakeStatement>	<Domestic_Affairs_(Kenya)>
<United_Arab_Emirates>	<Express_intent_to_cooperate>	<Ethiopia>
<France>	<MakeStatement>	<Benjamin_Netanyahu>
<Police_(Sudan)>	<Impose_blockade_restrict_movement>	<Sudan>
<Government_(United_States)>	<Provide_aid>	<Government_(Nigeria)>
<Governor_(Somalia)>	<MakeStatement>	<Combatant_(Al-Shabaab)>
<Serbia>	<MakeStatement>	<International_Monetary_Fund>
<Sergey_Viktorovich_Lavrov>	<Express_intent_to_meet_or_negotiate>	<Serbia>
<Nuri_al-Maliki>	<Consult>	<John_Kerry>
<Ashraf_Ghani_Ahmadzai>	<MakeStatement>	<North_Atlantic_Treaty_Organization>
<Public_Prosecutor_(New_Zealand)>	<MakeStatement>	<Business_(New_Zealand)>
<Tsvetlin_Yovchev>	<MakeStatement>	<Police_(Bulgaria)>
<Member_of_Parliament_(Iran)>	<MakeStatement>	<Iran>
<Association_of_Southeast_Asian_Nations>	<Engage_in_diplomatic_cooperation>	<China>
<Yi_Xianliang>	<MakeStatement>	<China>
<Afghanistan>	<Engage_in_diplomatic_cooperation>	<Iraq>
<Vanguard>	<MakeStatement>	<Independence_Party>
<Terrorist_Leader_(Syria)>	<Use_unconventional_violence>	<Citizen_(Australia)>
<Barack_Obama>	<MakeStatement>	<Military_(China)>
<Chiang_Wei-ling>	<MakeStatement>	<Education_Ministry_(Taiwan)>
<International_Monetary_Fund>	<MakeStatement>	<Mexico>
<Police_(El_Salvador)>	<MakeStatement>	<Antonio_Guerrero_Rodríguez>
<Civic_Group_(Afghanistan)>	<MakeStatement>	<Election_Commission_(Afghanistan)>
<Head_of_Government_(Afghanistan)>	<Demand>	<Afghanistan>
<Philippines>	<Arrest_detain_or_charge_with_legal_action>	<Abu_Sayyaf>
<Hezbe_Wahdat>	<Praise_or_endorse>	<Abdullah_Abdullah>
<Criminal_(Venezuela)>	<Use_unconventional_violence>	<Businessperson_(Germany)>
<Government_(Mexico)>	<MakeStatement>	<Mexico>
<Legislature_(Mongolia)>	<MakeStatement>	<Chimed_Saikhanbileg>
<UN_Security_Council>	<Criticize_or_denounce>	<Abdullah_Abdullah>
<Barack_Obama>	<Discuss_by_telephone>	<Mexico>
<Foreign_Affairs_(South_Korea)>	<Make_a_visit>	<Khalid_bin_Ali_Al_Khalifa>
<Nigerian_Governors_Forum>	<Praise_or_endorse>	<Alex_Badeh>
<Cleric_(Nigeria)>	<MakeStatement>	<Boko_Haram>
<Iraq>	<MakeStatement>	<Business_(Iraq)>
<Armed_Band_(Argentina)>	<MakeStatement>	<Tea_Banh>
<Daniel_Russel>	<Express_intent_to_meet_or_negotiate>	<Myanmar>
<Royal_Bank_of_Scotland>	<MakeStatement>	<Barclays_PLC>
<Presidential_Candidate_(Argentina)>	<MakeStatement>	<Pavel_Gubarev>
<City_Mayor_(Somalia)>	<MakeStatement>	<Cabinet_/_Council_of_Ministers_/_Advisors_(Somalia)>
<Sheikh_Hasina_Wajed>	<Express_intent_to_meet_or_negotiate>	<Hun_Sen>
<Angola>	<MakeStatement>	<Congo>
<Governor_(Kenya)>	<MakeStatement>	<Government_(Kenya)>
<John_Boehner>	<MakeStatement>	<Iraq>
<Head_of_Government_(Nigeria)>	<MakeStatement>	<Government_(Nigeria)>
<Paolo_Gentiloni>	<MakeStatement>	<Iran>
<South_Korea>	<MakeStatement>	<North_Korea>
<Peter_O'Neill>	<MakeStatement>	<National_Liberation_Army>
<William_Ruto>	<MakeStatement>	<Military_Personnel_-_Special_(Kenya)>
<Ahmad_Zahid_Hamidi>	<MakeStatement>	<Police_(Malaysia)>
<Other_Authorities_/_Officials_(Nigeria)>	<MakeStatement>	<Education_(Nigeria)>
<Other_Authorities_/_Officials_(Egypt)>	<Make_an_appeal_or_request>	<Government_(United_States)>
<Yasuo_Fukuda>	<MakeStatement>	<Japan>
<Uighur_(China)>	<MakeStatement>	<China>
<Militant_(Taliban)>	<Abduct_hijack_or_take_hostage>	<Professor_(Afghanistan)>
<Joselito_Atienza>	<MakeStatement>	<Police_(Philippines)>
<Office_of_the_United_Nations_High_Commissioner_for_Human_Rights>	<Make_a_visit>	<Morocco>
<Sergey_Viktorovich_Lavrov>	<MakeStatement>	<UN_Security_Council>
<Head_of_Government_(China)>	<Make_a_visit>	<North_Korea>
<Barack_Obama>	<Praise_or_endorse>	<North_Atlantic_Treaty_Organization>
<Fumio_Kishida>	<Express_intent_to_meet_or_negotiate>	<Hun_Sen>
<David_Hanson>	<MakeStatement>	<France>
<Government_(Sudan)>	<Return_release_person(s)>	<Citizen_(Sudan)>
<Likud>	<MakeStatement>	<Government_(Pakistan)>
<Foreign_Affairs_(United_States)>	<Sign_formal_agreement>	<Andris_Vilks>
<Royal_Administration_(Portugal)>	<Express_intent_to_meet_or_negotiate>	<Morocco>
<North_Korea>	<Arrest_detain_or_charge_with_legal_action>	<Tourist_(United_States)>
<Party_President_(Zimbabwe)>	<MakeStatement>	<Military_(Russia)>
<Thief_(India)>	<MakeStatement>	<Cristina_Fernández_de_Kirchner>
<Ministry_of_Women_(India)>	<MakeStatement>	<Bhupinder_Singh_Hooda>
<Citizen_(South_Korea)>	<Make_an_appeal_or_request>	<Police_(South_Korea)>
<Saada_Mkuya_Salum>	<Meet_at_a_'third'_location>	<East_African_Community>
<Dominican_Republic>	<Host_a_visit>	<Turkish_Airlines>
<Abdullah_Abdullah>	<MakeStatement>	<Party_Member_(Afghanistan)>
<Employee_(India)>	<MakeStatement>	<Thief_(India)>
<Sergey_Viktorovich_Lavrov>	<MakeStatement>	<Victoria_Nuland>
<Commando_(India)>	<MakeStatement>	<Mark_Lyall_Grant>
<Civil_Aviation_Authority>	<MakeStatement>	<Vietnam>
<Pasuya_Yao>	<Discuss_by_telephone>	<Medical_Personnel_(Taiwan)>
<France>	<MakeStatement>	<Military_Personnel_(Mali)>
<Xi_Jinping>	<MakeStatement>	<Vietnam>
<East_African_Community>	<MakeStatement>	<Student_(Tanzania)>
<Children_(Guinea)>	<MakeStatement>	<UN_Security_Council>
<Benjamin_Netanyahu>	<MakeStatement>	<Haaretz>
<Bala_Abdulkadir_Mohammed>	<Engage_in_symbolic_act>	<Citizen_(Nigeria)>
<François_Hollande>	<Demand>	<Barack_Obama>
<Bank_(Poland)>	<Provide_humanitarian_aid>	<Government_(Poland)>
<Jeff_Seeney>	<Accuse>	<Citizen_(Australia)>
<Citizen_(India)>	<Use_unconventional_violence>	<Labor_Union_(India)>
<Police_(Kenya)>	<Accuse>	<Attacker_(Al-Shabaab)>
<Member_of_the_Judiciary_(Brazil)>	<MakeStatement>	<Joaquim_Barbosa>
<South_Africa>	<Consult>	<China>
<Government_(Mexico)>	<MakeStatement>	<Military_(Mexico)>
<Ukrinform>	<MakeStatement>	<Member_of_Parliament_(Ukraine)>
<Royal_Administration_(Saudi_Arabia)>	<Consult>	<Sergey_Viktorovich_Lavrov>
<Armed_Gang_(Afghanistan)>	<Use_unconventional_violence>	<Foreign_Affairs_(India)>
<Morteza_Sarmadi>	<MakeStatement>	<Iran>
<Government_(Mexico)>	<MakeStatement>	<Criminal_(Mexico)>
<Citizen_(Guinea)>	<MakeStatement>	<Frank_Bainimarama>
<Military_Personnel_-_Special_(Philippines)>	<Arrest_detain_or_charge_with_legal_action>	<Criminal_(Philippines)>
<Militant_(Yemen)>	<fight_with_small_arms_and_light_weapons>	<Police_(Yemen)>
<Ignazio_Marino>	<MakeStatement>	<City_Mayor_(Italy)>
<Foreign_Affairs_(Ukraine)>	<MakeStatement>	<Dmitry_Anatolyevich_Medvedev>
<Foreign_Affairs_(Russia)>	<MakeStatement>	<North_Korea>
<Marwan_Charbel>	<MakeStatement>	<Armed_Gang_(Lebanon)>
<Sushil_Koirala>	<MakeStatement>	<China>
<Vietnam>	<Occupy_territory>	<Cambodia>
<Barack_Obama>	<Praise_or_endorse>	<Poland>
<Jonah_David_Jang>	<Praise_or_endorse>	<Alex_Badeh>
<Citizen_(Brazil)>	<MakeStatement>	<Dalbir_Singh>
<Cleric_(Iraq)>	<Make_an_appeal_or_request>	<Nuri_al-Maliki>
<Military_Personnel_(Algeria)>	<MakeStatement>	<Al_Jazeera>
<Head_of_Government_(Nigeria)>	<Express_intent_to_cooperate>	<Citizen_(Nigeria)>
<Foreign_Affairs_(Middle_East)>	<Consult>	<John_Kerry>
<Yuriy_Lutsenko>	<MakeStatement>	<Head_of_Government_(Ukraine)>
<Foreign_Affairs_(United_States)>	<Make_an_appeal_or_request>	<Vietnam>
<High_Commission_(United_Kingdom)>	<MakeStatement>	<Afghanistan>
<Thief_(India)>	<fight_with_small_arms_and_light_weapons>	<Citizen_(India)>
<Yu_Zhengsheng>	<MakeStatement>	<Xi_Jinping>
<Foreign_Affairs_(United_States)>	<Make_a_visit>	<Mexico>
<Energy_Department/Ministry_(Zimbabwe)>	<MakeStatement>	<Ministry_(Zimbabwe)>
<China>	<Make_an_appeal_or_request>	<Citizen_(United_Kingdom)>
<People_Associated_with_the_Opposition_(Mauritania)>	<MakeStatement>	<Government_(Mauritania)>
<Uhuru_Muigai_Kenyatta>	<Express_intent_to_cooperate>	<Citizen_(Kenya)>
<Huang_Ching-tai>	<Demand>	<Government_Official_(Taiwan)>
<Bank_(Poland)>	<MakeStatement>	<Fidesz>
<Media_Personnel_(Saudi_Arabia)>	<MakeStatement>	<Agence_France-Presse>
<Eduardo_Buzzi>	<MakeStatement>	<Government_(Argentina)>
<North_Korea>	<Express_intent_to_meet_or_negotiate>	<Japan>
<Awami_(People's)_League>	<Criticize_or_denounce>	<Party_Member_(Bangladesh)>
<Mohammad_Javad_Zarif>	<MakeStatement>	<China>
<Citizen_(North_Korea)>	<MakeStatement>	<Cabinet_/_Council_of_Ministers_/_Advisors_(United_States)>
<Head_of_Government_(Ukraine)>	<MakeStatement>	<Military_(Russia)>
<Member_of_Legislative_(Govt)_(Kenya)>	<MakeStatement>	<Government_(Kenya)>
<Member_of_Parliament_(Iran)>	<MakeStatement>	<Government_(United_States)>
<Iran>	<MakeStatement>	<Morocco>
<North_Korea>	<MakeStatement>	<Tourist_(United_States)>
<Al-Shabaab>	<Acknowledge_or_claim_responsibility>	<Citizen_(Kenya)>
<Mainland_Affairs_Council>	<Sign_formal_agreement>	<Taiwan_Affairs_Office>
<Government_(Kenya)>	<MakeStatement>	<Rights_Activist_(Kenya)>
<Hannes_Swoboda>	<MakeStatement>	<European_Parliament>
<Foreign_Affairs_(United_States)>	<Consult>	<Yunus_Qanuni>
<Protester_(Pakistan)>	<Make_an_appeal_or_request>	<Government_(Pakistan)>
<Public_Courts_(Pakistan)>	<Make_an_appeal_or_request>	<Secretary_of_State_for_the_Home_Department>
<Frank_Mba>	<MakeStatement>	<Military_Personnel_-_Special_(Nigeria)>
<Xi_Jinping>	<MakeStatement>	<Michael_Sata>
<Lawyer/Attorney_(Indonesia)>	<MakeStatement>	<Police_(Indonesia)>
<Republican_Party_(Kenya)>	<MakeStatement>	<Government_(Sudan)>
<Other_Authorities_/_Officials_(Turkey)>	<MakeStatement>	<Hezbollah>
<Abdel_Fattah_Al-Sisi>	<MakeStatement>	<Army_Personnel_(Egypt)>
<Police_(Kenya)>	<fight_with_small_arms_and_light_weapons>	<Citizen_(Kenya)>
<Court_Judge_(Namibia)>	<Demand>	<Citizen_(Namibia)>
<Ministry_(Nigeria)>	<MakeStatement>	<Yemi_Osinbajo>
<Other_Authorities_/_Officials_(Jamaica)>	<MakeStatement>	<Police_(Jamaica)>
<Combatant_(Iraqi_Kurds)>	<Occupy_territory>	<Iraq>
<Media_Personnel_(Uganda)>	<MakeStatement>	<Lawyer/Attorney_(Uganda)>
<Tajikistan>	<MakeStatement>	<Turkish_Airlines>
<Medical_Personnel_(Cyprus)>	<MakeStatement>	<Defense_/_Security_Ministry_(Cyprus)>
<Public_Courts_(Pakistan)>	<MakeStatement>	<Mustafa_Abu_Shagur>
<Member_of_Parliament_(Iran)>	<Accuse>	<Qatar>
<Nuri_al-Maliki>	<MakeStatement>	<Legislature_(Iraq)>
<Military_Personnel_-_Special_(Sri_Lanka)>	<MakeStatement>	<Defense_/_Security_Ministry_(China)>
<Ministry_(Kuwait)>	<MakeStatement>	<Employee_(Kuwait)>
<Paul_Kagame>	<Make_an_appeal_or_request>	<Police_(Rwanda)>
<Foreign_Affairs_(Russia)>	<MakeStatement>	<Head_of_Government_(Ukraine)>
<Citizen_(Tanzania)>	<Appeal_for_diplomatic_cooperation_(such_as_policy_support)>	<Ministry_(Tanzania)>
<Labor_Union_(Brazil)>	<MakeStatement>	<Pope_Francis>
<Steven_Chu>	<MakeStatement>	<New_Zealand>
<Cabinet_/_Council_of_Ministers_/_Advisors_(Germany)>	<MakeStatement>	<International_Monetary_Fund>
<Legislature_(Russia)>	<MakeStatement>	<Benazir_Bhutto>
<Sergey_Viktorovich_Lavrov>	<MakeStatement>	<Pavel_Gubarev>
<Iran>	<Engage_in_diplomatic_cooperation>	<China>
<Professor_(Senegal)>	<MakeStatement>	<Abdoulaye_Wade>
<Iran>	<MakeStatement>	<Iraq>
<Ministry_(France)>	<Consult>	<François_Hollande>
<Armenia>	<Sign_formal_agreement>	<Iran>
<Philippines>	<Host_a_visit>	<USAID>
<Military_Personnel_-_Special_(Philippines)>	<MakeStatement>	<Abu_Sayyaf>
<Yunus_Qanuni>	<MakeStatement>	<Government_(Venezuela)>
<Benjamin_Netanyahu>	<MakeStatement>	<Hamas>
<Governor_(Kenya)>	<Threaten>	<Citizen_(Kenya)>
<Admiral_(Latvia)>	<MakeStatement>	<North_Atlantic_Treaty_Organization>
<Alfred_Romualdez>	<MakeStatement>	<Franklin_Drilon>
<Scientist_(France)>	<MakeStatement>	<Mwai_Kibaki>
<Police_(South_Africa)>	<fight_with_small_arms_and_light_weapons>	<Men_(South_Africa)>
<Eda_Rivas>	<MakeStatement>	<Mexico>
<Foreign_Affairs_(Malaysia)>	<MakeStatement>	<Iran>
<Civic_Party_(Hungary)>	<MakeStatement>	<Media_(Romania)>
<Head_of_Government_(Afghanistan)>	<MakeStatement>	<Movement_for_Democratic_Change>
<Ministry_(Iran)>	<Make_optimistic_comment>	<Business_(Iran)>
<Terrorist_Leader_(Al_Qaeda)>	<MakeStatement>	<Nadine_Heredia>
<Morteza_Sarmadi>	<Criticize_or_denounce>	<Iran>
<Vojtěch_Filip>	<MakeStatement>	<Communist_Party_of_Bohemia_and_Moravia>
<Government_Official_(Mali)>	<MakeStatement>	<Armed_Rebel_(Mali)>
<Emrullah_Isler>	<MakeStatement>	<Turkish_Airlines>
<Ministry_(Jamaica)>	<MakeStatement>	<Owen_Ellington>
<Protester_(Pakistan)>	<MakeStatement>	<Guerrilla_(Revolutionary_Armed_Forces_of_Colombia)>
<Professor_(France)>	<MakeStatement>	<Military_(France)>
<Party_President_(Zimbabwe)>	<Accuse>	<Morgan_Tsvangirai>
<Mohammad_Javad_Zarif>	<MakeStatement>	<France>
<Dawa_Khan_Minapal>	<MakeStatement>	<Armed_Band_(Afghanistan)>
<Foreign_Affairs_(Malaysia)>	<MakeStatement>	<Malaysia>
<Olajide_Laleye>	<MakeStatement>	<Boko_Haram>
<Ashraf_Ghani_Ahmadzai>	<MakeStatement>	<Election_Commission_(Afghanistan)>
<Party_Member_(Colombia)>	<MakeStatement>	<Medical_Personnel_(India)>
<China>	<Deny_responsibility>	<Vietnam>
<Japan>	<Engage_in_diplomatic_cooperation>	<North_Korea>
<Micky_Rosenfeld>	<MakeStatement>	<Criminal_(Israel)>
<Mohammad_Javad_Zarif>	<MakeStatement>	<Catherine_Ashton>
<Jeff_Seeney>	<Express_intent_to_meet_or_negotiate>	<Citizen_(Australia)>
<Environment_Department/Ministry_(Bangladesh)>	<MakeStatement>	<Oil_Tanker_(Bangladesh)>
<Ali_Jannati>	<MakeStatement>	<Iran>
<Uhuru_Muigai_Kenyatta>	<Rally_opposition_against>	<Citizen_(Kenya)>
<Irakli_Alasania>	<Make_a_visit>	<Northern_Ireland>
<Sabah_Khaled_Al-Hamad_Al-Sabah>	<MakeStatement>	<Kuwait>
<Alan_Peter_Cayetano>	<MakeStatement>	<Barack_Obama>
<Company_-_Owner_or_Operator_(Turkey)>	<MakeStatement>	<Armed_Rebel_(Yemen)>
<China>	<Veto>	<UN_Security_Council>
<François_Hollande>	<MakeStatement>	<European_Central_Bank>
<Human_Rights_Watch>	<MakeStatement>	<Immigrants_(Sudan)>
<Ogbeni_Rauf_Aregbesola>	<MakeStatement>	<Abdullah_Abdullah>
<Defense_/_Security_Ministry_(Armenia)>	<MakeStatement>	<Defense_/_Security_Ministry_(Azerbaijan)>
<Nuri_al-Maliki>	<Engage_in_diplomatic_cooperation>	<John_Kerry>
<Sheikh_Hasina_Wajed>	<MakeStatement>	<Japan>
<Zimbabwe_Union_of_Journalists>	<MakeStatement>	<Other_Authorities_/_Officials_(Zimbabwe)>
<Afghanistan>	<MakeStatement>	<Armed_Gang_(Afghanistan)>
<Military_Personnel_(Algeria)>	<MakeStatement>	<Gendermarie_(Algeria)>
<Iraq>	<MakeStatement>	<Iran>
<Ishaq_Dar>	<Make_an_appeal_or_request>	<Head_of_Government_(Pakistan)>
<Tony_Blair>	<Criticize_or_denounce>	<Nuri_al-Maliki>
<National_Security_Advisor_(Thailand)>	<MakeStatement>	<Malaysia>
<Bill_English>	<MakeStatement>	<Government_(New_Zealand)>
<Citizen_(Nigeria)>	<Abduct_hijack_or_take_hostage>	<Head_of_Government_(Nigeria)>
<Military_(Turkey)>	<MakeStatement>	<Combatant_(Turkey)>
<Citizen_(Nigeria)>	<Engage_in_symbolic_act>	<Indigenous_People_(Nigeria)>
<Joseph_Robinette_Biden>	<Consult>	<Nuri_al-Maliki>
<Emeka_Ihedioha>	<MakeStatement>	<Government_(Nigeria)>
<Milos_Zeman>	<Make_an_appeal_or_request>	<Abdel_Fattah_Al-Sisi>
<China>	<MakeStatement>	<Media_(Nigeria)>
<Citizen_(India)>	<Make_an_appeal_or_request>	<Nurse_(India)>
<Foreign_Affairs_(Middle_East)>	<MakeStatement>	<Government_(France)>
<Treasury/Finance_Ministry_(Czech_Republic)>	<MakeStatement>	<Ministry_(Czech_Republic)>
<Anifah_Aman>	<MakeStatement>	<Government_(New_Zealand)>
<Oommen_Chandy>	<Make_an_appeal_or_request>	<Member_of_Parliament_(India)>
<Middle_East>	<MakeStatement>	<United_Arab_Emirates>
<Foreign_Affairs_(Rwanda)>	<MakeStatement>	<South_Africa>
<Barack_Obama>	<MakeStatement>	<China>
<Labor_and_Employment_Ministry_(Nigeria)>	<MakeStatement>	<Government_(Nigeria)>
<Vanguard>	<Make_an_appeal_or_request>	<Citizen_(Nigeria)>
<Government_Official_(Thailand)>	<MakeStatement>	<Thailand>
<Head_of_Government_(China)>	<MakeStatement>	<China>
<Al-Shabaab>	<Use_conventional_military_force>	<Citizen_(Kenya)>
<Airline_(Libya)>	<MakeStatement>	<Other_Authorities_/_Officials_(Libya)>
<Myanmar>	<Praise_or_endorse>	<China>
<Treasury/Finance_Ministry_(Bangladesh)>	<MakeStatement>	<Employee_(Bangladesh)>
<Government_(Argentina)>	<MakeStatement>	<Criminal_(Jamaica)>
<Main_Opposition_(Bahrain)>	<MakeStatement>	<Sheikh_Ali_Salman>
<Legislature_(Russia)>	<Investigate>	<Election_Commission_(Syria)>
<Energy_Corp_(Russia)>	<MakeStatement>	<Iran>
<Bala_Abdulkadir_Mohammed>	<MakeStatement>	<Ministry_(Nigeria)>
<Ministry_(Angola)>	<Express_intent_to_meet_or_negotiate>	<Angola>
<Head_of_Government_(India)>	<Express_intent_to_meet_or_negotiate>	<Japan>
<Joseph_Ole_Lenku>	<MakeStatement>	<Police_(Kenya)>
<North_Korea>	<Make_an_appeal_or_request>	<South_Korea>
<Committee_for_State_Security>	<Arrest_detain_or_charge_with_legal_action>	<Citizen_(Georgia)>
<Japan>	<MakeStatement>	<Thailand>
<Citizen_(United_Arab_Emirates)>	<Occupy_territory>	<United_Arab_Emirates>
<Hung_Hsiu-chu>	<Make_optimistic_comment>	<China>
<Juan_Carlos_Pinzon>	<MakeStatement>	<National_Liberation_Army>
<Villager_(Hong_Kong)>	<MakeStatement>	<Protester_(Hong_Kong)>
<Abdullah_Abdullah>	<Make_pessimistic_comment>	<Afghanistan>
<Head_of_Government_(Ukraine)>	<MakeStatement>	<Police_(Ukraine)>
<Military_Personnel_(Uganda)>	<MakeStatement>	<Business_(Bahrain)>
<Mutembo_Nchito>	<MakeStatement>	<Michael_Sata>
<Samuel_Sitta>	<MakeStatement>	<East_African_Community>
<Military_Personnel_(Somalia)>	<MakeStatement>	<Militant_(Somalia)>
<Foreign_Affairs_(United_States)>	<MakeStatement>	<Afghanistan>
<National_Union_Party_(Kenya)>	<MakeStatement>	<Employee_(Kenya)>
<John_Kerry>	<Make_optimistic_comment>	<Legislature_(Lebanon)>
<South_Korea>	<Host_a_visit>	<Head_of_Government_(China)>
<Sar_Kheng>	<Consult>	<Meng_Jianzhu>
<Head_of_Government_(New_Zealand)>	<MakeStatement>	<Philippines>
<House_of_Representatives_(Malaysia)>	<MakeStatement>	<Malaysia>
<Gazprom>	<MakeStatement>	<China>
<Cabinet_/_Council_of_Ministers_/_Advisors_(United_States)>	<MakeStatement>	<Iran>
