<Armed_Gang_(Libya)>	<Carry_out_suicide_bombing>	<Police_(Libya)>
<Senate_(Dominican_Republic)>	<MakeStatement>	<Police_(Dominican_Republic)>
<Jonah_David_Jang>	<Make_an_appeal_or_request>	<Citizen_(Nigeria)>
<Defense_/_Security_Ministry_(United_States)>	<MakeStatement>	<North_Korea>
<Arseniy_Yatsenyuk>	<MakeStatement>	<Head_of_Government_(Ukraine)>
<Member_of_Parliament_(India)>	<MakeStatement>	<Head_of_Government_(India)>
<Employee_(Sudan)>	<MakeStatement>	<Sudan>
<Maxon_Mbendera>	<MakeStatement>	<Party_Member_(Malawi)>
<Heydar_Aliyev>	<MakeStatement>	<Air_Force_(Iraq)>
<John_Odigie-Oyegun>	<MakeStatement>	<Presidential_Candidate_(Nigeria)>
<Iraq>	<Arrest_detain_or_charge_with_legal_action>	<Haider_Al-Abadi>
<William_Kabogo>	<MakeStatement>	<Government_(Kenya)>
<Dissident_(China)>	<Accuse>	<Other_Authorities_/_Officials_(China)>
<Federica_Mogherini>	<Make_a_visit>	<Iraq>
<Police_(Egypt)>	<Arrest_detain_or_charge_with_legal_action>	<Criminal_(Egypt)>
<Philippines>	<MakeStatement>	<China>
<Lawmaker_(Syria)>	<Criticize_or_denounce>	<Main_Opposition_(Syria)>
<Maldives>	<Sign_formal_agreement>	<China>
<Government_(Nigeria)>	<MakeStatement>	<Medical_Personnel_(Nigeria)>
<Geng_Yansheng>	<MakeStatement>	<Defense_/_Security_Ministry_(China)>
<Peter_Szijjarto>	<MakeStatement>	<Legislature_(Libya)>
<Sergey_Viktorovich_Lavrov>	<MakeStatement>	<ITAR_TASS>
<Military_Personnel_-_Special_(Afghanistan)>	<MakeStatement>	<Media_(Romania)>
<Bala_Abdulkadir_Mohammed>	<MakeStatement>	<Media_(Nigeria)>
<Media_(Azerbaijan)>	<MakeStatement>	<Industrial_/_Textiles_/_Mining_Ministry_(Azerbaijan)>
<Uhuru_Muigai_Kenyatta>	<MakeStatement>	<William_Ruto>
<Intelligence_and_Security_Committee>	<Investigate>	<Senate_(United_Kingdom)>
<Myanmar>	<MakeStatement>	<Police_(United_States)>
<Protester_(Hong_Kong)>	<Engage_in_material_cooperation>	<Student_(Hong_Kong)>
<Islamic_Preacher_(Iran)>	<Consult>	<Iran>
<Citizen_(Kenya)>	<Kill_by_physical_assault>	<Police_(Kenya)>
<Thailand>	<Provide_humanitarian_aid>	<Citizen_(Thailand)>
<Media_(Lebanon)>	<MakeStatement>	<Military_(Lebanon)>
<James_Ongwae>	<MakeStatement>	<Kisii>
<Lawyer/Attorney_(Indonesia)>	<MakeStatement>	<City_Mayor_(Indonesia)>
<Barack_Obama>	<MakeStatement>	<North_Atlantic_Treaty_Organization>
<Other_Authorities_/_Officials_(Zimbabwe)>	<MakeStatement>	<Simon_Khaya_Moyo>
<Oluṣẹgun_Ọbasanjọ>	<MakeStatement>	<Sule_Lamido>
<Federica_Mogherini>	<MakeStatement>	<Foreign_Affairs_(Russia)>
<Alexis_Tsipras>	<MakeStatement>	<France>
<Malawi>	<Express_intent_to_cooperate>	<Civil_Servant_(Malawi)>
<Lawyer/Attorney_(Uganda)>	<Appeal_for_intelligence>	<Police_(Uganda)>
<Daily_Trust>	<MakeStatement>	<Government_(Bahamas)>
<Austria_Press_Agency>	<MakeStatement>	<Rupiah_Banda>
<Governor_(Kenya)>	<Yield>	<Citizen_(Kenya)>
<Congress_(Brazil)>	<MakeStatement>	<Ministry_(Brazil)>
<Interim_Government_(Thailand)>	<Make_an_appeal_or_request>	<Citizen_(Thailand)>
<Pope_Francis>	<MakeStatement>	<South_Korea>
<Lawyer/Attorney_(Senegal)>	<MakeStatement>	<Police_(Senegal)>
<Abdel_Fattah_Al-Sisi>	<Consult>	<Qatar>
<Fiji>	<MakeStatement>	<Frank_Bainimarama>
<Other_Authorities_/_Officials_(Romania)>	<MakeStatement>	<Party_Member_(Iraq)>
<Dmitry_Anatolyevich_Medvedev>	<MakeStatement>	<Arseniy_Yatsenyuk>
<High_Commission_for_Refugees>	<Make_an_appeal_or_request>	<Citizen_(Sudan)>
<Men_(India)>	<MakeStatement>	<South_Sudan>
<Citizen_(Nigeria)>	<Accuse_of_human_rights_abuses>	<Oluṣẹgun_Ọbasanjọ>
<Vincent_Cable>	<MakeStatement>	<Party_Member_(United_Kingdom)>
<Iran>	<Host_a_visit>	<Wael_al-Halki>
<Mzukisi_Fatyela>	<MakeStatement>	<Police_(South_Africa)>
<Djoomart_Otorbaev>	<Consult>	<Dmitry_Anatolyevich_Medvedev>
<Head_of_Government_(Egypt)>	<Sign_formal_agreement>	<Xi_Jinping>
<Media_(Azerbaijan)>	<MakeStatement>	<Armed_Forces_of_the_Republic_of_Armenia>
<Citizen_(Czech_Republic)>	<MakeStatement>	<Ukrinform>
<Sergey_Viktorovich_Lavrov>	<Meet_at_a_'third'_location>	<Cabinet_/_Council_of_Ministers_/_Advisors_(United_States)>
<John_Kerry>	<Express_intent_to_cooperate>	<Georgian_Party>
<Police_(Australia)>	<Coerce>	<Citizen_(Australia)>
<Dmitriy_Kiselev>	<MakeStatement>	<Andrei_Stenin>
<Police_(United_States)>	<Arrest_detain_or_charge_with_legal_action>	<Citizen_(Australia)>
<Retno_Marsudi>	<Discuss_by_telephone>	<Julie_Bishop>
<Criminal_(Australia)>	<MakeStatement>	<Head_of_Government_(Germany)>
<Joseph_Ole_Nkaissery>	<MakeStatement>	<Uhuru>
<Police_(United_States)>	<MakeStatement>	<Volvo>
<Citizen_(India)>	<Express_intent_to_meet_or_negotiate>	<Justice_Department/Ministery_(India)>
<Government_(Nigeria)>	<Use_conventional_military_force>	<Boko_Haram>
<China>	<Arrest_detain_or_charge_with_legal_action>	<Businessperson_(China)>
<Military_Personnel_(Libya)>	<MakeStatement>	<Armed_Gang_(Libya)>
<Government_(Nigeria)>	<MakeStatement>	<Court_Judge_(Nigeria)>
<Military_Personnel_(Philippines)>	<MakeStatement>	<Philippines>
<Citizen_(Southeast_Asia)>	<Demand>	<North_Korea>
<Director_General_(Philippines)>	<MakeStatement>	<Justice_Department/Ministery_(Philippines)>
<Other_Authorities_/_Officials_(Libya)>	<MakeStatement>	<Military_Personnel_(Libya)>
<Lulzim_Basha>	<MakeStatement>	<People_Associated_with_the_Opposition_(Albania)>
<Mulatu_Teshome>	<MakeStatement>	<Air_Force_(Iraq)>
<Peter_Lerner>	<MakeStatement>	<Israeli_Defense_Forces>
<John_Walker>	<MakeStatement>	<Dzhokhar_Tsarnaev>
<Evangelos_Venizelos>	<MakeStatement>	<North_Atlantic_Treaty_Organization>
<Interim_Government_(Thailand)>	<MakeStatement>	<Labor_Union_(Canada)>
<Mexico>	<Arrest_detain_or_charge_with_legal_action>	<Criminal_(Mexico)>
<Afghanistan>	<Sign_formal_agreement>	<Iran>
<Lawyer/Attorney_(Germany)>	<MakeStatement>	<Evangelos_Venizelos>
<China>	<Express_intent_to_engage_in_diplomatic_cooperation_(such_as_policy_support)>	<Thailand>
<National_Assembly_of_Pakistan>	<MakeStatement>	<Government_(Nigeria)>
<Sergey_Viktorovich_Lavrov>	<Consult>	<Mevlut_Cavusoglu>
<Government_(Nigeria)>	<MakeStatement>	<Education_(Nigeria)>
<Foreign_Affairs_(Kuwait)>	<MakeStatement>	<Haaretz>
<South_Sudan>	<Sign_formal_agreement>	<Sudan>
<Police_(Australia)>	<MakeStatement>	<Sue-Ellen_Kovack>
<UN_Security_Council>	<Impose_embargo_boycott_or_sanctions>	<Iran>
<North_Korea>	<Make_an_appeal_or_request>	<UN_Security_Council>
<Interfax>	<Discuss_by_telephone>	<Foreign_Affairs_(Russia)>
<Juan_Carlos_Eguren>	<MakeStatement>	<Nadine_Heredia>
<Harsimrat_Kaur_Badal>	<MakeStatement>	<Sikh_(India)>
<Defense_/_Security_Ministry_(United_States)>	<Make_a_visit>	<Kuwait>
<Kundy_Pahiama>	<MakeStatement>	<Angola>
<Tarcisio_Bertone>	<MakeStatement>	<Bank_(Holy_See_(Vatican_City_State))>
<Prayuth_Chan-ocha>	<Engage_in_symbolic_act>	<Xi_Jinping>
<Ashraf_Ghani_Ahmadzai>	<Consult>	<Inter-Services_Intelligence>
<Media_(India)>	<Consult>	<Head_of_Government_(India)>
<Ministry_(Nigeria)>	<Make_an_appeal_or_request>	<Citizen_(Nigeria)>
<Alex_Badeh>	<MakeStatement>	<Military_(Mexico)>
<Sean_Edwards>	<MakeStatement>	<Armed_Gang_(United_States)>
<Daniel_Constantin>	<MakeStatement>	<Member_of_Parliament_(Romania)>
<Armed_Gang_(Russia)>	<MakeStatement>	<Media_Personnel_(United_States)>
<Aladdin_Boroujerdi>	<MakeStatement>	<Oman>
<Ministry_(Tanzania)>	<Threaten>	<Citizen_(Tanzania)>
<African_Union>	<MakeStatement>	<Lawyer/Attorney_(Colombia)>
<China>	<Express_intent_to_engage_in_diplomatic_cooperation_(such_as_policy_support)>	<Vietnam>
<Umarali_Quvvatov>	<Appeal_for_humanitarian_aid>	<Other_Authorities_/_Officials_(Turkey)>
<Sergey_Viktorovich_Lavrov>	<MakeStatement>	<Foreign_Affairs_(Russia)>
<Toru_Hashimoto>	<MakeStatement>	<Japan>
<Kgalema_Petrus_Motlanthe>	<MakeStatement>	<Government_(South_Africa)>
<Noppadon_Pattama>	<MakeStatement>	<Thaksin_Shinawatra>
<Police_(Hong_Kong)>	<MakeStatement>	<Protester_(Hong_Kong)>
<Rosa_Pacavira>	<MakeStatement>	<Business_(Bahrain)>
<Boko_Haram>	<MakeStatement>	<Government_(Nigeria)>
<Djoomart_Otorbaev>	<MakeStatement>	<Salvador_Sánchez_Cerén>
<Alhaji_Lai_Mohammed>	<MakeStatement>	<Government_(Nigeria)>
<Obaid_Humaid_Al_Tayer>	<MakeStatement>	<United_Arab_Emirates>
<Citizen_(Thailand)>	<MakeStatement>	<Martin_McGuinness>
<Mark_James_Mwandosya>	<MakeStatement>	<Jakaya_Mrisho_Kikwete>
<Barack_Obama>	<MakeStatement>	<South_Korea>
<Guy_Scott>	<MakeStatement>	<Freedom_Fighter_(Zambia)>
<Chief_of_Staff_(Vietnam)>	<MakeStatement>	<Vietnam>
<Ebrahim_Yazdi>	<Make_an_appeal_or_request>	<Ministry_(Iran)>
<Evangelos_Venizelos>	<Consult>	<Antonis_Samaras>
<Joseph_Ole_Lenku>	<MakeStatement>	<Burundi>
<Thailand>	<Cooperate_economically>	<Laos>
<Envoy_(United_States)>	<Express_intent_to_meet_or_negotiate>	<Japan>
<Alexander_Lukashevich>	<MakeStatement>	<Other_Authorities_/_Officials_(United_States)>
<Barack_Obama>	<MakeStatement>	<Iran>
<Foreign_Affairs_(Russia)>	<MakeStatement>	<Armenia>
<Lawmaker_(Nicaragua)>	<MakeStatement>	<Daniel_Ortega>
<Prayuth_Chan-ocha>	<MakeStatement>	<Insurgent_(Thailand)>
<Klaus_Johannis>	<MakeStatement>	<Romania>
<Government_(Nigeria)>	<MakeStatement>	<Ethnic_Group_(Nigeria)>
<Zhang_Dejiang>	<Consult>	<Michael_D._Higgins>
<Lawyer/Attorney_(Argentina)>	<MakeStatement>	<Criminal_(Argentina)>
<Protester_(Yemen)>	<Protest_violently_riot>	<Police_(Yemen)>
<North_Atlantic_Treaty_Organization>	<MakeStatement>	<Military_(Russia)>
<Lawmaker_(South_Korea)>	<MakeStatement>	<Military_Personnel_(Libya)>
<Zsolt_Simon>	<MakeStatement>	<Ivan_Gasparovic>
<Company_-_Owner_or_Operator_(Nigeria)>	<Praise_or_endorse>	<Presidential_Candidate_(Nigeria)>
<Cambodia>	<Host_a_visit>	<Thailand>
<Alexis_Tsipras>	<Express_intent_to_meet_or_negotiate>	<Member_of_Legislative_(Govt)_(Serbia)>
<Vietnam>	<MakeStatement>	<Police_(Indonesia)>
<Tatarstan>	<MakeStatement>	<United_Progressive_Alliance>
<Hamad_bin_Ali_al-Attiyah>	<MakeStatement>	<Agence_France-Presse>
<Uhuru_Muigai_Kenyatta>	<MakeStatement>	<Domestic_Affairs_(Kenya)>
<Myanmar>	<Cooperate_economically>	<Laos>
<City_Mayor_(China)>	<MakeStatement>	<China>
<John_Kerry>	<MakeStatement>	<Iran>
<Ministry_(Nigeria)>	<MakeStatement>	<Other_Authorities_/_Officials_(Nigeria)>
<China>	<MakeStatement>	<Afghanistan>
<Barack_Obama>	<MakeStatement>	<Head_of_Government_(Germany)>
<Military_(South_Sudan)>	<Use_conventional_military_force>	<Children_(South_Sudan)>
<Military_Personnel_(Philippines)>	<MakeStatement>	<Military_(Philippines)>
<Organisation_of_Islamic_Cooperation>	<MakeStatement>	<Muhammadu_Buhari>
<Citizen_(United_Kingdom)>	<Bring_lawsuit_against>	<Shrien_Dewani>
<Loren_Legarda>	<MakeStatement>	<Philippines>
<Middle_East>	<Consult>	<Foreign_Affairs_(Belgium)>
<Armed_Gang_(Al_Qaeda)>	<MakeStatement>	<Argentine_Naval_Prefecture>
<Helena_Valkova>	<MakeStatement>	<Lawyer/Attorney_(Czech_Republic)>
<Zhang_Dejiang>	<Make_a_visit>	<Head_of_Government_(Egypt)>
<Thailand>	<Engage_in_symbolic_act>	<Citizen_(Thailand)>
<Alexei_Pushkov>	<MakeStatement>	<Government_(United_States)>
<Iraq>	<MakeStatement>	<National_Alliance_(Iraq)>
<Vietnam>	<Express_intent_to_cooperate_economically>	<Business_(Iran)>
<Vietnam>	<MakeStatement>	<China>
<Combatant_(Pakistan)>	<MakeStatement>	<Military_(Philippines)>
<Terry_McAuliffe>	<MakeStatement>	<Business_(Canada)>
<European_Parliament>	<MakeStatement>	<Armed_Gang_(Egypt)>
<Armed_Gang_(Afghanistan)>	<MakeStatement>	<Western_Sahara>
<RIA_Novosti>	<MakeStatement>	<Security_Council_(Russia)>
<Umarali_Quvvatov>	<MakeStatement>	<National_Coalition_for_Syrian_Revolutionary_and_Opposition_Forces>
<Tehrik-i-Taliban_Pakistan>	<Use_conventional_military_force>	<Education_(Pakistan)>
<Yakubu_Gowon>	<Accuse>	<Government_(United_States)>
<Robert_M._Gates>	<MakeStatement>	<Head_of_Government_(Afghanistan)>
<Ministry_(Nigeria)>	<MakeStatement>	<Head_of_Government_(Nigeria)>
<China>	<Express_intent_to_cooperate>	<Kazakhstan>
<Oman>	<Host_a_visit>	<Shura_Council>
<Children_(South_Sudan)>	<Use_unconventional_violence>	<Military_(South_Sudan)>
<Iran>	<Engage_in_diplomatic_cooperation>	<Middle_East>
<John_Kerry>	<MakeStatement>	<Foreign_Affairs_(Honduras)>
<Olisa_Agbakoba>	<MakeStatement>	<Government_(Nigeria)>
<Robert_Menendez>	<MakeStatement>	<Opposition_Supporter_(Venezuela)>
<RIA_Novosti>	<Sign_formal_agreement>	<Iran>
<Angela_Merkel>	<Make_an_appeal_or_request>	<France>
<China>	<Host_a_visit>	<Sheikh_Hasina_Wajed>
<Barack_Obama>	<MakeStatement>	<Combatant_(Islamic_State_of_Iraq_and_the_Levant)>
<Defense_/_Security_Ministry_(Nigeria)>	<MakeStatement>	<Militant_(Boko_Haram)>
<Government_(Syria)>	<MakeStatement>	<Armed_Rebel_(Syria)>
<Michael_Fahy>	<MakeStatement>	<Canada>
<Ministry_(Croatia)>	<Make_an_appeal_or_request>	<Veterans_(Croatia)>
<City_Manager_(United_States)>	<MakeStatement>	<Mauritius>
<Federica_Mogherini>	<MakeStatement>	<Algirdas_Butkevičius>
<Abdel_Fattah_Al-Sisi>	<MakeStatement>	<Media_(Africa)>
<Cabinet_/_Council_of_Ministers_/_Advisors_(United_States)>	<Make_a_visit>	<Angola>
<UN_Security_Council>	<Make_an_appeal_or_request>	<Sudan>
<Philippines>	<Arrest_detain_or_charge_with_legal_action>	<Andal_Ampatuan_Sr>
<Information_/_Communication_/_Transparency_Ministry_(Singapore)>	<MakeStatement>	<Foreign_Affairs_(United_States)>
<Head_of_Government_(Croatia)>	<MakeStatement>	<Veterans_(Croatia)>
<Haider_Al-Abadi>	<MakeStatement>	<Iraq>
<France>	<Engage_in_negotiation>	<Other_Authorities_/_Officials_(Mauritania)>
<Foreign_Affairs_(Syria)>	<Meet_at_a_'third'_location>	<Iraq>
<Chulalongkorn_University>	<MakeStatement>	<Prayuth_Chan-ocha>
<Christine_Milne>	<MakeStatement>	<Australia_Greens>
<Emal_Faizi>	<MakeStatement>	<Ministry_(Afghanistan)>
<International_Court_of_Justice>	<MakeStatement>	<Education_(Nigeria)>
<Armed_Gang_(Al_Qaeda)>	<Carry_out_suicide_bombing>	<Citizen_(Yemen)>
<Police_(Egypt)>	<MakeStatement>	<Agence_France-Presse>
<Vietnam>	<Sign_formal_agreement>	<Industrial_/_Textiles_/_Mining_Ministry_(Vietnam)>
<Military_Personnel_(Libya)>	<MakeStatement>	<Legislature_(Libya)>
<Haider_Al-Abadi>	<MakeStatement>	<National_Alliance_(Iraq)>
<Oman>	<MakeStatement>	<Poland>
<Police_(Tanzania)>	<Return_release_person(s)>	<Refugee_(Tanzania)>
<South_Korea>	<Express_intent_to_meet_or_negotiate>	<Association_of_Southeast_Asian_Nations>
<Central_Intelligence_Agency>	<Arrest_detain_or_charge_with_legal_action>	<Moazzam_Begg>
<Marziyeh_Afkham>	<Praise_or_endorse>	<Iraq>
<Police_(South_Korea)>	<MakeStatement>	<Student_(South_Korea)>
<Medical_Personnel_(Nigeria)>	<MakeStatement>	<Government_(Nigeria)>
<Angela_Merkel>	<MakeStatement>	<Madeleine_Albright>
<Maxon_Mbendera>	<MakeStatement>	<Malawi>
<Lin_Chia-lung>	<MakeStatement>	<Jason_C._Hu>
<Citizen_(Greece)>	<MakeStatement>	<Business_(Canada)>
<Court_Judge_(Nigeria)>	<MakeStatement>	<Oversight_Court_(Nigeria)>
<China>	<Engage_in_diplomatic_cooperation>	<Kazakhstan>
<High_Ranking_Military_Personnel_(Nigeria)>	<MakeStatement>	<Government_(Nigeria)>
<Jaber_Mubarak_Al-Sabah>	<MakeStatement>	<Kuwait>
<Viktor_Orban>	<MakeStatement>	<Student_(South_Korea)>
<Cambodia>	<Cooperate_economically>	<Myanmar>
<Chaudhry_Nisar_Ali_Khan>	<MakeStatement>	<Government_(Pakistan)>
<Committee_for_State_Security>	<Return_release_person(s)>	<Citizen_(Belarus)>
<Kimani_Wamatangi>	<MakeStatement>	<Environmentalist_(France)>
<Leopoldo_Dominico_Petilla>	<MakeStatement>	<Philippines>
<Arseniy_Yatsenyuk>	<MakeStatement>	<Ukrinform>
<Iraq>	<MakeStatement>	<Nuri_al-Maliki>
<Zoran_Zaev>	<MakeStatement>	<Social_Democratic_Union>
<Employee_(Afghanistan)>	<Carry_out_suicide_bombing>	<France>
<John_Baird>	<MakeStatement>	<Canada>
<Governor_(Democratic_Republic_of_Congo)>	<MakeStatement>	<Cobra_Matata>
<Joseph_Ole_Lenku>	<MakeStatement>	<Government_(Kenya)>
<Antonis_Samaras>	<Make_an_appeal_or_request>	<Member_of_Legislative_(Govt)_(Greece)>
<City_Mayor_(Somalia)>	<MakeStatement>	<Somali_National_Army>
<Medical_Personnel_(Zimbabwe)>	<MakeStatement>	<Ministry_(Zimbabwe)>
<South_Sudan>	<MakeStatement>	<Riek_Machar>
<Isaac_Kiprono_Ruto>	<MakeStatement>	<Government_(Kenya)>
<Committee_for_State_Security>	<MakeStatement>	<Chimed_Saikhanbileg>
<Xi_Jinping>	<MakeStatement>	<China>
<Media_(Russia)>	<MakeStatement>	<Education_(Russia)>
<Population_(Angola)>	<MakeStatement>	<Government_(Angola)>
<George_Solo>	<MakeStatement>	<Ministry_(Liberia)>
<Sudan>	<Arrest_detain_or_charge_with_legal_action>	<Amin_Makki_Madani>
<Military_(Thailand)>	<Use_conventional_military_force>	<Cambodia>
<France>	<MakeStatement>	<Boko_Haram>
<Daniel_Mitov>	<MakeStatement>	<Member_of_Legislative_(Govt)_(Kenya)>
<Armed_Separatist_(China)>	<Provide_aid>	<Slovene_Christian_Democrats>
<Islamic_Preacher_(Iran)>	<MakeStatement>	<Iran>
<Gabor_Vona>	<MakeStatement>	<Fidesz>
<Iraq>	<Express_intent_to_engage_in_diplomatic_cooperation_(such_as_policy_support)>	<International_Government_Organizations>
<China>	<Criticize_or_denounce>	<Philippines>
<Government_(Oman)>	<MakeStatement>	<Iran>
<Andrew_Robb>	<MakeStatement>	<Julie_Bishop>
<Military_(United_Kingdom)>	<Use_conventional_military_force>	<Armed_Rebel_(Ireland)>
<Kim_Jong-Un>	<MakeStatement>	<North_Korea>
<Peter_Lerner>	<MakeStatement>	<Iran>
<Arseniy_Yatsenyuk>	<Appeal_for_diplomatic_cooperation_(such_as_policy_support)>	<Verkhovna_Rada>
<North_Ossetia-Alania>	<MakeStatement>	<Iran>
<Xi_Jinping>	<Host_a_visit>	<Head_of_Government_(South_Korea)>
<Foreign_Affairs_(Russia)>	<MakeStatement>	<Daily_Monitor>
<Ministry_(Russia)>	<MakeStatement>	<Chuck_Hagel>
<Company_-_Owner_or_Operator_(Tonga)>	<MakeStatement>	<Business_(Tonga)>
<Malawi>	<MakeStatement>	<Fidesz>
<Election_Commission_(Turkey)>	<MakeStatement>	<Party_Member_(Turkey)>
<Head_of_Government_(Tajikistan)>	<Engage_in_negotiation>	<Abdullah_Abdullah>
<Sirichan_Ngathong>	<MakeStatement>	<Military_(Thailand)>
<Medical_Personnel_(Nigeria)>	<MakeStatement>	<Government_(United_States)>
<Arseniy_Yatsenyuk>	<Express_intent_to_meet_or_negotiate>	<Jens_Stoltenberg>
<Justin_Trudeau>	<MakeStatement>	<Liberals_(Canada)>
<Raul_Hernandez>	<MakeStatement>	<Philippines>
<John_Baird>	<MakeStatement>	<Armed_Rebel_(Ukraine)>
<Ahmad_Zia_Abdulzai>	<MakeStatement>	<Kidnapper_(Afghanistan)>
<Iraq>	<Coerce>	<Party_Member_(Iraq)>
<China>	<Make_an_appeal_or_request>	<Businessperson_(Taiwan)>
<Cleric_(Bahrain)>	<MakeStatement>	<Salvador_Sánchez_Cerén>
<Nabil_Abu-Rudaynah>	<MakeStatement>	<Head_of_Government_(Egypt)>
<Awami_(People's)_League>	<Demand>	<Member_of_the_Judiciary_(Bangladesh)>
<Oommen_Chandy>	<Express_intent_to_meet_or_negotiate>	<Citizen_(India)>
<Cambodia>	<Cooperate_economically>	<Thailand>
<Asad_Umar>	<Consult>	<Pakistan_Tehreek-e-Insaf>
<Police_(Kenya)>	<Arrest_detain_or_charge_with_legal_action>	<Employee_(Kenya)>
<Ma_Xiaoguang>	<MakeStatement>	<China>
<Foreign_Affairs_(South_Korea)>	<MakeStatement>	<South_Korea>
<Police_(United_States)>	<MakeStatement>	<Mexico>
<Rosoboronexport>	<MakeStatement>	<Afghanistan>
<Refugee_(Afghanistan)>	<MakeStatement>	<Indigenous_People_(Nigeria)>
<Foreign_Affairs_(Russia)>	<MakeStatement>	<Foreign_Affairs_(Syria)>
<Patricia_de_Lille>	<MakeStatement>	<Military_Personnel_-_Special_(Afghanistan)>
<Labor_and_Employment_Ministry_(Nigeria)>	<MakeStatement>	<Labor_Union_(Nigeria)>
<Police_(Hong_Kong)>	<Consult>	<Protester_(Hong_Kong)>
<Ministry_(South_Korea)>	<MakeStatement>	<South_Korea>
<Bahrain>	<MakeStatement>	<Republican_People's_Party>
<Businessperson_(United_Kingdom)>	<Use_conventional_military_force>	<Citizen_(United_Kingdom)>
<Xi_Jinping>	<MakeStatement>	<Henry_M._Paulson>
<Ethiopia>	<Host_a_visit>	<Amin_Makki_Madani>
<Chuck_Hagel>	<MakeStatement>	<Iran>
<Barack_Obama>	<MakeStatement>	<Japan>
<China>	<Praise_or_endorse>	<Abdel_Fattah_Al-Sisi>
<Attorney_General_(Argentina)>	<MakeStatement>	<Lawyer/Attorney_(Argentina)>
<Foreign_Affairs_(Russia)>	<MakeStatement>	<Defense_/_Security_Ministry_(Malaysia)>
<Government_(Syria)>	<Accuse>	<Terrorist_Organization_(Syria)>
<György_Matolcsy>	<Consult>	<Viktor_Orban>
<North_Atlantic_Treaty_Organization>	<Provide_aid>	<Afghanistan>
<Police_(Ethiopia)>	<MakeStatement>	<South_Sudan>
<Augustine_Alegeh>	<MakeStatement>	<Okey_Wali>
<Police_(United_States)>	<MakeStatement>	<Mark_Lyall_Grant>
<Information_/_Communication_/_Transparency_Ministry_(Singapore)>	<MakeStatement>	<Malaysia>
<Government_(Nigeria)>	<Make_an_appeal_or_request>	<Member_of_the_Judiciary_(Nigeria)>
<Carlo_Calenda>	<MakeStatement>	<Bernd_Lange>
<Medical_Personnel_(Australia)>	<Make_optimistic_comment>	<Member_of_Parliament_(Australia)>
<Derek_Andre_Hanekom>	<MakeStatement>	<South_Africa>
<John_Campbell>	<MakeStatement>	<Lawmaker_(Turkey)>
<China>	<Express_intent_to_engage_in_diplomatic_cooperation_(such_as_policy_support)>	<Iran>
<Iraq>	<MakeStatement>	<Militant_(Iraq)>
<Army_Personnel_(Philippines)>	<MakeStatement>	<Philippines>
<Alexis_Tsipras>	<MakeStatement>	<Evangelos_Venizelos>
<Other_Authorities_/_Officials_(Romania)>	<Express_intent_to_cooperate>	<International_Monetary_Fund>
<Other_Authorities_/_Officials_(Mauritania)>	<MakeStatement>	<Mohamed_Ould_Abdel_Aziz>
<Jagdish_Mukhi>	<MakeStatement>	<Head_of_Government_(India)>
<Iran>	<Engage_in_negotiation>	<Lawmaker_(Japan)>
<Conservative_Party_(United_Kingdom)>	<MakeStatement>	<Martin_McGuinness>
<Militant_(Taliban)>	<Use_unconventional_violence>	<Afghanistan>
<Japan>	<Express_intent_to_cooperate>	<Government_(United_States)>
<Media_Personnel_(Uganda)>	<MakeStatement>	<Military_(Central_African_Republic)>
<Iran>	<Use_conventional_military_force>	<Iraq>
<György_Matolcsy>	<Express_intent_to_meet_or_negotiate>	<Viktor_Orban>
<Police_(Israel)>	<MakeStatement>	<Republican_People's_Party>
<Umar_al_Bashir>	<Consult>	<Ministry_(Tanzania)>
<Military_Personnel_(Argentina)>	<MakeStatement>	<Uhuru>
<Cyprian_Awiti>	<MakeStatement>	<Government_(Kenya)>
<Iraq>	<Engage_in_diplomatic_cooperation>	<Iran>
<François_Rebsamen>	<MakeStatement>	<Government_(France)>
<Fire_Brigade_(Australia)>	<MakeStatement>	<Police_(Australia)>
<Maldives>	<MakeStatement>	<Afghanistan>
<Citizen_(United_Kingdom)>	<MakeStatement>	<Member_of_Parliament_(Ukraine)>
<Legislature_(Romania)>	<Praise_or_endorse>	<Victor_Ponta>
<Iran>	<Express_intent_to_engage_in_diplomatic_cooperation_(such_as_policy_support)>	<Government_(Syria)>
<Drug_Gang_(Mexico)>	<Use_unconventional_violence>	<Men_(Mexico)>
<Viktor_Chirkov>	<MakeStatement>	<AvtoVAZ>
<Treasury/Finance_Ministry_(Nigeria)>	<MakeStatement>	<Government_(Nigeria)>
<Nasser_Judeh>	<Engage_in_negotiation>	<Royal_Administration_(Saudi_Arabia)>
<Other_Authorities_/_Officials_(Mauritania)>	<Engage_in_negotiation>	<France>
<Malaysia>	<Express_intent_to_cooperate>	<Thailand>
<Human_Rights_Watch>	<MakeStatement>	<China>
<Ziad_al-Karbouly>	<Engage_in_diplomatic_cooperation>	<Abu_Musab_al-Zarqawi>
<Justice_Department/Ministery_(Libya)>	<MakeStatement>	<Cabinet_/_Council_of_Ministers_/_Advisors_(Libya)>
<Scholar_(Nigeria)>	<MakeStatement>	<Government_(Nigeria)>
<Boko_Haram>	<fight_with_small_arms_and_light_weapons>	<Citizen_(Nigeria)>
<Member_of_Parliament_(Iraq)>	<MakeStatement>	<Iran>
<Court_Judge_(India)>	<MakeStatement>	<Medical_Personnel_(India)>
<Citizen_(Botswana)>	<Express_intent_to_cooperate>	<Government_(Botswana)>
<Domestic_Affairs_(Panama)>	<MakeStatement>	<Government_(Panama)>
<John_Kerry>	<MakeStatement>	<Sergey_Viktorovich_Lavrov>
<Military_(Thailand)>	<MakeStatement>	<Head_of_Government_(Latvia)>
<Aam_Aadmi_Party>	<MakeStatement>	<Election_Commission_(India)>
<Boko_Haram>	<Use_conventional_military_force>	<Citizen_(Nigeria)>
<Stephane_Le_Foll>	<MakeStatement>	<France>
<Media_(Azerbaijan)>	<MakeStatement>	<Iran>
<Foreign_Affairs_(Georgia)>	<MakeStatement>	<Mob_(Kenya)>
<Citizen_(Nigeria)>	<Make_an_appeal_or_request>	<Media_(Africa)>
<Court_Judge_(India)>	<Make_an_appeal_or_request>	<Citizen_(India)>
<Poland>	<MakeStatement>	<Kazakhstan>
<Department_of_Transportation>	<MakeStatement>	<South_Korea>
<Government_Official_(Mali)>	<MakeStatement>	<Military_(Mali)>
<Robert_Pickersgill>	<MakeStatement>	<Government_(Jamaica)>
<South_Korea>	<Make_an_appeal_or_request>	<Japan>
<Citizen_(Czech_Republic)>	<Accuse_of_human_rights_abuses>	<Milos_Zeman>
<Military_Personnel_(Philippines)>	<MakeStatement>	<Police_(Philippines)>
<Haider_Al-Abadi>	<MakeStatement>	<Militant_(Iraq)>
<Refugee_(Afghanistan)>	<Reject_proposal_to_meet_discuss_or_negotiate>	<Afghanistan>
<John_Kerry>	<MakeStatement>	<Iraq>
<Tzipi_Livni>	<MakeStatement>	<Treasury/Finance_Ministry_(Czech_Republic)>
<Police_(Indonesia)>	<Use_conventional_military_force>	<Citizen_(Indonesia)>
<Ministry_(Nigeria)>	<MakeStatement>	<Medical_Personnel_(Nigeria)>
<Jens_Stoltenberg>	<Consult>	<Foreign_Affairs_(Georgia)>
<Military_Personnel_-_Special_(Afghanistan)>	<Use_conventional_military_force>	<Insurgent_(Afghanistan)>
<International_Court_of_Justice>	<MakeStatement>	<Japan>
<Nestor_Kirchner>	<MakeStatement>	<Civic_Group_(Argentina)>
<Military_Personnel_(Angola)>	<MakeStatement>	<Governor_(Angola)>
<Abdullah_Abdullah>	<MakeStatement>	<John_Kerry>
<Umar_al_Bashir>	<MakeStatement>	<Sudan>
<Ashraf_Ghani_Ahmadzai>	<Reject>	<Armed_Band_(Afghanistan)>
<Uhuru_Muigai_Kenyatta>	<MakeStatement>	<Government_(Kenya)>
<Alex_Badeh>	<Make_an_appeal_or_request>	<High_Ranking_Military_Personnel_(Nigeria)>
<National_Directorate_of_Security>	<MakeStatement>	<Secret_Agent_(Afghanistan)>
<Citizen_(Croatia)>	<MakeStatement>	<Haider_Al-Abadi>
<Guinea>	<Engage_in_diplomatic_cooperation>	<France>
<Edgars_Rinkevics>	<Express_intent_to_meet_or_negotiate>	<Federica_Mogherini>
<Head_of_Government_(Bulgaria)>	<Consult>	<Elmar_Brok>
<Armed_Band_(Benin)>	<MakeStatement>	<Military_(Philippines)>
<Ministry_of_Public_Security_(Canada)>	<MakeStatement>	<Business_(Canada)>
<Citizen_(Nigeria)>	<Make_an_appeal_or_request>	<Nigerian_Governors_Forum>
<Lawyer/Attorney_(Holy_See_(Vatican_City_State))>	<MakeStatement>	<Villager_(Philippines)>
<Citizen_(Namibia)>	<MakeStatement>	<Ruling_Party_(India)>
<China>	<MakeStatement>	<Military_(China)>
<Isaac_Kiprono_Ruto>	<MakeStatement>	<Uhuru_Muigai_Kenyatta>
<Citizen_(Germany)>	<MakeStatement>	<Member_of_Legislative_(Govt)_(Kenya)>
<New_Democracy>	<MakeStatement>	<Other_Authorities_/_Officials_(Egypt)>
<Cho_Tai-young>	<MakeStatement>	<South_Korea>
<Alexander_Lukashevich>	<MakeStatement>	<Representatives_(Iraq)>
<Lawmaker_(Japan)>	<Engage_in_negotiation>	<Iran>
<Citizen_(United_Kingdom)>	<Use_unconventional_violence>	<Sex_Trade_(Philippines)>
<Adams_Oshiomhole>	<MakeStatement>	<Moro_National_Liberation_Front>
<Government_(Pakistan)>	<MakeStatement>	<Activist_(United_States)>
<Lawyer/Attorney_(Turkey)>	<Make_an_appeal_or_request>	<Other_Authorities_/_Officials_(Turkey)>
<Foreign_Affairs_(Italy)>	<MakeStatement>	<Armed_Band_(Lebanon)>
<Defense_/_Security_Ministry_(Russia)>	<MakeStatement>	<Military_(Russia)>
<John_Kerry>	<MakeStatement>	<China>
<Benjamin_Netanyahu>	<MakeStatement>	<John_Kerry>
<Foreign_Affairs_(Syria)>	<Consult>	<Mohammad_Javad_Zarif>
<Jacek_Rostowski>	<MakeStatement>	<European_Parliament>
<Prayuth_Chan-ocha>	<MakeStatement>	<Thailand>
<Iran>	<Engage_in_diplomatic_cooperation>	<Oman>
<China>	<Host_a_visit>	<Foreign_Affairs_(United_States)>
<Foreign_Affairs_(Georgia)>	<Consult>	<Jens_Stoltenberg>
<Hashmat_Stanikzai>	<MakeStatement>	<Military_Personnel_-_Special_(Afghanistan)>
<Head_of_Government_(Egypt)>	<Consult>	<Energy_Department/Ministry_(Egypt)>
<Cambodia>	<Engage_in_diplomatic_cooperation>	<Vietnam>
<Robert_Cazanciuc>	<MakeStatement>	<Romania>
<Milos_Zeman>	<Make_a_visit>	<China>
<Ziad_al-Karbouly>	<MakeStatement>	<Police_(Dominican_Republic)>
<Lawyer/Attorney_(Cambodia)>	<MakeStatement>	<Police_(Cambodia)>
<Sawarmi_Khaled_Saad>	<MakeStatement>	<Sudan>
<Local_Media_(Switzerland)>	<MakeStatement>	<Other_Authorities_/_Officials_(Switzerland)>
<Police_(Israel)>	<MakeStatement>	<Attacker_(Palestinian_Territory_Occupied)>
<Preneet_Kaur>	<MakeStatement>	<Aam_Aadmi_Party>
<Cambodia>	<MakeStatement>	<Thailand>
<Micky_Rosenfeld>	<MakeStatement>	<Police_(Israel)>
<Head_of_Government_(Egypt)>	<Make_an_appeal_or_request>	<Abdel_Fattah_Al-Sisi>
<Defense_/_Security_Ministry_(United_States)>	<Engage_in_symbolic_act>	<Head_of_Government_(Afghanistan)>
<Reserve_Personnel_(Ukraine)>	<MakeStatement>	<Military_(Russia)>
<France>	<MakeStatement>	<Guinea>
<Uhuru_Muigai_Kenyatta>	<Engage_in_negotiation>	<Police_(Kenya)>
<Raúl_Castro>	<Consult>	<Barack_Obama>
<Angela_Merkel>	<MakeStatement>	<Iran>
<Police_(United_States)>	<MakeStatement>	<Emilio_Pérez_Touriño>
<Malaysia>	<Arrest_detain_or_charge_with_legal_action>	<Men_(Indonesia)>
<Barack_Obama>	<MakeStatement>	<Hamas>
<Bala_Abdulkadir_Mohammed>	<MakeStatement>	<Education_(Nigeria)>
<Citizen_(Greece)>	<Protest_violently_riot>	<Police_(Greece)>
<Citizen_(North_Korea)>	<Make_pessimistic_comment>	<North_Korea>
<Media_Personnel_(Japan)>	<MakeStatement>	<China>
<Member_of_Legislative_(Govt)_(Iran)>	<Express_intent_to_meet_or_negotiate>	<Wael_al-Halki>
<Citizen_(Germany)>	<Demand>	<Head_of_Government_(Germany)>
<Militant_(Taliban)>	<MakeStatement>	<Government_Official_(Russia)>
<Efkan_Ala>	<MakeStatement>	<Main_Opposition_(Turkey)>
<Barack_Obama>	<MakeStatement>	<North_Korea>
<Royal_Administration_(Jordan)>	<MakeStatement>	<Iran>
<Levon_Ter-Petrosyan>	<MakeStatement>	<Gagik_Tsarukyan>
<Haider_Al-Abadi>	<Consult>	<Sabah_Khaled_Al-Hamad_Al-Sabah>
<Edwin_Lacierda>	<MakeStatement>	<Moro_National_Liberation_Front>
<Jens_Weidmann>	<MakeStatement>	<France>
<Foreign_Affairs_(United_States)>	<Praise_or_endorse>	<Angola>
<Daniel_Ortega>	<MakeStatement>	<Mexico>
<Angela_Merkel>	<MakeStatement>	<Malaysia>
<Scholar_(Nigeria)>	<Accuse>	<Government_(Nigeria)>
<Bhim_Singh>	<Make_an_appeal_or_request>	<Head_of_Government_(India)>
<Uhuru_Muigai_Kenyatta>	<MakeStatement>	<Ethiopia>
<Thailand>	<Express_intent_to_meet_or_negotiate>	<Hun_Sen>
<Olagunsoye_Oyinlola>	<Consult>	<Daily_Trust>
<Phongthep_Thepkanjana>	<MakeStatement>	<Cabinet_/_Council_of_Ministers_/_Advisors_(Thailand)>
<Military_Personnel_(Philippines)>	<MakeStatement>	<Inspector_General_(Philippines)>
<Police_(Libya)>	<MakeStatement>	<Mustafa_Abu_Shagur>
<Head_of_Government_(Sweden)>	<MakeStatement>	<Government_(Sweden)>
<Member_of_Parliament_(India)>	<MakeStatement>	<Medical_Personnel_(India)>
<Police_(Kenya)>	<Engage_in_negotiation>	<Uhuru_Muigai_Kenyatta>
<Milliyet>	<MakeStatement>	<Lawyer/Attorney_(Turkey)>
<Foreign_Affairs_(Rwanda)>	<MakeStatement>	<UN_Security_Council>
<Joseph_Katema>	<MakeStatement>	<Oman>
<Valdis_Dombrovskis>	<MakeStatement>	<Head_of_Government_(Latvia)>
<Omar_Abdullah>	<MakeStatement>	<Muhammadu_Buhari>
<Lapo_Pistelli>	<Host_a_visit>	<Majid_Takht_Ravanchi>
<Military_(Philippines)>	<MakeStatement>	<Criminal_(Philippines)>
<Devlet_Bahçeli>	<MakeStatement>	<Nationalist_Movement_Party>
<Ministry_(Brazil)>	<MakeStatement>	<Fumio_Kishida>
<Japan>	<MakeStatement>	<China>
<Mexico>	<MakeStatement>	<Indigenous_People_(India)>
<Thailand>	<Praise_or_endorse>	<Malaysia>
<Protester_(United_Kingdom)>	<MakeStatement>	<Indigenous_People_(United_Kingdom)>
<Environment_Department/Ministry_(Kenya)>	<MakeStatement>	<Government_(Angola)>
<Cabinet_/_Council_of_Ministers_/_Advisors_(Japan)>	<MakeStatement>	<Thailand>
<South_Korea>	<Express_intent_to_engage_in_diplomatic_cooperation_(such_as_policy_support)>	<Japan>
<Iraq>	<Sign_formal_agreement>	<Iran>
<France>	<Arrest_detain_or_charge_with_legal_action>	<Citizen_(Belgium)>
<Admiral_(Iran)>	<MakeStatement>	<Fighter_Bomber_(Iran)>
<Daniel_Mitov>	<Consult>	<North_Atlantic_Treaty_Organization>
<Other_Authorities_/_Officials_(Jamaica)>	<MakeStatement>	<Criminal_(Jamaica)>
<Lawyer/Attorney_(Jordan)>	<Make_an_appeal_or_request>	<State_Security_Court_(Jordan)>
<Iraq>	<Consult>	<Chuck_Hagel>
<Justice_Department/Ministery_(Niger)>	<MakeStatement>	<Attacker_(Niger)>
<Hamas>	<MakeStatement>	<Israeli_Defense_Forces>
<Citizen_(India)>	<Demand>	<Akhilesh_Yadav>
<South_Africa>	<Host_a_visit>	<Malawi>
<Sergey_Viktorovich_Lavrov>	<MakeStatement>	<John_Kerry>
<International_Court_of_Justice>	<MakeStatement>	<Police_(Rwanda)>
<Benjamin_Netanyahu>	<MakeStatement>	<Tzipi_Livni>
<Thailand>	<Praise_or_endorse>	<Farm_Worker_(Thailand)>
<Adams_Oshiomhole>	<Praise_or_endorse>	<Military_Personnel_(Benin)>
<Government_(Nigeria)>	<MakeStatement>	<Boko_Haram>
<William_Lukuvi>	<MakeStatement>	<Tanzania>
<Central_Intelligence_Agency>	<MakeStatement>	<Lawyer/Attorney_(Uganda)>
<China>	<MakeStatement>	<Myanmar>
<Lawyer/Attorney_(Kenya)>	<MakeStatement>	<Uhuru>
<Energy_Department/Ministry_(Philippines)>	<MakeStatement>	<Philippines>
<Boy_Rafli_Amar>	<MakeStatement>	<Police_(Indonesia)>
<Military_(South_Sudan)>	<MakeStatement>	<Imad_Mugniyah>
<Foreign_Affairs_(United_States)>	<Meet_at_a_'third'_location>	<Central_Bank_of_Libya>
<Ministry_(Nigeria)>	<MakeStatement>	<Government_(Nigeria)>
<Lawyer/Attorney_(Turkey)>	<MakeStatement>	<Efkan_Ala>
<TDC>	<MakeStatement>	<Al_Jazeera>
<Lawmaker_(Colombia)>	<Investigate>	<Ruben_Dario_Alzate>
<Najam_Sethi>	<MakeStatement>	<Raheel_Sharif>
<Admiral_(Iran)>	<MakeStatement>	<Iran>
<Special_Rapporteurs_of_the_United_Nations>	<MakeStatement>	<United_States_Senate>
<Lawyer/Attorney_(Philippines)>	<MakeStatement>	<City_Mayor_(Philippines)>
<Ashraf_Ghani_Ahmadzai>	<MakeStatement>	<Afghanistan>
<Federica_Mogherini>	<Express_intent_to_meet_or_negotiate>	<Citizen_(Turkey)>
<Benjamin_Netanyahu>	<MakeStatement>	<Angela_Merkel>
<Federica_Mogherini>	<Express_intent_to_meet_or_negotiate>	<John_Kerry>
<North_Atlantic_Treaty_Organization>	<Consult>	<John_Kerry>
<France>	<MakeStatement>	<Barack_Obama>
<Chuck_Hagel>	<MakeStatement>	<Iraq>
<Abdullah_Abdullah>	<Meet_at_a_'third'_location>	<Jens_Stoltenberg>
<Alexis_Tsipras>	<MakeStatement>	<Police_(Greece)>
<Tharit_Pengdit>	<MakeStatement>	<Protester_(Thailand)>
<Media_(Morocco)>	<MakeStatement>	<Morocco>
<Kazakhstan>	<MakeStatement>	<Government_(Nepal)>
<Bala_Ngilari>	<MakeStatement>	<Member_of_the_Judiciary_(Nigeria)>
<Vytenis_Povilas_Andriukaitis>	<MakeStatement>	<Algirdas_Butkevičius>
<György_Matolcsy>	<MakeStatement>	<Mexico>
<Japan>	<Express_intent_to_settle_dispute>	<China>
<Member_of_Legislative_(Govt)_(Iran)>	<MakeStatement>	<Iran>
<Soumeylou_Boubèye_Maiga>	<MakeStatement>	<Military_(Mali)>
<Military_(France)>	<Express_intent_to_cooperate_militarily>	<Military_(Mali)>
<North_Korea>	<MakeStatement>	<South_Korea>
<Citizen_(Nigeria)>	<Make_an_appeal_or_request>	<Jonah_David_Jang>
<Undersecretary_(Bahrain)>	<MakeStatement>	<Labor_and_Employment_Ministry_(Bahrain)>
<Bureaucrat_(Australia)>	<Share_intelligence_or_information>	<Campbell_Newman>
<Hamas>	<Make_a_visit>	<Iran>
<Media_Personnel_(International)>	<Accuse>	<Iran>
<Shah_Mehmood_Qureshi>	<MakeStatement>	<Ivan_Gasparovic>
<Pakistan_Tehreek-e-Insaf>	<Consult>	<Asad_Umar>
<Citizen_(Thailand)>	<Demand_humanitarian_aid>	<Military_(Thailand)>
<Iran>	<MakeStatement>	<Morteza_Sarmadi>
<Undersecretary_(Kuwait)>	<MakeStatement>	<Kuwait>
<Tajikistan>	<Meet_at_a_'third'_location>	<Tatarstan>
<Armenia>	<MakeStatement>	<Cobra_Matata>
<Rafael_Correa>	<MakeStatement>	<Mexico>
<Angela_Merkel>	<MakeStatement>	<Victoria_Nuland>
<China>	<Sign_formal_agreement>	<Abdel_Fattah_Al-Sisi>
<Police_(Indonesia)>	<Engage_in_material_cooperation>	<Citizen_(Indonesia)>
<Nasser_Judeh>	<MakeStatement>	<Simon_Khaya_Moyo>
<Gambia>	<MakeStatement>	<City_Mayor_(Italy)>
<Armed_Gang_(Afghanistan)>	<Conduct_suicide_car_or_other_non-military_bombing>	<Afghanistan>
<Citizen_(Belgium)>	<MakeStatement>	<Ethiopia>
<South_Korea>	<Express_intent_to_cooperate_on_intelligence>	<Japan>
<Police_(Tanzania)>	<MakeStatement>	<Immigrants_(Sudan)>
<Fire_Brigade_(China)>	<MakeStatement>	<China>
<Defense_/_Security_Ministry_(Nigeria)>	<MakeStatement>	<Government_(Nigeria)>
<Alexis_Tsipras>	<Consult>	<Fotis_Kouvelis>
<Pope_Francis>	<MakeStatement>	<Holy_See>
<Japan>	<Express_intent_to_cooperate_on_intelligence>	<South_Korea>
<Cabinet_/_Council_of_Ministers_/_Advisors_(United_States)>	<MakeStatement>	<Fumio_Kishida>
<Planning_Commission_(Nigeria)>	<MakeStatement>	<Ministry_(Nigeria)>
<Head_of_Government_(Mauritania)>	<MakeStatement>	<Mauritania>
<Defense_/_Security_Ministry_(Ukraine)>	<MakeStatement>	<Militant_(Ukraine)>
<Meretz>	<MakeStatement>	<Tzipi_Livni>
<China>	<MakeStatement>	<Vietnam>
<Citizen_(Nigeria)>	<Express_intent_to_cooperate>	<Planning_Commission_(Nigeria)>
<Student_(Yemen)>	<Engage_in_symbolic_act>	<Citizen_(Yemen)>
<Ashraf_Ghani_Ahmadzai>	<Praise_or_endorse>	<China>
<Head_of_Government_(Ukraine)>	<Engage_in_negotiation>	<Poland>
<John_Kerry>	<MakeStatement>	<National_Coalition_for_Syrian_Revolutionary_and_Opposition_Forces>
<Zakariya_Ismail_Ahmed_Hersi>	<Reject>	<Al-Shabaab>
<Freedom_Fighter_(Namibia)>	<MakeStatement>	<Villager_(Hong_Kong)>
<Protester_(Hong_Kong)>	<MakeStatement>	<China>
<Lawmaker_(Japan)>	<Consult>	<Okada_Katsuya>
<Ministry_(South_Korea)>	<Complain_officially>	<Cho_Hyun-ah>
<Police_(Ethiopia)>	<Arrest_detain_or_charge_with_legal_action>	<Indigenous_People_(Ethiopia)>
<Al-Shabaab>	<Use_conventional_military_force>	<Employee_(Kenya)>
<Lawmaker_(Colombia)>	<MakeStatement>	<Police_(Australia)>
<Civic_Group_(Croatia)>	<MakeStatement>	<City_Mayor_(Croatia)>
<Andrew_Robb>	<Criticize_or_denounce>	<Barack_Obama>
<Guy_Scott>	<Express_intent_to_engage_in_diplomatic_cooperation_(such_as_policy_support)>	<Citizen_(Zambia)>
<Foreign_Affairs_(Kuwait)>	<Make_a_visit>	<Iraq>
<High_Ranking_Military_Personnel_(Pakistan)>	<MakeStatement>	<Militant_(Taliban)>
<Chuck_Hagel>	<MakeStatement>	<Al_Arabiya>
<Citizen_(Thailand)>	<Demand>	<Thailand>
<South_Africa>	<MakeStatement>	<China>
<Vitaliy_Yarema>	<MakeStatement>	<Defense_/_Security_Ministry_(Ukraine)>
<Zhang_Dejiang>	<MakeStatement>	<China>
<Prayuth_Chan-ocha>	<MakeStatement>	<Military_(Thailand)>
<Businessperson_(United_Kingdom)>	<MakeStatement>	<Oil_Tanker_(Bangladesh)>
<Aladdin_Boroujerdi>	<Consult>	<Mexico>
<Foreign_Affairs_(Russia)>	<MakeStatement>	<Iraq>
<Police_(Egypt)>	<MakeStatement>	<Armed_Gang_(Egypt)>
<Makame_Mbarawa>	<MakeStatement>	<Tanzania>
<Salvador_Sánchez_Cerén>	<MakeStatement>	<Guerrilla_(El_Salvador)>
<Fishermen_(India)>	<MakeStatement>	<Government_Affiliated_Bank_(Brazil)>
<Dinh_Tien_Dung>	<MakeStatement>	<Ministry_(Vietnam)>
<Arseniy_Yatsenyuk>	<MakeStatement>	<Police_(Ukraine)>
<Armed_Band_(Benin)>	<Assassinate>	<Oodua_Peoples_Congress>
<Ayatollah_Seyyed_Ahmad_Alamolhoda>	<MakeStatement>	<Iran>
<Ministry_(Nigeria)>	<MakeStatement>	<Media_(Africa)>
<Defense_/_Security_Ministry_(Ukraine)>	<MakeStatement>	<North_Atlantic_Treaty_Organization>
<Ministry_(Morocco)>	<MakeStatement>	<Morocco>
<Maithripala_Sirisena>	<MakeStatement>	<Mahinda_Rajapaksa>
<Yamfwa_Mukanga>	<MakeStatement>	<Government_(United_States)>
<Sebastian_Ndeitunga>	<MakeStatement>	<Police_(Namibia)>
<Police_(Australia)>	<Make_an_appeal_or_request>	<Criminal_(Australia)>
<Wael_al-Halki>	<Make_an_appeal_or_request>	<Business_(Iran)>
<Lawyer/Attorney_(Holy_See_(Vatican_City_State))>	<Consult>	<Lawyer/Attorney_(Dominican_Republic)>
<Citizen_(Kenya)>	<MakeStatement>	<Volvo>
<Tajikistan>	<Engage_in_diplomatic_cooperation>	<Afghanistan>
<Ministry_(Romania)>	<Consult>	<Justice_Department/Ministery_(Romania)>
<Barack_Obama>	<MakeStatement>	<Government_(Nigeria)>
<Business_(Russia)>	<Consult>	<Head_of_Government_(Pakistan)>
<Ministry_(Croatia)>	<MakeStatement>	<Political_Parties_(Fiji)>
<Human_Rights_Watch>	<MakeStatement>	<Cambodia>
<Fiji>	<Host_a_visit>	<Xi_Jinping>
<Member_of_the_Judiciary_(Nigeria)>	<Give_ultimatum>	<Oluṣẹgun_Ọbasanjọ>
<Media_Personnel_(International)>	<MakeStatement>	<John_Kerry>
<Kim_Jong-Un>	<Engage_in_symbolic_act>	<Citizen_(North_Korea)>
<Citizen_(India)>	<MakeStatement>	<Education_(Nigeria)>
<High_Ranking_Military_Personnel_(Jordan)>	<MakeStatement>	<Police_(Jordan)>
<Presidential_Candidate_(Argentina)>	<Sign_formal_agreement>	<Congress_(Argentina)>
<Pope_Francis>	<Express_intent_to_meet_or_negotiate>	<Bolivia>
<Chuck_Hagel>	<MakeStatement>	<Lawmaker_(Turkey)>
<Dunya_Maumoon>	<MakeStatement>	<Maldives>
<Poland>	<Express_intent_to_cooperate_economically>	<Qatar>
<Pier_Ferdinando_Casini>	<MakeStatement>	<Iran>
<UN_Security_Council>	<MakeStatement>	<Sudan>
<Afghanistan>	<Make_a_visit>	<Tajikistan>
<Caitlin_Hayden>	<MakeStatement>	<Imad_Mugniyah>
<Citizen_(Belgium)>	<Demonstrate_or_rally>	<Government_(Belgium)>
<Police_(El_Salvador)>	<MakeStatement>	<Criminal_(El_Salvador)>
<Government_(United_Arab_Emirates)>	<MakeStatement>	<Other_Authorities_/_Officials_(Zimbabwe)>
<Agriculture_/_Fishing_/_Forestry_Ministry_(Sudan)>	<MakeStatement>	<Sudan>
<Combatant_(Islamic_State_of_Iraq_and_the_Levant)>	<MakeStatement>	<Government_(Germany)>
<Lawyer/Attorney_(Germany)>	<Return_release_person(s)>	<Children_(Germany)>
<South_Korea>	<Express_intent_to_meet_or_negotiate>	<Vietnam>
<Government_(Nigeria)>	<MakeStatement>	<Fula_people>
<Sergey_Viktorovich_Lavrov>	<Consult>	<Paolo_Gentiloni>
<Qassim_Atta>	<MakeStatement>	<Air_Force_(Iraq)>
<Toru_Hashimoto>	<MakeStatement>	<Newspaper_(Japan)>
<Alexander_Grushko>	<Discuss_by_telephone>	<Interfax>
<Benjamin_Netanyahu>	<MakeStatement>	<Police_(Israel)>
<Archbishop_(Australia)>	<MakeStatement>	<Lawyer/Attorney_(Australia)>
<Bradesco>	<MakeStatement>	<Government_Affiliated_Bank_(Brazil)>
<Police_(Indonesia)>	<MakeStatement>	<New_Zealand>
<Foreign_Affairs_(Russia)>	<Make_a_visit>	<Foreign_Affairs_(Latvia)>
<Police_(Tanzania)>	<Arrest_detain_or_charge_with_legal_action>	<Citizen_(Tanzania)>
<Barack_Obama>	<MakeStatement>	<Raúl_Castro>
<Citizen_(Nigeria)>	<Make_an_appeal_or_request>	<Daily_Trust>
<Susana_Villaran>	<MakeStatement>	<Business_(Peru)>
<Emal_Faizi>	<MakeStatement>	<Afghanistan>
<Milos_Zeman>	<MakeStatement>	<Jan_Kohout>
<Dmitry_Anatolyevich_Medvedev>	<Consult>	<Djoomart_Otorbaev>
<Pope_Francis>	<MakeStatement>	<Priest_(Holy_See_(Vatican_City_State))>
<Lawyer/Attorney_(Sierra_Leone)>	<MakeStatement>	<Member_of_the_Judiciary_(Sierra_Leone)>
<Abdullah_Abdullah>	<MakeStatement>	<Afghanistan>
<Bhim_Singh>	<MakeStatement>	<Umar_al_Bashir>
<Barack_Obama>	<Express_intent_to_engage_in_diplomatic_cooperation_(such_as_policy_support)>	<Guinea>
<South_Korea>	<Sign_formal_agreement>	<New_Zealand>
<High_Ranking_Military_Personnel_(Pakistan)>	<MakeStatement>	<Criminal_(Pakistan)>
<Djibouti>	<MakeStatement>	<Legislature_(Turkey)>
<Thailand>	<MakeStatement>	<Cambodia>
<Geng_Yansheng>	<MakeStatement>	<Japan>
<Student_(Yemen)>	<MakeStatement>	<Nigerian_Bar_Association>
<Angus_Houston>	<MakeStatement>	<Associated_Press>
<Philippines>	<Host_a_visit>	<Pope_Francis>
<Alexander_Lukashevich>	<MakeStatement>	<Canada>
<Gambia>	<Criticize_or_denounce>	<Guinea>
<Cho_Tai-young>	<Make_an_appeal_or_request>	<Japan>
<Ebrahim_Yazdi>	<MakeStatement>	<Provincial_Officials_(China)>
<Isaac_Kiprono_Ruto>	<MakeStatement>	<Member_of_Legislative_(Govt)_(Kenya)>
<UN_Security_Council>	<Make_an_appeal_or_request>	<South_Sudan>
<John_Kerry>	<MakeStatement>	<UN_Security_Council>
<China>	<Host_a_visit>	<Head_of_Government_(Egypt)>
<Military_(Jordan)>	<Praise_or_endorse>	<Terrorist_Organization_(Syria)>
<UN_Security_Council>	<MakeStatement>	<Government_(Syria)>
<Jitan_Ram_Manjhi>	<Make_pessimistic_comment>	<Citizen_(India)>
<Abdel_Fattah_Al-Sisi>	<Make_an_appeal_or_request>	<Xi_Jinping>
<Fan_Changlong>	<Make_an_appeal_or_request>	<Military_(China)>
<Marziyeh_Afkham>	<MakeStatement>	<Iran>
<Kuwait>	<MakeStatement>	<Pavel_Gubarev>
<Treasury/Finance_Ministry_(Nigeria)>	<MakeStatement>	<Boko_Haram>
<Algirdas_Butkevičius>	<MakeStatement>	<Social_Democratic_Party_(Lithuania)>
<Police_(Kenya)>	<MakeStatement>	<Immigrants_(Ethiopia)>
<Military_Wing_(Hamas)>	<Praise_or_endorse>	<Iran>
<Benjamin_Netanyahu>	<MakeStatement>	<Israeli_Defense_Forces>
<Human_Rights_Watch>	<MakeStatement>	<Lawyer/Attorney_(Australia)>
<Armed_Band_(Afghanistan)>	<Use_unconventional_violence>	<Member_of_the_Judiciary_(Afghanistan)>
<Government_(Croatia)>	<MakeStatement>	<Ministry_(Croatia)>
<City_Mayor_(South_Africa)>	<MakeStatement>	<Government_(South_Africa)>
<Royal_Air_Force>	<MakeStatement>	<Attack_Craft_(United_Kingdom)>
<Abdel_Fattah_Al-Sisi>	<MakeStatement>	<Secretariat_(Egypt)>
<Military_(Philippines)>	<Express_intent_to_engage_in_diplomatic_cooperation_(such_as_policy_support)>	<Philippines>
<Police_(Kenya)>	<Accuse>	<Citizen_(Kenya)>
<Tomislav_Nikolić>	<MakeStatement>	<European_Parliament>
<Vietnam>	<MakeStatement>	<Military_(Vietnam)>
<Drug_Gang_(Mexico)>	<MakeStatement>	<Police_(Greece)>
<Chris_Alexander>	<MakeStatement>	<Canada>
<Haider_Al-Abadi>	<Praise_or_endorse>	<Iran>
<Foreign_Affairs_(Russia)>	<MakeStatement>	<North_Atlantic_Treaty_Organization>
<David_Choquehuanca>	<MakeStatement>	<Bolivia>
<Aladdin_Boroujerdi>	<Make_a_visit>	<Mexico>
<Government_(Nigeria)>	<MakeStatement>	<Ogbeni_Rauf_Aregbesola>
<Prayuth_Chan-ocha>	<MakeStatement>	<National_Council_for_Peace_and_Order_of_Thailand>
<Envoy_(United_States)>	<MakeStatement>	<Iran>
<Ashraf_Ghani_Ahmadzai>	<Make_a_visit>	<Afghanistan>
<France>	<MakeStatement>	<South_Korea>
<Iran>	<MakeStatement>	<Edgars_Rinkevics>
<Israeli_Defense_Forces>	<MakeStatement>	<Iran>
<Salah_al-Bardawil>	<MakeStatement>	<Government_(Palestinian_Territory_Occupied)>
<Foreign_Affairs_(United_States)>	<Criticize_or_denounce>	<Malaysia>
<John_Kerry>	<Make_a_visit>	<South_Sudan>
<Sadiq_al-Mahdi>	<MakeStatement>	<Government_(Sudan)>
<Klaus_Johannis>	<Consult>	<Victor_Ponta>
<North_Atlantic_Treaty_Organization>	<Host_a_visit>	<John_Kerry>
<Central_Intelligence_Agency>	<Arrest_detain_or_charge_with_legal_action>	<Citizen_(India)>
<North_Korea>	<MakeStatement>	<Japan>
<Joseph_Katema>	<Praise_or_endorse>	<Zambia_National_Broadcasting_Corporation>
<Afghanistan>	<MakeStatement>	<Armed_Band_(Afghanistan)>
<Danjuma_Goje>	<Assassinate>	<Ibrahim_Hassan_Dankwambo>
<Citizen_(Kenya)>	<Use_unconventional_violence>	<Police_(Kenya)>
<Israeli_Defense_Forces>	<fight_with_small_arms_and_light_weapons>	<Criminal_(Israel)>
<Party_Member_(Zambia)>	<Make_an_appeal_or_request>	<Court_Judge_(Zambia)>
<Nhial_Deng_Nhial>	<MakeStatement>	<Ethiopia>
<Police_(Peru)>	<MakeStatement>	<Medical_Personnel_(Peru)>
<Sudan>	<MakeStatement>	<Benazir_Bhutto>
<Military_Personnel_(Philippines)>	<MakeStatement>	<Abu_Sayyaf>
<Ethiopia>	<Host_a_visit>	<Kyung-wha_Kang>
<Viktor_Orban>	<Engage_in_negotiation>	<Erste_Bank>
<Heydar_Aliyev>	<Praise_or_endorse>	<Head_of_Government_(Afghanistan)>
<North_Korea>	<Criticize_or_denounce>	<Barack_Obama>
<Media_Personnel_(Somalia)>	<MakeStatement>	<Al-Shabaab>
<Interfax>	<MakeStatement>	<John_Kerry>
<Wael_al-Halki>	<MakeStatement>	<Guerrilla_(Revolutionary_Armed_Forces_of_Colombia)>
<Vietnam>	<Engage_in_diplomatic_cooperation>	<Laos>
<Danjuma_Goje>	<MakeStatement>	<Imran_Khan>
<Melissa_Fleming>	<MakeStatement>	<Asylum_Seeker_(Sudan)>
<Jens_Stoltenberg>	<Express_intent_to_meet_or_negotiate>	<Arseniy_Yatsenyuk>
<Daily_Trust>	<Consult>	<Alhaji_Lai_Mohammed>
<Mohammad_Reza_Naqdi>	<MakeStatement>	<Iran>
<Xi_Jinping>	<MakeStatement>	<Tanzania>
<Chongwadai>	<MakeStatement>	<Government_(United_States)>
<Cleric_(Bahrain)>	<Criticize_or_denounce>	<Other_Authorities_/_Officials_(Bahrain)>
<Adams_Oshiomhole>	<Praise_or_endorse>	<Professor_(Benin)>
<Ziyad_Abu-Ayn>	<Criticize_or_denounce>	<Israeli_Defense_Forces>
<Activist_(France)>	<MakeStatement>	<France>
<Philipp_Rösler>	<MakeStatement>	<Vietnam>
<Alexander_Lukashevich>	<MakeStatement>	<Sergey_Viktorovich_Lavrov>
<Iran>	<MakeStatement>	<Barack_Obama>
<Abdol-Reza_Mesri>	<MakeStatement>	<European_Parliament>
<Defense_/_Security_Ministry_(Russia)>	<MakeStatement>	<France>
<Mahinda_Rajapaksa>	<MakeStatement>	<Malawi>
<Yves-Fran_Francois_Blanchet>	<MakeStatement>	<Canada>
<Head_of_Government_(Ecuador)>	<MakeStatement>	<Government_(Ecuador)>
<Al_Arabiya>	<MakeStatement>	<Royal_Administration_(Saudi_Arabia)>
<Ashraf_Ghani_Ahmadzai>	<Sign_formal_agreement>	<Defense_/_Security_Ministry_(United_States)>
<Business_(Russia)>	<MakeStatement>	<Student_(Tanzania)>
<Company_-_Owner_or_Operator_(Nigeria)>	<MakeStatement>	<Industry_(South_Africa)>
<Tehrik-i-Taliban_Pakistan>	<MakeStatement>	<Australia_Greens>
<Kazakhstan>	<Grant_diplomatic_recognition>	<Bahamas>
<Kaci_Hickox>	<MakeStatement>	<Nurse_(United_States)>
<Head_of_Government_(Ukraine)>	<MakeStatement>	<Verkhovna_Rada>
<China>	<Engage_in_diplomatic_cooperation>	<South_Africa>
<Member_of_the_Judiciary_(Nigeria)>	<MakeStatement>	<Cristina_Fernández_de_Kirchner>
<Justice_Department/Ministery_(Libya)>	<MakeStatement>	<Ahmed_Abu_Khatallah>
<Uhuru_Muigai_Kenyatta>	<MakeStatement>	<Qatar>
<Defense_/_Security_Ministry_(United_States)>	<MakeStatement>	<Iraq>
<China>	<MakeStatement>	<Iran>
<Royal_Administration_(Saudi_Arabia)>	<Host_a_visit>	<Defense_/_Security_Ministry_(Spain)>
<Domestic_Affairs_(France)>	<MakeStatement>	<France>
<Iran>	<Host_a_visit>	<International_Federation_of_Red_Cross_and_Red_Crescent_Societies>
<Director_General_(Russia)>	<MakeStatement>	<Business_(Russia)>
<Myanmar>	<Cooperate_economically>	<Thailand>
<Mevlut_Cavusoglu>	<Consult>	<Tamar_Beruchashvili>
<Citizen_(Nigeria)>	<Rally_opposition_against>	<Oluṣẹgun_Ọbasanjọ>
<Ministry_(Nigeria)>	<MakeStatement>	<Farm_Worker_(Nigeria)>
<Media_Personnel_(Honduras)>	<MakeStatement>	<Court_Judge_(Honduras)>
<Armed_Gang_(India)>	<Kill_by_physical_assault>	<Citizen_(India)>
<James_Ongwae>	<MakeStatement>	<Media_(Africa)>
<Citizen_(India)>	<Accuse>	<Naval_(Sri_Lanka)>
<Men_(South_Africa)>	<fight_with_small_arms_and_light_weapons>	<Police_(South_Africa)>
<Algirdas_Butkevičius>	<MakeStatement>	<European_Parliament>
<Party_President_(Romania)>	<MakeStatement>	<Klaus_Johannis>
<James_Selfe>	<MakeStatement>	<Media_Personnel_(United_States)>
<Angela_Merkel>	<MakeStatement>	<Government_(Germany)>
<John_Kerry>	<MakeStatement>	<Angola>
<Hamas>	<Make_an_appeal_or_request>	<Head_of_Government_(Palestinian_Territory_Occupied)>
<Prayuth_Chan-ocha>	<MakeStatement>	<Government_(Qatar)>
<Sean_Edwards>	<MakeStatement>	<Police_(United_States)>
<Herve_Ladsous>	<MakeStatement>	<Provincial_Officials_(China)>
<Oluṣẹgun_Ọbasanjọ>	<Criticize_or_denounce>	<Court_Judge_(Nigeria)>
<Head_of_Government_(Chile)>	<MakeStatement>	<City_Mayor_(Chile)>
<Guinea>	<MakeStatement>	<Court_Judge_(Mexico)>
<John_Campbell>	<Consult>	<Raheel_Sharif>
<Kuwait>	<Meet_at_a_'third'_location>	<Oman>
<Lawyer/Attorney_(Philippines)>	<MakeStatement>	<Justice_Department/Ministery_(Philippines)>
<UN_Security_Council>	<MakeStatement>	<Other_Authorities_/_Officials_(Russia)>
<Civic_Group_(Taiwan)>	<Praise_or_endorse>	<Party_Member_(Taiwan)>
<Government_(United_Arab_Emirates)>	<Defend_verbally>	<Citizen_(Australia)>
<National_Coalition_Party>	<MakeStatement>	<Alexander_Stubb>
<Citizen_(Croatia)>	<Appeal_for_change_in_leadership>	<Ministry_(Croatia)>
<Amit_Shah>	<MakeStatement>	<Criminal_(Argentina)>
<Haider_Al-Abadi>	<Make_a_visit>	<Kuwait>
<Ethiopia>	<MakeStatement>	<Al-Shabaab>
<Blogger_(Australia)>	<MakeStatement>	<Police_(Australia)>
<Combatant_(Pakistan)>	<Use_unconventional_violence>	<Education_(Pakistan)>
<Governor_(Kenya)>	<MakeStatement>	<James_Ongwae>
<Scholar_(Nigeria)>	<Make_an_appeal_or_request>	<Citizen_(Nigeria)>
<Bahrain>	<Accuse>	<Qatar>
<Foreign_Affairs_(United_States)>	<MakeStatement>	<Angola>
<Liu_Jieyi>	<MakeStatement>	<China>
<China>	<Express_intent_to_meet_or_negotiate>	<Xi_Jinping>
<Malaysia>	<MakeStatement>	<Armed_Rebel_(Ukraine)>
<Micky_Rosenfeld>	<MakeStatement>	<Tourist_(United_States)>
<Special_Rapporteurs_of_the_United_Nations>	<Praise_or_endorse>	<Barack_Obama>
<Citizen_(Kenya)>	<Abduct_hijack_or_take_hostage>	<Businessperson_(Kenya)>
<Mulatu_Teshome>	<Praise_or_endorse>	<Foreign_Affairs_(Yemen)>
<Awami_(People's)_League>	<Use_unconventional_violence>	<Citizen_(Bangladesh)>
<Media_Personnel_(New_Zealand)>	<MakeStatement>	<Government_(New_Zealand)>
<Juan_Antonio_Coloma>	<MakeStatement>	<Foreign_Affairs_(Chile)>
<Jonah_David_Jang>	<MakeStatement>	<Government_(Nigeria)>
<Jitan_Ram_Manjhi>	<MakeStatement>	<Tanzania>
<Israeli_Defense_Forces>	<MakeStatement>	<Al_Jazeera>
<Ziyad_Abu-Ayn>	<MakeStatement>	<Militant_(Ukraine)>
<North_American_Aerospace_Defense_Command>	<MakeStatement>	<Military_(Russia)>
<Sergey_Viktorovich_Lavrov>	<MakeStatement>	<RIA_Novosti>
<Barack_Obama>	<MakeStatement>	<Government_(Syria)>
<Intelligence_and_Security_Committee>	<MakeStatement>	<Court_Judge_(Honduras)>
<Media_Personnel_(Pakistan)>	<MakeStatement>	<Abdul_Aziz>
<Raúl_Castro>	<MakeStatement>	<City_Mayor_(Indonesia)>
<Ravi_Shankar_Prasad>	<MakeStatement>	<Head_of_Government_(India)>
<Ministry_(Russia)>	<Praise_or_endorse>	<Staffan_de_Mistura>
<Citizen_(Nigeria)>	<Criticize_or_denounce>	<Court_Judge_(Nigeria)>
<Men_(India)>	<fight_with_small_arms_and_light_weapons>	<Fishermen_(India)>
<Militant_(Taliban)>	<Use_unconventional_violence>	<Employee_(Afghanistan)>
<Other_Authorities_/_Officials_(Turkey)>	<Arrest_detain_or_charge_with_legal_action>	<Citizen_(Turkey)>
<France>	<Use_conventional_military_force>	<Insurgent_(Algeria)>
<Taufa'ahau_Tupou_IV>	<MakeStatement>	<Tonga>
<Head_of_Government_(Greece)>	<MakeStatement>	<Coalition_of_the_Radical_Left>
<Aam_Aadmi_Party>	<MakeStatement>	<National_Party_(India)>
<Bahrain>	<Engage_in_diplomatic_cooperation>	<Kuwait>
<Foreign_Affairs_(United_States)>	<Consult>	<Islam_Karimov>
<Scientist_(France)>	<MakeStatement>	<Environmentalist_(France)>
<High_Ranking_Military_Personnel_(Jordan)>	<MakeStatement>	<Ministry_(Jordan)>
<Djibouti>	<Cooperate_economically>	<Ethiopia>
<China>	<Make_an_appeal_or_request>	<Angola>
<Thief_(India)>	<Use_unconventional_violence>	<Men_(India)>
<Hamas>	<Consult>	<Iran>
<Cheng_Yonghua>	<MakeStatement>	<China>
<Iran>	<MakeStatement>	<Mohammad_Javad_Zarif>
<Voice_of_the_Voiceless>	<Make_an_appeal_or_request>	<Other_Authorities_/_Officials_(Democratic_Republic_of_Congo)>
<Foreign_Affairs_(Italy)>	<Express_intent_to_meet_or_negotiate>	<Paolo_Gentiloni>
<Armed_Separatist_(China)>	<MakeStatement>	<Independence_Party>
<Other_Authorities_/_Officials_(China)>	<MakeStatement>	<Provincial_Officials_(China)>
<Barack_Obama>	<Accuse>	<North_Korea>
<Head_of_Government_(Egypt)>	<MakeStatement>	<Boko_Haram>
<Foreign_Affairs_(Russia)>	<Make_optimistic_comment>	<Vietnam>
<Edwin_Kanguatjivi>	<MakeStatement>	<Police_(Namibia)>
<Military_(Jordan)>	<MakeStatement>	<Romania>
<Yoon_Sang-jick>	<MakeStatement>	<South_Korea>
<Ministry_(Romania)>	<MakeStatement>	<Dimitrios_Avramopoulos>
<Election_Commission_(Fiji)>	<MakeStatement>	<Political_Parties_(Fiji)>
<Business_(Iran)>	<Cooperate_economically>	<Iran>
<Other_Authorities_/_Officials_(Zimbabwe)>	<MakeStatement>	<Federal_Police>
<Miguel_Ángel_Osorio_Chong>	<MakeStatement>	<Government_(Mexico)>
<Foreign_Affairs_(United_States)>	<MakeStatement>	<South_Sudan>
<Ministry_(Tanzania)>	<MakeStatement>	<Barack_Obama>
<Alfred_Romualdez>	<MakeStatement>	<Philippines>
<Government_(Pakistan)>	<Use_conventional_military_force>	<Tehrik-i-Taliban_Pakistan>
<Noh_Kwang-il>	<MakeStatement>	<South_Korea>
<Police_(South_Korea)>	<Confiscate_property>	<Citizen_(South_Korea)>
<Activist_(Colombia)>	<MakeStatement>	<Lawyer/Attorney_(Colombia)>
<Industrial_/_Textiles_/_Mining_Ministry_(China)>	<MakeStatement>	<China>
<Sergey_Viktorovich_Lavrov>	<MakeStatement>	<Joseph_Robinette_Biden>
<Lapo_Pistelli>	<MakeStatement>	<Nurse_(France)>
<Head_of_Government_(Bahamas)>	<MakeStatement>	<Government_(Bahamas)>
<Military_(France)>	<MakeStatement>	<Military_(Central_African_Republic)>
<Benjamin_Netanyahu>	<MakeStatement>	<Iran>
<John_Kerry>	<MakeStatement>	<North_Korea>
<Protester_(Cuba)>	<Demonstrate_or_rally>	<Barack_Obama>
<Armed_Gang_(Libya)>	<MakeStatement>	<Court_Judge_(Iraq)>
<Other_Authorities_/_Officials_(China)>	<Arrest_detain_or_charge_with_legal_action>	<Military_(China)>
<Media_Personnel_(Pakistan)>	<MakeStatement>	<Cleric_(Pakistan)>
<Mahinda_Rajapaksa>	<Return_release_person(s)>	<Fishermen_(India)>
<Militant_(Philippines)>	<Use_unconventional_violence>	<Military_(Philippines)>
<Legislature_(Romania)>	<MakeStatement>	<Rights_Activist_(Kenya)>
<United_Left_(Slovenia)>	<MakeStatement>	<Other_Authorities_/_Officials_(Switzerland)>
<Dumiso_Dabengwa>	<Accuse>	<Phelekezela_Mphoko>
<Bureaucrat_(Australia)>	<MakeStatement>	<Mob_(Kenya)>
<Alhaji_Lai_Mohammed>	<Accuse>	<Ibrahim_Hassan_Dankwambo>
<Aam_Aadmi_Party>	<Praise_or_endorse>	<Religion_(India)>
<Nabih_Berri>	<Consult>	<Lawmaker_(Lebanon)>
<Scholar_(Nigeria)>	<MakeStatement>	<Head_of_Government_(Nigeria)>
<Wang_Anshun>	<MakeStatement>	<China>
<Virgin_Atlantic_Airways>	<MakeStatement>	<Air_France>
<Nikos_Christodoulides>	<MakeStatement>	<Nicos_Anastasiades>
<Ministry_(La_Francophonie)>	<MakeStatement>	<Canada>
<Dissident_(China)>	<MakeStatement>	<Military_Personnel_(Mali)>
<Police_(Kenya)>	<MakeStatement>	<The_Standard>
<Bala_Abdulkadir_Mohammed>	<MakeStatement>	<Government_(Nigeria)>
<Media_Personnel_(Saudi_Arabia)>	<MakeStatement>	<Media_(Saudi_Arabia)>
<Retno_Marsudi>	<MakeStatement>	<Foreign_Affairs_(Russia)>
<Combatant_(Islamic_State_of_Iraq_and_the_Levant)>	<Use_unconventional_violence>	<Iraq>
<Marou_Amadou>	<MakeStatement>	<Attacker_(Niger)>
<Police_(Tanzania)>	<Arrest_detain_or_charge_with_legal_action>	<Criminal_(Tanzania)>
<Asad_Umar>	<MakeStatement>	<Indigenous_People_(South_Korea)>
<Xi_Jinping>	<MakeStatement>	<Military_(China)>
<Lawyer/Attorney_(Jordan)>	<MakeStatement>	<City_Mayor_(Ukraine)>
<Taavi_Rõivas>	<MakeStatement>	<Julie_Bishop>
<Awami_(People's)_League>	<MakeStatement>	<Government_(South_Africa)>
<National_United_Front_for_Democracy_Against_Dictatorship>	<MakeStatement>	<Liberal_Party_(Canada)>
<Police_(Kenya)>	<MakeStatement>	<Mob_(Kenya)>
<Gilles_Jaron>	<MakeStatement>	<Military_(France)>
<Benjamin_Netanyahu>	<Express_intent_to_meet_or_negotiate>	<Yair_Lapid>
<Military_(United_Kingdom)>	<MakeStatement>	<Afghanistan>
<Government_(United_Arab_Emirates)>	<Investigate>	<Citizen_(United_Arab_Emirates)>
<Ministry/Department_of_Technology_(Iraq)>	<MakeStatement>	<Militant_(Iraq)>
<Arseniy_Yatsenyuk>	<Consult>	<Jens_Stoltenberg>
<Supreme_Council_(Iraq)>	<MakeStatement>	<Court_Judge_(Iraq)>
<Klaus_Johannis>	<MakeStatement>	<National_Liberal_Party>
<Royal_Administration_(Iraq)>	<MakeStatement>	<Iraq>
<Jens_Stoltenberg>	<MakeStatement>	<North_Atlantic_Treaty_Organization>
<Malawi_Electoral_Commission>	<MakeStatement>	<Political_Parties_(Malawi)>
<Barack_Obama>	<MakeStatement>	<Xi_Jinping>
<Greenpeace>	<MakeStatement>	<Activist_(United_States)>
<Head_of_Government_(Greece)>	<MakeStatement>	<Police_(Greece)>
<Pakistan_Tehreek-e-Insaf>	<MakeStatement>	<Imran_Khan>
<Fan_Changlong>	<MakeStatement>	<Civic_Group_(Croatia)>
<Police_(United_States)>	<MakeStatement>	<Defense_/_Security_Ministry_(Angola)>
<North_Korea>	<Criticize_or_denounce>	<South_Korea>
<Court_Judge_(Nigeria)>	<Demand>	<Lateef_Fagbemi>
<Angela_Merkel>	<MakeStatement>	<Head_of_Government_(Bulgaria)>
<Joseph_Ole_Lenku>	<MakeStatement>	<High_Commission_for_Refugees>
<Qatar>	<MakeStatement>	<Abdel_Fattah_Al-Sisi>
<Joe_Oliver>	<MakeStatement>	<Barack_Obama>
<Lawyer/Attorney_(Dominican_Republic)>	<Consult>	<Pope_Francis>
<Citizen_(Kenya)>	<Use_unconventional_violence>	<Kenya_Army>
<Yalcin_Akdogan>	<Consult>	<Legislature_(Turkey)>
<Zakariya_Ismail_Ahmed_Hersi>	<MakeStatement>	<Sikh_(India)>
<Arseniy_Yatsenyuk>	<Make_an_appeal_or_request>	<North_Atlantic_Treaty_Organization>
<Director_General_(Cambodia)>	<MakeStatement>	<Cambodia>
<Legislature_(China)>	<MakeStatement>	<China>
<Domestic_Affairs_(Spain)>	<MakeStatement>	<Civil_Guard>
<Ministry_(Brazil)>	<Engage_in_negotiation>	<Supreme_Electoral_Court>
<Taavi_Rõivas>	<Make_optimistic_comment>	<Head_of_Government_(China)>
<Japan>	<MakeStatement>	<North_Korea>
<Mahamat_Saleh_Annadif>	<MakeStatement>	<African_Union>
<Police_(Poland)>	<MakeStatement>	<Thief_(Poland)>
<Dmitry_Anatolyevich_Medvedev>	<Consult>	<Vnesheconombank>
<Dinka>	<MakeStatement>	<Riek_Machar>
<Afghanistan>	<MakeStatement>	<Abdullah_Abdullah>
<John_Kerry>	<MakeStatement>	<Haider_Al-Abadi>
<Qatar>	<Return_release_person(s)>	<Military_(Lebanon)>
<Government_(Nigeria)>	<Praise_or_endorse>	<Company_-_Owner_or_Operator_(Nigeria)>
<Police_(Australia)>	<MakeStatement>	<Media_Personnel_(Australia)>
<Barack_Obama>	<Criticize_or_denounce>	<North_Korea>
<Foreign_Affairs_(United_States)>	<MakeStatement>	<Political_Parties_(Kosovo)>
<Lawyer/Attorney_(Uganda)>	<MakeStatement>	<Kivutha_Kibwana>
<China>	<MakeStatement>	<Japan>
<Business_(Netherlands)>	<MakeStatement>	<France>
<Ministry_(Romania)>	<MakeStatement>	<Romania>
<Barack_Obama>	<MakeStatement>	<Military_(Russia)>
<Oommen_Chandy>	<MakeStatement>	<Revolutionary_Socialist_Party>
<Chaturon_Chaisang>	<MakeStatement>	<Ministry_(Thailand)>
<Media_Personnel_(Somalia)>	<MakeStatement>	<Media_(Africa)>
<Ministry_(Bosnia_and_Herzegovina)>	<MakeStatement>	<Employee_(Bosnia_and_Herzegovina)>
<Amit_Shah>	<Express_intent_to_meet_or_negotiate>	<Citizen_(India)>
<Djoomart_Otorbaev>	<Make_a_visit>	<Kazakhstan>
<Citizen_(Namibia)>	<Yield>	<Police_(Namibia)>
<Court_Judge_(Nigeria)>	<MakeStatement>	<Bala_Abdulkadir_Mohammed>
<Justice_Department/Ministery_(Senegal)>	<MakeStatement>	<Karim_Wade>
<Militant_(Philippines)>	<MakeStatement>	<Lawyer/Attorney_(Australia)>
<Sergey_Viktorovich_Lavrov>	<MakeStatement>	<Iran>
<Protester_(Cuba)>	<MakeStatement>	<Islamic_(India)>
<Somen_Mitra>	<MakeStatement>	<United_Progressive_Alliance>
<Antonis_Samaras>	<Consult>	<Evangelos_Venizelos>
<Bismillah_Khan_Mohammadi>	<MakeStatement>	<Afghanistan>
<Military_Personnel_(Philippines)>	<Praise_or_endorse>	<Refugee_(Philippines)>
<Mohamed_Osman_Jawari>	<MakeStatement>	<Iran>
<Party_Member_(Zambia)>	<MakeStatement>	<Guy_Scott>
<Hamas>	<MakeStatement>	<Benjamin_Netanyahu>
<Head_of_Government_(Mauritania)>	<MakeStatement>	<Government_(Mauritania)>
<Ibrahim_Boubacar_Keïta>	<MakeStatement>	<France>
<Citizen_(Nigeria)>	<MakeStatement>	<Employee_(Kuwait)>
<Royal_Administration_(Saudi_Arabia)>	<MakeStatement>	<Nicos_Anastasiades>
<Lawmaker_(Syria)>	<MakeStatement>	<Villager_(Hong_Kong)>
<Envoy_(Qatar)>	<Consult>	<Abdel_Fattah_Al-Sisi>
<Al-Shabaab>	<MakeStatement>	<Police_(Dominican_Republic)>
<Trade_Official_(Iran)>	<MakeStatement>	<Iran>
<Cabinet_/_Council_of_Ministers_/_Advisors_(United_States)>	<Make_an_appeal_or_request>	<Guerrilla_(Revolutionary_Armed_Forces_of_Colombia)>
<Yoani_Sánchez>	<MakeStatement>	<Government_(United_States)>
<Manuel_Monteiro_de_Castro>	<MakeStatement>	<Police_(Dominican_Republic)>
<Yemi_Osinbajo>	<MakeStatement>	<Muhammadu_Buhari>
<Citizen_(Nigeria)>	<Make_an_appeal_or_request>	<Member_of_the_Judiciary_(Nigeria)>
<Caroline_Nzibe>	<Demand>	<Children_(Uganda)>
<Member_of_Parliament_(India)>	<MakeStatement>	<Thief_(India)>
<Business_(Iran)>	<MakeStatement>	<Armed_Gang_(Benin)>
<Foreign_Affairs_(Russia)>	<MakeStatement>	<Terrorist_Leader_(Syria)>
<Maxon_Mbendera>	<MakeStatement>	<Malawi_Electoral_Commission>
<John_Walker>	<MakeStatement>	<Thief_(United_States)>
<Peter_Szijjarto>	<Discuss_by_telephone>	<Sergey_Viktorovich_Lavrov>
<Foreign_Affairs_(Syria)>	<MakeStatement>	<Foreign_Affairs_(India)>
<Environment_Department/Ministry_(Malaysia)>	<MakeStatement>	<Malaysia>
<Omar_Abdullah>	<Criticize_or_denounce>	<Citizen_(India)>
<South_Korea>	<Arrest_detain_or_charge_with_legal_action>	<Citizen_(South_Korea)>
<Police_(Israel)>	<Arrest_detain_or_charge_with_legal_action>	<Men_(United_States)>
<Alexis_Tsipras>	<Praise_or_endorse>	<Serbia>
<Head_of_Government_(Greece)>	<Reject>	<International_Monetary_Fund>
<Member_of_Parliament_(India)>	<Express_intent_to_meet_or_negotiate>	<Citizen_(India)>
<Defense_/_Security_Ministry_(United_States)>	<MakeStatement>	<Malaysia>
<Maithripala_Sirisena>	<Criticize_or_denounce>	<Mahinda_Rajapaksa>
<South_Africa>	<Provide_economic_aid>	<Hakainde_Hichilema>
<South_Africa>	<Engage_in_diplomatic_cooperation>	<South_Sudan>
<Pol_Gen_Somyot_Poompanmoung>	<MakeStatement>	<Police_(Hong_Kong)>
<Media_Personnel_(Pakistan)>	<MakeStatement>	<Imran_Khan>
<Israeli_Defense_Forces>	<MakeStatement>	<Hamas>
<Citizen_(Botswana)>	<MakeStatement>	<Militant_(Yemen)>
<Foreign_Affairs_(Russia)>	<MakeStatement>	<Sergey_Viktorovich_Lavrov>
<Police_(Australia)>	<Investigate>	<Women_(Australia)>
<Lawmaker_(Spain)>	<MakeStatement>	<Governor_(Spain)>
<France>	<MakeStatement>	<Benjamin_Netanyahu>
<Governor_(Somalia)>	<MakeStatement>	<Combatant_(Al-Shabaab)>
<Yalcin_Akdogan>	<MakeStatement>	<Tamerlan_Tsarnaev>
<Envoy_(Qatar)>	<MakeStatement>	<Medical_Personnel_(Peru)>
<North_Atlantic_Treaty_Organization>	<Consult>	<Mevlut_Cavusoglu>
<Cabinet_/_Council_of_Ministers_/_Advisors_(Japan)>	<Consult>	<Takeshi_Onaga>
<Ashraf_Ghani_Ahmadzai>	<MakeStatement>	<North_Atlantic_Treaty_Organization>
<Armed_Band_(Afghanistan)>	<MakeStatement>	<Media_(Africa)>
<Public_Prosecutor_(New_Zealand)>	<MakeStatement>	<Business_(New_Zealand)>
<Tsvetlin_Yovchev>	<MakeStatement>	<Police_(Bulgaria)>
<Yi_Xianliang>	<MakeStatement>	<China>
<Barack_Obama>	<MakeStatement>	<Military_(China)>
<Military_Personnel_(Argentina)>	<Use_conventional_military_force>	<Women_(Argentina)>
<Chiang_Wei-ling>	<MakeStatement>	<Education_Ministry_(Taiwan)>
<Algirdas_Butkevičius>	<Consult>	<China>
<Shah_Mehmood_Qureshi>	<Consult>	<Ishaq_Dar>
<Olagunsoye_Oyinlola>	<MakeStatement>	<Other_Authorities_/_Officials_(Russia)>
<China>	<Host_a_visit>	<Abdel_Fattah_Al-Sisi>
<Police_(El_Salvador)>	<MakeStatement>	<Antonio_Guerrero_Rodríguez>
<Police_(Peru)>	<Arrest_detain_or_charge_with_legal_action>	<Men_(Mexico)>
<Fishermen_(India)>	<Provide_humanitarian_aid>	<Citizen_(India)>
<Civic_Group_(Afghanistan)>	<MakeStatement>	<Election_Commission_(Afghanistan)>
<Media_Personnel_(International)>	<MakeStatement>	<Xi_Jinping>
<Criminal_(Australia)>	<Use_unconventional_violence>	<Citizen_(Australia)>
<Government_(Mexico)>	<MakeStatement>	<Mexico>
<Legislature_(Mongolia)>	<MakeStatement>	<Chimed_Saikhanbileg>
<Government_(Nigeria)>	<Return_release_property>	<Citizen_(Nigeria)>
<Cleric_(Nigeria)>	<MakeStatement>	<Boko_Haram>
<Iraq>	<MakeStatement>	<Business_(Iraq)>
<China>	<Arrest_detain_or_charge_with_legal_action>	<Women_(Australia)>
<Royal_Bank_of_Scotland>	<MakeStatement>	<Barclays_PLC>
<Presidential_Candidate_(Argentina)>	<MakeStatement>	<Pavel_Gubarev>
<City_Mayor_(Somalia)>	<MakeStatement>	<Cabinet_/_Council_of_Ministers_/_Advisors_(Somalia)>
<Aladdin_Boroujerdi>	<MakeStatement>	<Iran>
<Nabih_Berri>	<MakeStatement>	<Iran>
<Governor_(Kenya)>	<MakeStatement>	<Government_(Kenya)>
<John_Boehner>	<MakeStatement>	<Iraq>
<Tehrik-i-Taliban_Pakistan>	<Acknowledge_or_claim_responsibility>	<Education_(Pakistan)>
<China>	<Arrest_detain_or_charge_with_legal_action>	<Women_(China)>
<Benjamin_Netanyahu>	<Reject>	<Yair_Lapid>
<Paolo_Gentiloni>	<MakeStatement>	<Iran>
<Kazakhstan>	<Host_a_visit>	<François_Hollande>
<South_Korea>	<MakeStatement>	<North_Korea>
<Military_Wing_(Hamas)>	<MakeStatement>	<Government_(Sudan)>
<Evangelos_Venizelos>	<MakeStatement>	<Iran>
<Citizen_(Nigeria)>	<Appeal_for_military_aid>	<Other_Authorities_/_Officials_(Nigeria)>
<Ahmad_Zahid_Hamidi>	<MakeStatement>	<Police_(Malaysia)>
<United_Left_(Slovenia)>	<Criticize_or_denounce>	<Miro_Cerar>
<Legislature_(Russia)>	<Consult>	<Governor_(Russia)>
<Yasuo_Fukuda>	<MakeStatement>	<Japan>
<Uighur_(China)>	<MakeStatement>	<China>
<Rosa_Pacavira>	<Express_intent_to_meet_or_negotiate>	<Angola>
<Joselito_Atienza>	<MakeStatement>	<Police_(Philippines)>
<Sergey_Viktorovich_Lavrov>	<MakeStatement>	<UN_Security_Council>
<Head_of_Government_(Ukraine)>	<Make_a_visit>	<North_Atlantic_Treaty_Organization>
<David_Hanson>	<MakeStatement>	<France>
<Citizen_(Thailand)>	<Make_an_appeal_or_request>	<Gen_Prayut_Chan-o-cha>
<Thief_(India)>	<MakeStatement>	<Cristina_Fernández_de_Kirchner>
<Ministry_of_Women_(India)>	<MakeStatement>	<Bhupinder_Singh_Hooda>
<Citizen_(Sudan)>	<Conduct_strike_or_boycott>	<Government_(Sudan)>
<Abdullah_Abdullah>	<MakeStatement>	<Party_Member_(Afghanistan)>
<China>	<Demonstrate_military_or_police_power>	<Japan>
<Employee_(Afghanistan)>	<MakeStatement>	<Media_Personnel_(Pakistan)>
<Protester_(Hong_Kong)>	<Engage_in_diplomatic_cooperation>	<Student_(Hong_Kong)>
<Philippines>	<Provide_aid>	<Children_(Philippines)>
<Armenia>	<Consult>	<Elmar_Mammadyarov>
<Sergey_Viktorovich_Lavrov>	<MakeStatement>	<Victoria_Nuland>
<Poland>	<Make_a_visit>	<Oman>
<Sudan>	<Demand>	<UN_Security_Council>
<Civil_Aviation_Authority>	<MakeStatement>	<Vietnam>
<Armenia>	<Host_a_visit>	<Seyran_Ohanyan>
<France>	<MakeStatement>	<Military_Personnel_(Mali)>
<Lawmaker_(Japan)>	<MakeStatement>	<Farm_Worker_(Nigeria)>
<Spy_Plane_(Iran)>	<MakeStatement>	<Tahirul_Qadri>
<Xi_Jinping>	<MakeStatement>	<Vietnam>
<East_African_Community>	<MakeStatement>	<Student_(Tanzania)>
<Children_(South_Sudan)>	<MakeStatement>	<Myanmar>
<European_Parliament>	<Consult>	<Head_of_Government_(Latvia)>
<Benjamin_Netanyahu>	<MakeStatement>	<Haaretz>
<Alexis_Tsipras>	<Express_intent_to_meet_or_negotiate>	<Tomislav_Nikolić>
<Edgars_Rinkevics>	<MakeStatement>	<Middle_East>
<Chuck_Hagel>	<Mobilize_or_increase_armed_forces>	<Iraq>
<Shiv_Sena>	<Criticize_or_denounce>	<Citizen_(India)>
<Rafael_Correa>	<Consult>	<Head_of_Government_(Ecuador)>
<Member_of_the_Judiciary_(Brazil)>	<MakeStatement>	<Joaquim_Barbosa>
<Iran>	<Engage_in_diplomatic_cooperation>	<Morocco>
<Lawyer/Attorney_(Argentina)>	<Make_an_appeal_or_request>	<Federal_Judge_(Argentina)>
<Government_(Mexico)>	<MakeStatement>	<Military_(Mexico)>
<Ukrinform>	<MakeStatement>	<Member_of_Parliament_(Ukraine)>
<Benjamin_Netanyahu>	<Accuse>	<Yair_Lapid>
<Caroline_Nzibe>	<MakeStatement>	<Armed_Rebel_(Ukraine)>
<Government_(Mexico)>	<MakeStatement>	<Criminal_(Mexico)>
<Ignazio_Marino>	<MakeStatement>	<City_Mayor_(Italy)>
<China>	<Host_a_visit>	<Prayuth_Chan-ocha>
<Foreign_Affairs_(Russia)>	<MakeStatement>	<North_Korea>
<Marwan_Charbel>	<MakeStatement>	<Armed_Gang_(Lebanon)>
<Algirdas_Butkevičius>	<MakeStatement>	<Vytenis_Povilas_Andriukaitis>
<Tatarstan>	<Arrest_detain_or_charge_with_legal_action>	<Men_(Russia)>
<Military_Personnel_(Algeria)>	<MakeStatement>	<Al_Jazeera>
<Yuriy_Lutsenko>	<MakeStatement>	<Head_of_Government_(Ukraine)>
<High_Commission_(United_Kingdom)>	<MakeStatement>	<Afghanistan>
<Iran>	<Express_intent_to_engage_in_diplomatic_cooperation_(such_as_policy_support)>	<Government_(Pakistan)>
<Energy_Department/Ministry_(Zimbabwe)>	<MakeStatement>	<Ministry_(Zimbabwe)>
<Civic_Group_(Taiwan)>	<MakeStatement>	<New_Zealand>
<People_Associated_with_the_Opposition_(Mauritania)>	<MakeStatement>	<Government_(Mauritania)>
<Tzipi_Livni>	<Criticize_or_denounce>	<Benjamin_Netanyahu>
<Media_Personnel_(Saudi_Arabia)>	<MakeStatement>	<Agence_France-Presse>
<Eduardo_Buzzi>	<MakeStatement>	<Government_(Argentina)>
<National_United_Front_for_Democracy_Against_Dictatorship>	<Forgive>	<Protester_(Thailand)>
<Bala_Abdulkadir_Mohammed>	<Make_an_appeal_or_request>	<Citizen_(Nigeria)>
<Citizen_(North_Korea)>	<MakeStatement>	<Cabinet_/_Council_of_Ministers_/_Advisors_(United_States)>
<Head_of_Government_(Ukraine)>	<MakeStatement>	<Military_(Russia)>
<Lawyer/Attorney_(Kenya)>	<MakeStatement>	<William_Ruto>
<Member_of_Legislative_(Govt)_(Kenya)>	<MakeStatement>	<Government_(Kenya)>
<Antonis_Samaras>	<MakeStatement>	<Coalition_of_the_Radical_Left>
<Citizen_(India)>	<Use_unconventional_violence>	<Military_Personnel_-_Special_(India)>
<Iran>	<MakeStatement>	<Morocco>
<North_Korea>	<MakeStatement>	<Tourist_(United_States)>
<Sergey_Viktorovich_Lavrov>	<Express_intent_to_meet_or_negotiate>	<Umar_al_Bashir>
<Armed_Gang_(India)>	<MakeStatement>	<Justin_Trudeau>
<Hannes_Swoboda>	<MakeStatement>	<European_Parliament>
<Central_Intelligence_Agency>	<Attempt_to_assassinate>	<Kim_Jong-Un>
<Frank_Mba>	<MakeStatement>	<Military_Personnel_-_Special_(Nigeria)>
<Xi_Jinping>	<MakeStatement>	<Michael_Sata>
<Lawyer/Attorney_(Indonesia)>	<MakeStatement>	<Police_(Indonesia)>
<Other_Authorities_/_Officials_(Turkey)>	<MakeStatement>	<Hezbollah>
<South_Korea>	<Express_intent_to_cooperate>	<China>
<Abdel_Fattah_Al-Sisi>	<MakeStatement>	<Army_Personnel_(Egypt)>
<Citizen_(Southeast_Asia)>	<MakeStatement>	<Priest_(Uganda)>
<Ministry_(Nigeria)>	<MakeStatement>	<Yemi_Osinbajo>
<Organisation_of_Islamic_Cooperation>	<Consult>	<Information_Ministry_(Iran)>
<Other_Authorities_/_Officials_(Jamaica)>	<MakeStatement>	<Police_(Jamaica)>
<African_Union>	<Consult>	<China>
<Herve_Ladsous>	<Make_an_appeal_or_request>	<Other_Authorities_/_Officials_(Africa)>
<Police_(Kenya)>	<Use_conventional_military_force>	<Citizen_(Kenya)>
<Government_(Pakistan)>	<Engage_in_negotiation>	<Pakistan_Tehreek-e-Insaf>
<Media_Personnel_(Uganda)>	<MakeStatement>	<Lawyer/Attorney_(Uganda)>
<Tajikistan>	<MakeStatement>	<Turkish_Airlines>
<Dumiso_Dabengwa>	<MakeStatement>	<Yulia_Tymoshenko>
<Medical_Personnel_(Cyprus)>	<MakeStatement>	<Defense_/_Security_Ministry_(Cyprus)>
<Business_(Iran)>	<Cooperate_militarily>	<Iran>
<Foreign_Affairs_(Yemen)>	<Praise_or_endorse>	<Ethiopia>
<Bernardino_Leon>	<Consult>	<UN_Security_Council>
<China>	<Praise_or_endorse>	<Cambodia>
<Ministry_(Kuwait)>	<MakeStatement>	<Employee_(Kuwait)>
<France>	<Retreat_or_surrender_militarily>	<Afghanistan>
<Sudan>	<Accuse>	<South_Sudan>
<Foreign_Affairs_(Russia)>	<MakeStatement>	<Head_of_Government_(Ukraine)>
<Thailand>	<Sign_formal_agreement>	<China>
<Steven_Chu>	<MakeStatement>	<New_Zealand>
<Legislature_(Russia)>	<MakeStatement>	<Benazir_Bhutto>
<Sergey_Viktorovich_Lavrov>	<MakeStatement>	<Pavel_Gubarev>
<Foreign_Affairs_(South_Korea)>	<Make_empathetic_comment>	<Akitaka_Saiki>
<Professor_(Senegal)>	<MakeStatement>	<Abdoulaye_Wade>
<Iran>	<MakeStatement>	<Iraq>
<Federica_Mogherini>	<Consult>	<Sergey_Viktorovich_Lavrov>
<Benjamin_Netanyahu>	<MakeStatement>	<Hamas>
<Citizen_(India)>	<fight_with_small_arms_and_light_weapons>	<Company_-_Owner_or_Operator_(India)>
<Admiral_(Latvia)>	<MakeStatement>	<North_Atlantic_Treaty_Organization>
<Alfred_Romualdez>	<MakeStatement>	<Franklin_Drilon>
<Scientist_(France)>	<MakeStatement>	<Mwai_Kibaki>
<Yakubu_Gowon>	<MakeStatement>	<Foreign_Affairs_(India)>
<Ashraf_Ghani_Ahmadzai>	<Consult>	<Abdullah_Abdullah>
<Kimani_Wamatangi>	<Consult>	<Citizen_(Kenya)>
<John_Kerry>	<Express_intent_to_meet_or_negotiate>	<Sergey_Viktorovich_Lavrov>
<Patricia_de_Lille>	<Make_optimistic_comment>	<South_Africa>
<Foreign_Affairs_(Malaysia)>	<MakeStatement>	<Iran>
<Shiv_Sena>	<MakeStatement>	<Raj_Thackeray>
<Civic_Party_(Hungary)>	<MakeStatement>	<Media_(Romania)>
<Chaudhry_Nisar_Ali_Khan>	<Praise_or_endorse>	<Imran_Khan>
<Benjamin_Netanyahu>	<Consult>	<Yair_Lapid>
<Head_of_Government_(Egypt)>	<Express_intent_to_meet_or_negotiate>	<National_Assembly_of_Kuwait>
<Vojtěch_Filip>	<MakeStatement>	<Communist_Party_of_Bohemia_and_Moravia>
<Government_Official_(Mali)>	<MakeStatement>	<Armed_Rebel_(Mali)>
<Emrullah_Isler>	<MakeStatement>	<Turkish_Airlines>
<Ministry_(Jamaica)>	<MakeStatement>	<Owen_Ellington>
<Taavi_Rõivas>	<Praise_or_endorse>	<Algirdas_Butkevičius>
<Professor_(France)>	<MakeStatement>	<Military_(France)>
<Benjamin_Netanyahu>	<Accuse>	<Tzipi_Livni>
<Dawa_Khan_Minapal>	<MakeStatement>	<Armed_Band_(Afghanistan)>
<Foreign_Affairs_(Malaysia)>	<MakeStatement>	<Malaysia>
<Defense_/_Security_Ministry_(Russia)>	<Make_an_appeal_or_request>	<Representatives_(International)>
<Ashraf_Ghani_Ahmadzai>	<MakeStatement>	<Election_Commission_(Afghanistan)>
<Olajide_Laleye>	<MakeStatement>	<Boko_Haram>
<Vietnam>	<Host_a_visit>	<United_Russia>
<Chaudhry_Nisar_Ali_Khan>	<MakeStatement>	<Head_of_Government_(Pakistan)>
<Micky_Rosenfeld>	<MakeStatement>	<Criminal_(Israel)>
<Environment_Department/Ministry_(Bangladesh)>	<MakeStatement>	<Oil_Tanker_(Bangladesh)>
<Ali_Jannati>	<MakeStatement>	<Iran>
<New_Democracy>	<Consult>	<Antonis_Samaras>
<Human_Rights_Watch>	<MakeStatement>	<Immigrants_(Sudan)>
<Citizen_(Sudan)>	<MakeStatement>	<Head_of_Government_(Germany)>
<Ethiopia>	<Consult>	<Head_of_Government_(Egypt)>
<Bernardino_Leon>	<MakeStatement>	<Election_Commission_(India)>
<Defense_/_Security_Ministry_(Armenia)>	<MakeStatement>	<Defense_/_Security_Ministry_(Azerbaijan)>
<Dmitry_Anatolyevich_Medvedev>	<MakeStatement>	<Business_(Russia)>
<Mevlut_Cavusoglu>	<MakeStatement>	<Rights_Activist_(Kenya)>
<Zimbabwe_Union_of_Journalists>	<MakeStatement>	<Other_Authorities_/_Officials_(Zimbabwe)>
<Afghanistan>	<MakeStatement>	<Armed_Gang_(Afghanistan)>
<Alexander_Grushko>	<MakeStatement>	<Daniel_Ortega>
<Military_Personnel_(Algeria)>	<MakeStatement>	<Gendermarie_(Algeria)>
<Iraq>	<MakeStatement>	<Iran>
<National_Security_Advisor_(Thailand)>	<MakeStatement>	<Malaysia>
<Bill_English>	<MakeStatement>	<Government_(New_Zealand)>
<Iran>	<Defend_verbally>	<Iraq>
<China>	<MakeStatement>	<Media_(Nigeria)>
<Treasury/Finance_Ministry_(Czech_Republic)>	<MakeStatement>	<Ministry_(Czech_Republic)>
<Anifah_Aman>	<MakeStatement>	<Government_(New_Zealand)>
<Middle_East>	<MakeStatement>	<United_Arab_Emirates>
<Foreign_Affairs_(Rwanda)>	<MakeStatement>	<South_Africa>
<Barack_Obama>	<MakeStatement>	<China>
<Head_of_Government_(Tajikistan)>	<MakeStatement>	<Muhammadu_Buhari>
<Labor_and_Employment_Ministry_(Nigeria)>	<MakeStatement>	<Government_(Nigeria)>
<Umar_al_Bashir>	<MakeStatement>	<Government_(Sudan)>
<Barack_Obama>	<Discuss_by_telephone>	<Raúl_Castro>
<Freedom_Fighter_(Namibia)>	<Use_unconventional_violence>	<Citizen_(Namibia)>
<Citizen_(Kenya)>	<Consult>	<Kimani_Wamatangi>
<Men_(South_Africa)>	<MakeStatement>	<Businessperson_(Turkey)>
<Spy_Plane_(Iran)>	<Increase_military_alert_status>	<Iran>
<Lawyer/Attorney_(Kenya)>	<Ease_administrative_sanctions>	<Uhuru_Muigai_Kenyatta>
<Business_(Russia)>	<Consult>	<Representatives_(Belarus)>
<Airline_(Libya)>	<MakeStatement>	<Other_Authorities_/_Officials_(Libya)>
<National_Assembly_of_Pakistan>	<Make_optimistic_comment>	<Legislature_(Pakistan)>
<Treasury/Finance_Ministry_(Bangladesh)>	<MakeStatement>	<Employee_(Bangladesh)>
<Main_Opposition_(Bahrain)>	<MakeStatement>	<Sheikh_Ali_Salman>
<Head_of_Government_(Bulgaria)>	<MakeStatement>	<Business_(Bulgaria)>
<Angela_Merkel>	<Appeal_for_political_reform>	<France>
<Medical_Personnel_(Australia)>	<MakeStatement>	<Bhupinder_Singh_Hooda>
<Lawmaker_(South_Korea)>	<Demand>	<Head_of_Government_(South_Korea)>
<Nabih_Berri>	<MakeStatement>	<Foreign_Affairs_(Lebanon)>
<Dmitry_Anatolyevich_Medvedev>	<MakeStatement>	<Government_Official_(Russia)>
<Energy_Corp_(Russia)>	<MakeStatement>	<Iran>
<Bala_Abdulkadir_Mohammed>	<MakeStatement>	<Ministry_(Nigeria)>
<Haider_Al-Abadi>	<Meet_at_a_'third'_location>	<Middle_East>
<High_Commission_for_Refugees>	<MakeStatement>	<Iran>
<Joseph_Ole_Lenku>	<MakeStatement>	<Police_(Kenya)>
<Benjamin_Netanyahu>	<Meet_at_a_'third'_location>	<Cabinet_/_Council_of_Ministers_/_Advisors_(United_States)>
<Voice_of_the_Voiceless>	<MakeStatement>	<Al_Arabiya>
<Police_(Hong_Kong)>	<Make_an_appeal_or_request>	<Protester_(Hong_Kong)>
<Citizen_(India)>	<Criticize_or_denounce>	<Rashtriya_Swayamsevak_Sangh>
<Foreign_Affairs_(Yemen)>	<MakeStatement>	<Military_(France)>
<Japan>	<MakeStatement>	<Thailand>
<Pope_Francis>	<Express_intent_to_meet_or_negotiate>	<Philippines>
<Villager_(Hong_Kong)>	<MakeStatement>	<Protester_(Hong_Kong)>
<Human_Rights_Watch>	<Criticize_or_denounce>	<Other_Authorities_/_Officials_(Oman)>
<Head_of_Government_(Ukraine)>	<MakeStatement>	<Police_(Ukraine)>
<Mutembo_Nchito>	<MakeStatement>	<Michael_Sata>
<Samuel_Sitta>	<MakeStatement>	<East_African_Community>
<Lawyer/Attorney_(Dominican_Republic)>	<MakeStatement>	<Government_(Jamaica)>
<Military_Personnel_(Somalia)>	<MakeStatement>	<Militant_(Somalia)>
<Foreign_Affairs_(United_States)>	<MakeStatement>	<Afghanistan>
<National_Union_Party_(Kenya)>	<MakeStatement>	<Employee_(Kenya)>
<Protester_(Yemen)>	<MakeStatement>	<Sikh_(India)>
<Head_of_Government_(New_Zealand)>	<MakeStatement>	<Philippines>
<House_of_Representatives_(Malaysia)>	<MakeStatement>	<Malaysia>
<John_Kerry>	<Express_intent_to_meet_or_negotiate>	<Federica_Mogherini>
<Media_(India)>	<MakeStatement>	<Fidesz>
<Military_Personnel_(Philippines)>	<MakeStatement>	<Armed_Band_(Philippines)>
<Cabinet_/_Council_of_Ministers_/_Advisors_(United_States)>	<MakeStatement>	<Iran>
