<Senate_(Dominican_Republic)>	<MakeStatement>	<Police_(Dominican_Republic)>
<China>	<Engage_in_negotiation>	<Laos>
<Student_(Hong_Kong)>	<MakeStatement>	<Police_(Hong_Kong)>
<Defense_/_Security_Ministry_(United_States)>	<MakeStatement>	<North_Korea>
<Sergey_Viktorovich_Lavrov>	<Express_intent_to_meet_or_negotiate>	<Foreign_Affairs_(Ukraine)>
<Valeriu_Troenco>	<MakeStatement>	<National_Alliance_(Iraq)>
<Employee_(Sudan)>	<MakeStatement>	<Sudan>
<Maxon_Mbendera>	<MakeStatement>	<Party_Member_(Malawi)>
<John_Odigie-Oyegun>	<MakeStatement>	<Presidential_Candidate_(Nigeria)>
<Dimitrios_Avramopoulos>	<Praise_or_endorse>	<Hellenic_Navy>
<Armed_Opposition_(Nigeria)>	<MakeStatement>	<Armed_Band_(Lebanon)>
<William_Kabogo>	<MakeStatement>	<Government_(Kenya)>
<Police_(Qatar)>	<MakeStatement>	<Security_Council_(Russia)>
<Lawmaker_(Hong_Kong)>	<Engage_in_material_cooperation>	<Student_(Hong_Kong)>
<Lower_House_of_Parliament_(Afghanistan)>	<Make_an_appeal_or_request>	<Ashraf_Ghani_Ahmadzai>
<Philippines>	<MakeStatement>	<China>
<Government_(Nigeria)>	<MakeStatement>	<Medical_Personnel_(Nigeria)>
<Geng_Yansheng>	<MakeStatement>	<Defense_/_Security_Ministry_(China)>
<Sergey_Viktorovich_Lavrov>	<MakeStatement>	<ITAR_TASS>
<Military_Personnel_-_Special_(Afghanistan)>	<MakeStatement>	<Media_(Romania)>
<Sue-Ellen_Kovack>	<MakeStatement>	<Indigenous_People_(Nigeria)>
<Bala_Abdulkadir_Mohammed>	<MakeStatement>	<Media_(Nigeria)>
<Media_(Azerbaijan)>	<MakeStatement>	<Industrial_/_Textiles_/_Mining_Ministry_(Azerbaijan)>
<Uhuru_Muigai_Kenyatta>	<MakeStatement>	<William_Ruto>
<Myanmar>	<MakeStatement>	<Police_(United_States)>
<Police_(Canada)>	<Use_conventional_military_force>	<Nathan_Cirillo>
<Malaysia>	<Arrest_detain_or_charge_with_legal_action>	<Police_(Malaysia)>
<Tsai_Ing-wen>	<Make_an_appeal_or_request>	<Party_Member_(Taiwan)>
<Milos_Zeman>	<Express_intent_to_meet_or_negotiate>	<Citizen_(Czech_Republic)>
<Citizen_(South_Korea)>	<MakeStatement>	<Arnaud_Montebourg>
<Media_(Lebanon)>	<MakeStatement>	<Military_(Lebanon)>
<James_Ongwae>	<MakeStatement>	<Kisii>
<Lawyer/Attorney_(Indonesia)>	<MakeStatement>	<City_Mayor_(Indonesia)>
<Barack_Obama>	<MakeStatement>	<North_Atlantic_Treaty_Organization>
<Other_Authorities_/_Officials_(Zimbabwe)>	<MakeStatement>	<Simon_Khaya_Moyo>
<Chuck_Hagel>	<Consult>	<Sergey_Viktorovich_Lavrov>
<Sergey_Viktorovich_Lavrov>	<Reject_proposal_to_meet_discuss_or_negotiate>	<Iran>
<Grand_National_Party>	<MakeStatement>	<Defense_/_Security_Ministry_(India)>
<Romania>	<Host_a_visit>	<Klaus_Johannis>
<Combatant_(Yemen)>	<MakeStatement>	<Thief_(India)>
<Austria_Press_Agency>	<MakeStatement>	<Rupiah_Banda>
<Congress_(Brazil)>	<MakeStatement>	<Ministry_(Brazil)>
<Education_Ministry_(United_Arab_Emirates)>	<Engage_in_diplomatic_cooperation>	<Abu_Dhabi_Education_Council>
<Jakaya_Mrisho_Kikwete>	<Demand>	<Citizen_(Tanzania)>
<Shining_Path>	<Use_conventional_military_force>	<Police_(Peru)>
<Lawyer/Attorney_(Senegal)>	<MakeStatement>	<Police_(Senegal)>
<Other_Authorities_/_Officials_(Vietnam)>	<Consult>	<Nguyen_Phu_Trong>
<Pierre_Laurent>	<Praise_or_endorse>	<Vietnam>
<Citizen_(Tanzania)>	<MakeStatement>	<Other_Authorities_/_Officials_(Egypt)>
<Vincent_Cable>	<MakeStatement>	<Party_Member_(United_Kingdom)>
<Joseph_Robinette_Biden>	<Make_a_visit>	<Morocco>
<Mzukisi_Fatyela>	<MakeStatement>	<Police_(South_Africa)>
<Ethiopia>	<Express_intent_to_engage_in_diplomatic_cooperation_(such_as_policy_support)>	<Government_(Sudan)>
<Romania>	<MakeStatement>	<Austria_Press_Agency>
<Amit_Shah>	<Accuse>	<Bhupinder_Singh_Hooda>
<Lower_House_of_Parliament_(Afghanistan)>	<Praise_or_endorse>	<Head_of_Government_(Afghanistan)>
<Media_(Azerbaijan)>	<MakeStatement>	<Armed_Forces_of_the_Republic_of_Armenia>
<Angela_Merkel>	<Make_pessimistic_comment>	<North_Atlantic_Treaty_Organization>
<Ma_Ying_Jeou>	<MakeStatement>	<China>
<Government_(Guyana)>	<MakeStatement>	<Pope_Francis>
<Dmitriy_Kiselev>	<MakeStatement>	<Andrei_Stenin>
<Police_(Canada)>	<MakeStatement>	<Canadian_Armed_Forces>
<William_Ruto>	<Threaten_non-force>	<Citizen_(Kenya)>
<Joseph_Ole_Nkaissery>	<MakeStatement>	<Uhuru>
<Rioter_(India)>	<MakeStatement>	<Aam_Aadmi_Party>
<Military_Personnel_(Libya)>	<MakeStatement>	<Armed_Gang_(Libya)>
<Government_(Nigeria)>	<Praise_or_endorse>	<Education_(Nigeria)>
<Citizen_(Kenya)>	<Demand>	<Jackson_Mandago>
<Future_Movement>	<MakeStatement>	<Military_(China)>
<Government_(Nigeria)>	<MakeStatement>	<Court_Judge_(Nigeria)>
<Opposition_Supporter_(National_Umma_Party)>	<Make_an_appeal_or_request>	<Umar_al_Bashir>
<Vietnam>	<Express_intent_to_cooperate>	<China>
<Nurse_(United_States)>	<Make_a_visit>	<Sierra_Leone>
<Abdallah_al-Maatouq>	<MakeStatement>	<Chimed_Saikhanbileg>
<Director_General_(Philippines)>	<MakeStatement>	<Justice_Department/Ministery_(Philippines)>
<Other_Authorities_/_Officials_(Libya)>	<MakeStatement>	<Military_Personnel_(Libya)>
<Lulzim_Basha>	<MakeStatement>	<People_Associated_with_the_Opposition_(Albania)>
<Iraq>	<Employ_aerial_weapons>	<Militant_(Iraq)>
<Peter_Lerner>	<MakeStatement>	<Israeli_Defense_Forces>
<John_Walker>	<MakeStatement>	<Dzhokhar_Tsarnaev>
<Member_of_Legislative_(Govt)_(Nigeria)>	<MakeStatement>	<City_Mayor_(New_Zealand)>
<Uhuru>	<MakeStatement>	<National_Youth_Service>
<Government_(Nigeria)>	<MakeStatement>	<Education_(Nigeria)>
<Foreign_Affairs_(Kuwait)>	<MakeStatement>	<Haaretz>
<Thaksin_Shinawatra>	<Make_a_visit>	<Cambodia>
<Democratic_Party_(Nigeria)>	<Threaten>	<Citizen_(Nigeria)>
<Protester_(Hong_Kong)>	<Demonstrate_or_rally>	<Other_Authorities_/_Officials_(Hong_Kong)>
<Police_(Australia)>	<MakeStatement>	<Sue-Ellen_Kovack>
<William_Ruto>	<MakeStatement>	<Government_(Kenya)>
<Juan_Carlos_Eguren>	<MakeStatement>	<Nadine_Heredia>
<Harsimrat_Kaur_Badal>	<MakeStatement>	<Sikh_(India)>
<Kundy_Pahiama>	<MakeStatement>	<Angola>
<Police_(Yemen)>	<MakeStatement>	<Armed_Rebel_(Yemen)>
<Eduardo_Montealegre>	<Make_a_visit>	<The_Hague>
<Tarcisio_Bertone>	<MakeStatement>	<Bank_(Holy_See_(Vatican_City_State))>
<Kayode_Aderanti>	<MakeStatement>	<Haiti>
<Sean_Edwards>	<MakeStatement>	<Armed_Gang_(United_States)>
<Daniel_Constantin>	<MakeStatement>	<Member_of_Parliament_(Romania)>
<France>	<Express_intent_to_engage_in_diplomatic_cooperation_(such_as_policy_support)>	<Opposition_Force_(Syria)>
<Jakaya_Mrisho_Kikwete>	<Make_a_visit>	<China>
<Armed_Gang_(Russia)>	<MakeStatement>	<Media_Personnel_(United_States)>
<Ruhakana_Rugunda>	<Consult>	<Uhuru_Muigai_Kenyatta>
<African_Union>	<MakeStatement>	<Lawyer/Attorney_(Colombia)>
<Irakli_Alasania>	<MakeStatement>	<Armenia>
<Sergey_Viktorovich_Lavrov>	<MakeStatement>	<Foreign_Affairs_(Russia)>
<Botswana>	<Consult>	<Angola>
<Toru_Hashimoto>	<MakeStatement>	<Japan>
<Iraq>	<Investigate>	<Health_Ministry_(Iraq)>
<Kgalema_Petrus_Motlanthe>	<MakeStatement>	<Government_(South_Africa)>
<Police_(Kenya)>	<Investigate>	<Citizen_(Kenya)>
<Noppadon_Pattama>	<MakeStatement>	<Thaksin_Shinawatra>
<Business_(Canada)>	<Express_intent_to_meet_or_negotiate>	<Canada>
<Boko_Haram>	<MakeStatement>	<Government_(Nigeria)>
<Daniel_Russel>	<Make_a_visit>	<South_Korea>
<Military_Personnel_(Taiwan)>	<MakeStatement>	<Mwai_Kibaki>
<Leon_Panetta>	<Make_a_visit>	<South_Korea>
<Obaid_Humaid_Al_Tayer>	<MakeStatement>	<United_Arab_Emirates>
<Citizen_(Thailand)>	<MakeStatement>	<Martin_McGuinness>
<Party_Member_(Sri_Lanka)>	<MakeStatement>	<Foreign_Affairs_(United_States)>
<Citizen_(Yemen)>	<MakeStatement>	<Volvo>
<Head_of_Government_(Nigeria)>	<MakeStatement>	<Ministry_(Nigeria)>
<Mark_James_Mwandosya>	<MakeStatement>	<Jakaya_Mrisho_Kikwete>
<Barack_Obama>	<MakeStatement>	<South_Korea>
<Chief_of_Staff_(Vietnam)>	<MakeStatement>	<Vietnam>
<Joseph_Ole_Lenku>	<MakeStatement>	<Burundi>
<Alexander_Lukashevich>	<MakeStatement>	<Other_Authorities_/_Officials_(United_States)>
<Barack_Obama>	<MakeStatement>	<Iran>
<Congress_of_South_African_Trade_Unions>	<MakeStatement>	<Tonga>
<Citizen_(Australia)>	<MakeStatement>	<Military_(China)>
<Foreign_Affairs_(Russia)>	<MakeStatement>	<Armenia>
<Lawmaker_(Nicaragua)>	<MakeStatement>	<Daniel_Ortega>
<Police_(Yemen)>	<MakeStatement>	<Military_Personnel_(Yemen)>
<Tanzania>	<Host_a_visit>	<International_Monetary_Fund>
<Dimitrios_Avramopoulos>	<MakeStatement>	<New_Democracy>
<Prayuth_Chan-ocha>	<MakeStatement>	<Insurgent_(Thailand)>
<Military_(South_Sudan)>	<Use_conventional_military_force>	<South_Sudan>
<Klaus_Johannis>	<MakeStatement>	<Romania>
<Government_(Nigeria)>	<MakeStatement>	<Ethnic_Group_(Nigeria)>
<Criminal_(Bangladesh)>	<MakeStatement>	<Party_Member_(Iraq)>
<Abu_Sayyaf>	<MakeStatement>	<Nestor_Kirchner>
<Tanzania>	<Express_intent_to_engage_in_diplomatic_cooperation_(such_as_policy_support)>	<China>
<Tharman_Shanmugaratnam>	<Express_intent_to_meet_or_negotiate>	<International_Monetary_Fund>
<Police_(Canada)>	<MakeStatement>	<Labor_Union_(Canada)>
<North_Atlantic_Treaty_Organization>	<MakeStatement>	<Military_(Russia)>
<Zsolt_Simon>	<MakeStatement>	<Ivan_Gasparovic>
<Stavros_Lambrinidis>	<Consult>	<North_Korea>
<Employee_(India)>	<Criticize_or_denounce>	<Rashtriya_Swayamsevak_Sangh>
<Vietnam>	<MakeStatement>	<Police_(Indonesia)>
<Umar_al_Bashir>	<Consult>	<Abdel_Fattah_Al-Sisi>
<Ma_Ying_Jeou>	<MakeStatement>	<Foreign_Affairs_(United_States)>
<Head_of_Government_(Kenya)>	<MakeStatement>	<Governor_(Kenya)>
<Hamad_bin_Ali_al-Attiyah>	<MakeStatement>	<Agence_France-Presse>
<Uhuru_Muigai_Kenyatta>	<MakeStatement>	<Domestic_Affairs_(Kenya)>
<Ministry_(Iran)>	<MakeStatement>	<Mehr_News_Agency>
<City_Mayor_(China)>	<MakeStatement>	<China>
<John_Kerry>	<MakeStatement>	<Iran>
<Attacker_(Al_Qaeda)>	<MakeStatement>	<Al_Jazeera>
<Ministry_(Nigeria)>	<MakeStatement>	<Other_Authorities_/_Officials_(Nigeria)>
<China>	<MakeStatement>	<Afghanistan>
<Barack_Obama>	<MakeStatement>	<Head_of_Government_(Germany)>
<Loren_Legarda>	<MakeStatement>	<Philippines>
<Government_(Kenya)>	<MakeStatement>	<Militia_(Kenya)>
<Helena_Valkova>	<MakeStatement>	<Lawyer/Attorney_(Czech_Republic)>
<Sergey_Kuzhugetovich_Shoygu>	<MakeStatement>	<Military_(Russia)>
<Alexei_Pushkov>	<MakeStatement>	<Government_(United_States)>
<Military_(Cuba)>	<Mobilize_or_increase_armed_forces>	<Angola>
<Foreign_Affairs_(Portugal)>	<MakeStatement>	<Mahinda_Rajapaksa>
<Iraq>	<MakeStatement>	<National_Alliance_(Iraq)>
<Joseph_Robinette_Biden>	<Express_intent_to_meet_or_negotiate>	<Citizen_(Turkey)>
<Vietnam>	<MakeStatement>	<China>
<Transparency_International>	<MakeStatement>	<Member_of_Parliament_(Romania)>
<Foreign_Affairs_(Libya)>	<Make_a_visit>	<France>
<Overseas_Development_Institute>	<MakeStatement>	<Business_(Bulgaria)>
<Terry_McAuliffe>	<MakeStatement>	<Business_(Canada)>
<Samrat_Choudhary>	<Make_an_appeal_or_request>	<Citizen_(India)>
<Jubo_League>	<MakeStatement>	<Military_Personnel_-_Special_(Guinea)>
<Militant_(Libya)>	<Abduct_hijack_or_take_hostage>	<Men_(United_Kingdom)>
<Farooq_Abdullah>	<Host_a_visit>	<Omar_Abdullah>
<Nathan_Cirillo>	<MakeStatement>	<Dzhokhar_Tsarnaev>
<North_Korea>	<Engage_in_diplomatic_cooperation>	<Vietnam>
<Head_of_Government_(Kenya)>	<MakeStatement>	<Uhuru_Muigai_Kenyatta>
<Robert_M._Gates>	<MakeStatement>	<Head_of_Government_(Afghanistan)>
<Sierra_Leone>	<MakeStatement>	<Armed_Forces_of_the_Republic_of_Armenia>
<Foreign_Affairs_(Kuwait)>	<Consult>	<Governor_General_(Antigua_and_Barbuda)>
<Ministry_(Nigeria)>	<MakeStatement>	<Head_of_Government_(Nigeria)>
<Lawyer/Attorney_(Kenya)>	<Impose_administrative_sanctions>	<Student_(Kenya)>
<Julie_Bishop>	<Express_intent_to_meet_or_negotiate>	<Frank_Bainimarama>
<Iraq>	<Criticize_or_denounce>	<Police_(Turkmenistan)>
<Media_(China)>	<MakeStatement>	<Holy_See>
<Abdullah_Abdullah>	<Consult>	<Barack_Obama>
<John_Kerry>	<MakeStatement>	<Foreign_Affairs_(Honduras)>
<Olisa_Agbakoba>	<MakeStatement>	<Government_(Nigeria)>
<Iran>	<Make_a_visit>	<France>
<Robert_Menendez>	<MakeStatement>	<Opposition_Supporter_(Venezuela)>
<Armenia>	<Express_intent_to_engage_in_diplomatic_cooperation_(such_as_policy_support)>	<Iran>
<Government_(Singapore)>	<Consult>	<Military_(China)>
<Barack_Obama>	<MakeStatement>	<Combatant_(Islamic_State_of_Iraq_and_the_Levant)>
<Defense_/_Security_Ministry_(Nigeria)>	<MakeStatement>	<Militant_(Boko_Haram)>
<Government_(Syria)>	<MakeStatement>	<Armed_Rebel_(Syria)>
<Student_(Kenya)>	<MakeStatement>	<Education_(Greece)>
<Vera_Jourova>	<Make_an_appeal_or_request>	<Milos_Zeman>
<Michael_Fahy>	<MakeStatement>	<Canada>
<City_Manager_(United_States)>	<MakeStatement>	<Mauritius>
<Jean-Yves_Le_Drian>	<MakeStatement>	<France>
<Citizen_(India)>	<Express_intent_to_cooperate>	<Member_of_Parliament_(India)>
<Agence_France-Presse>	<Engage_in_diplomatic_cooperation>	<Other_Authorities_/_Officials_(China)>
<Myanmar>	<Express_intent_to_cooperate>	<Thailand>
<Angola>	<Engage_in_negotiation>	<Mexico>
<Abdel_Fattah_Al-Sisi>	<MakeStatement>	<Media_(Africa)>
<Monastery_(Thailand)>	<fight_with_small_arms_and_light_weapons>	<Children_(Thailand)>
<Information_/_Communication_/_Transparency_Ministry_(Singapore)>	<MakeStatement>	<Foreign_Affairs_(United_States)>
<Head_of_Government_(Ukraine)>	<Engage_in_negotiation>	<Government_Official_(United_States)>
<Head_of_Government_(Croatia)>	<MakeStatement>	<Veterans_(Croatia)>
<Haider_Al-Abadi>	<MakeStatement>	<Iraq>
<Military_Personnel_-_Special_(Sierra_Leone)>	<Use_conventional_military_force>	<Mob_(Sierra_Leone)>
<Ma_Ying_Jeou>	<Rally_support_on_behalf_of>	<Party_Member_(Taiwan)>
<Barack_Obama>	<Praise_or_endorse>	<Colombia>
<South_Korea>	<Appeal_to_yield>	<North_Korea>
<Lower_House_of_Parliament_(Afghanistan)>	<MakeStatement>	<Afghanistan>
<Chulalongkorn_University>	<MakeStatement>	<Prayuth_Chan-ocha>
<Emal_Faizi>	<MakeStatement>	<Ministry_(Afghanistan)>
<International_Court_of_Justice>	<MakeStatement>	<Education_(Nigeria)>
<Christine_Milne>	<MakeStatement>	<Australia_Greens>
<Citizen_(Malaysia)>	<Make_an_appeal_or_request>	<Kit_Siang>
<Businessperson_(Kenya)>	<Consult>	<Cyprian_Awiti>
<Military_Personnel_(Libya)>	<MakeStatement>	<Legislature_(Libya)>
<North_Korea>	<Reject>	<South_Korea>
<Haider_Al-Abadi>	<MakeStatement>	<National_Alliance_(Iraq)>
<Antonis_Samaras>	<Praise_or_endorse>	<Hellenic_Armed_Forces>
<Sergey_Kuzhugetovich_Shoygu>	<Express_intent_to_meet_or_negotiate>	<Zakir_Hasanov>
<Armed_Band_(South_Africa)>	<Use_unconventional_violence>	<South_Africa>
<David_Shear>	<Make_a_visit>	<South_Korea>
<Head_of_Government_(Colombia)>	<MakeStatement>	<Riek_Machar>
<Human_Rights_Commission_(Nigeria)>	<MakeStatement>	<Nadine_Heredia>
<Militant_(Syria)>	<MakeStatement>	<Government_(Ecuador)>
<Police_(Australia)>	<Criticize_or_denounce>	<Citizen_(Australia)>
<South_Sudan>	<Host_a_visit>	<Barnaba_Marial_Benjamin>
<Police_(South_Korea)>	<MakeStatement>	<Student_(South_Korea)>
<Medical_Personnel_(Nigeria)>	<MakeStatement>	<Government_(Nigeria)>
<Court_Judge_(Nigeria)>	<Investigate>	<Murtala_Nyako>
<Angela_Merkel>	<MakeStatement>	<Madeleine_Albright>
<North_Korea>	<Arrest_detain_or_charge_with_legal_action>	<Jeffrey_Fowle>
<Maxon_Mbendera>	<MakeStatement>	<Malawi>
<Lin_Chia-lung>	<MakeStatement>	<Jason_C._Hu>
<Iran>	<Host_a_visit>	<Nguyen_Xuan_Phuc>
<Court_Judge_(Nigeria)>	<MakeStatement>	<Oversight_Court_(Nigeria)>
<High_Ranking_Military_Personnel_(Nigeria)>	<MakeStatement>	<Government_(Nigeria)>
<Jaber_Mubarak_Al-Sabah>	<MakeStatement>	<Kuwait>
<National_Agency_for_Food_and_Drug_Administration_and_Control>	<MakeStatement>	<State_Security_Service>
<Governor_(India)>	<MakeStatement>	<Education_Ministry_(France)>
<Sergey_Viktorovich_Lavrov>	<Consult>	<Børge_Brende>
<Canadian_Armed_Forces>	<MakeStatement>	<Police_(Middle_East)>
<Raghuram_Rajan>	<MakeStatement>	<Barack_Obama>
<Business_(Uruguay)>	<MakeStatement>	<Luis_Alberto_Lacalle>
<Police_(Philippines)>	<Arrest_detain_or_charge_with_legal_action>	<Employee_(Philippines)>
<Leopoldo_Dominico_Petilla>	<MakeStatement>	<Philippines>
<Other_Authorities_/_Officials_(Nigeria)>	<MakeStatement>	<Government_(Nigeria)>
<North_Korea>	<Host_a_visit>	<Ministry_(Russia)>
<Police_(Sudan)>	<Arrest_detain_or_charge_with_legal_action>	<Murderer_(Spain)>
<Iraq>	<MakeStatement>	<Nuri_al-Maliki>
<Zoran_Zaev>	<MakeStatement>	<Social_Democratic_Union>
<Irakli_Alasania>	<Make_a_visit>	<France>
<Citizen_(Nigeria)>	<Make_an_appeal_or_request>	<Assemblies_(Nigeria)>
<John_Baird>	<MakeStatement>	<Canada>
<Governor_(Democratic_Republic_of_Congo)>	<MakeStatement>	<Cobra_Matata>
<Joseph_Ole_Lenku>	<MakeStatement>	<Government_(Kenya)>
<City_Mayor_(Somalia)>	<MakeStatement>	<Somali_National_Army>
<Military_(China)>	<Reduce_relations>	<Xu_Caihou>
<Medical_Personnel_(Zimbabwe)>	<MakeStatement>	<Ministry_(Zimbabwe)>
<South_Sudan>	<MakeStatement>	<Riek_Machar>
<Isaac_Kiprono_Ruto>	<MakeStatement>	<Government_(Kenya)>
<Sierra_Leone>	<Host_a_visit>	<Doctors_Without_Borders>
<Xi_Jinping>	<MakeStatement>	<China>
<Amnesty_International>	<MakeStatement>	<Scientist_(Tajikistan)>
<Media_(Russia)>	<MakeStatement>	<Education_(Russia)>
<Population_(Angola)>	<MakeStatement>	<Government_(Angola)>
<Sabah_Khaled_Al-Hamad_Al-Sabah>	<MakeStatement>	<UN_Security_Council>
<Civic_Group_(Kenya)>	<Praise_or_endorse>	<National_Police_Service>
<George_Solo>	<MakeStatement>	<Ministry_(Liberia)>
<France>	<MakeStatement>	<Boko_Haram>
<Bureaucrat_(India)>	<MakeStatement>	<Government_(United_States)>
<Grand_National_Party>	<Express_intent_to_meet_or_negotiate>	<Xi_Jinping>
<Julie_Bishop>	<MakeStatement>	<Barack_Obama>
<Farm_Worker_(Nigeria)>	<MakeStatement>	<Main_Opposition_(South_Africa)>
<Armed_Gang_(Lebanon)>	<MakeStatement>	<Raúl_Castro>
<Gabor_Vona>	<MakeStatement>	<Fidesz>
<Citizen_(Kenya)>	<Make_an_appeal_or_request>	<Government_(Kenya)>
<Member_of_Legislative_(Govt)_(Nigeria)>	<Reject>	<Democratic_Party_(Nigeria)>
<Government_(Oman)>	<MakeStatement>	<Iran>
<Education_Ministry_(United_Arab_Emirates)>	<MakeStatement>	<Malawi_Electoral_Commission>
<Combatant_(Iraqi_Kurds)>	<MakeStatement>	<Uhuru_Muigai_Kenyatta>
<Citizen_(Tanzania)>	<Demonstrate_or_rally>	<Jakaya_Mrisho_Kikwete>
<Head_of_Government_(Nigeria)>	<MakeStatement>	<Fula_people>
<Samrat_Choudhary>	<MakeStatement>	<Media_Personnel_(Pakistan)>
<Peter_Lerner>	<MakeStatement>	<Iran>
<North_Ossetia-Alania>	<MakeStatement>	<Iran>
<Foreign_Affairs_(Russia)>	<MakeStatement>	<Daily_Monitor>
<Ministry_(Russia)>	<MakeStatement>	<Chuck_Hagel>
<Company_-_Owner_or_Operator_(Tonga)>	<MakeStatement>	<Business_(Tonga)>
<Election_Commission_(Turkey)>	<MakeStatement>	<Party_Member_(Turkey)>
<Police_(Australia)>	<Engage_in_material_cooperation>	<Other_Authorities_/_Officials_(China)>
<Sirichan_Ngathong>	<MakeStatement>	<Military_(Thailand)>
<Medical_Personnel_(Nigeria)>	<MakeStatement>	<Government_(United_States)>
<Justin_Trudeau>	<MakeStatement>	<Liberals_(Canada)>
<Raul_Hernandez>	<MakeStatement>	<Philippines>
<John_Kerry>	<Make_optimistic_comment>	<North_Korea>
<Benjamin_Netanyahu>	<Praise_or_endorse>	<Police_(Israel)>
<John_Baird>	<MakeStatement>	<Armed_Rebel_(Ukraine)>
<Ahmad_Zia_Abdulzai>	<MakeStatement>	<Kidnapper_(Afghanistan)>
<Labor_Union_(Nigeria)>	<Criticize_or_denounce>	<Other_Authorities_/_Officials_(Nigeria)>
<Police_(Philippines)>	<MakeStatement>	<National_Police>
<Ashraf_Ghani_Ahmadzai>	<Engage_in_negotiation>	<Xi_Jinping>
<Nabil_Abu-Rudaynah>	<MakeStatement>	<Head_of_Government_(Egypt)>
<Rioter_(India)>	<Use_unconventional_violence>	<Citizen_(India)>
<Associated_Press>	<MakeStatement>	<Armed_Gang_(Egypt)>
<Men_(Philippines)>	<Conduct_suicide_car_or_other_non-military_bombing>	<Philippines>
<Party_Member_(Sri_Lanka)>	<Demonstrate_or_rally>	<Activist_(Sri_Lanka)>
<Ma_Xiaoguang>	<MakeStatement>	<China>
<Foreign_Affairs_(South_Korea)>	<MakeStatement>	<South_Korea>
<Sergey_Viktorovich_Lavrov>	<Express_intent_to_meet_or_negotiate>	<Cabinet_/_Council_of_Ministers_/_Advisors_(United_States)>
<Student_(Kenya)>	<Express_intent_to_cooperate>	<Police_(Kenya)>
<Ashraf_Ghani_Ahmadzai>	<Express_intent_to_meet_or_negotiate>	<Citizen_(Saudi_Arabia)>
<Rosoboronexport>	<MakeStatement>	<Afghanistan>
<Police_(Philippines)>	<MakeStatement>	<Criminal_(Philippines)>
<North_Korea>	<Consult>	<South_Korea>
<Abdel_Fattah_Al-Sisi>	<Consult>	<Cabinet_/_Council_of_Ministers_/_Advisors_(United_States)>
<Foreign_Affairs_(Russia)>	<MakeStatement>	<Foreign_Affairs_(Syria)>
<Patricia_de_Lille>	<MakeStatement>	<Military_Personnel_-_Special_(Afghanistan)>
<Labor_and_Employment_Ministry_(Nigeria)>	<MakeStatement>	<Labor_Union_(Nigeria)>
<Poland>	<Consult>	<Ireland>
<Michael_Sata>	<MakeStatement>	<Court_Judge_(Iraq)>
<Bahrain>	<MakeStatement>	<Republican_People's_Party>
<Xi_Jinping>	<MakeStatement>	<Henry_M._Paulson>
<Joseph_Robinette_Biden>	<MakeStatement>	<Daniel_Ortega>
<Chuck_Hagel>	<MakeStatement>	<Iran>
<Barack_Obama>	<MakeStatement>	<Japan>
<Attorney_General_(Argentina)>	<MakeStatement>	<Lawyer/Attorney_(Argentina)>
<Foreign_Affairs_(Russia)>	<MakeStatement>	<Defense_/_Security_Ministry_(Malaysia)>
<Cabinet_/_Council_of_Ministers_/_Advisors_(Yemen)>	<Make_an_appeal_or_request>	<Citizen_(Yemen)>
<John_Kerry>	<Make_optimistic_comment>	<Other_Authorities_/_Officials_(Hong_Kong)>
<Japan>	<Host_a_visit>	<Terry_McAuliffe>
<Evo_Morales>	<MakeStatement>	<Bolivia>
<Augustine_Alegeh>	<MakeStatement>	<Okey_Wali>
<Protester_(Hong_Kong)>	<Demonstrate_or_rally>	<Police_(Hong_Kong)>
<Information_/_Communication_/_Transparency_Ministry_(Singapore)>	<MakeStatement>	<Malaysia>
<Afghanistan>	<Host_a_visit>	<Ashraf_Ghani_Ahmadzai>
<Carlo_Calenda>	<MakeStatement>	<Bernd_Lange>
<Head_of_Government_(China)>	<MakeStatement>	<Japan>
<Derek_Andre_Hanekom>	<MakeStatement>	<South_Africa>
<North_Korea>	<Host_a_visit>	<Japan>
<Iraq>	<MakeStatement>	<Militant_(Iraq)>
<Army_Personnel_(Philippines)>	<MakeStatement>	<Philippines>
<The_Hague>	<MakeStatement>	<Immigrants_(Ethiopia)>
<Jagdish_Mukhi>	<MakeStatement>	<Head_of_Government_(India)>
<Ashraf_Ghani_Ahmadzai>	<Praise_or_endorse>	<Iran>
<Conservative_Party_(United_Kingdom)>	<MakeStatement>	<Martin_McGuinness>
<Head_of_Government_(Ukraine)>	<Consult>	<Angela_Merkel>
<Media_Personnel_(Uganda)>	<MakeStatement>	<Military_(Central_African_Republic)>
<Canada>	<MakeStatement>	<Liberal_Party_(Canada)>
<Morocco>	<Express_intent_to_engage_in_diplomatic_cooperation_(such_as_policy_support)>	<Mauritania>
<Police_(Israel)>	<MakeStatement>	<Republican_People's_Party>
<Patricia_de_Lille>	<Accuse>	<Government_(South_Africa)>
<Foreign_Affairs_(Argentina)>	<MakeStatement>	<Abu_Sayyaf>
<Cyprian_Awiti>	<MakeStatement>	<Government_(Kenya)>
<François_Rebsamen>	<MakeStatement>	<Government_(France)>
<Fire_Brigade_(Australia)>	<MakeStatement>	<Police_(Australia)>
<Philip_Hammond>	<Make_empathetic_comment>	<Michael_Sata>
<Citizen_(United_Kingdom)>	<MakeStatement>	<Member_of_Parliament_(Ukraine)>
<North_Korea>	<Return_release_person(s)>	<Jeffrey_Fowle>
<South_Korea>	<Express_intent_to_cooperate>	<North_Korea>
<Citizen_(Turkey)>	<Protest_violently_riot>	<Military_(Turkey)>
<Viktor_Chirkov>	<MakeStatement>	<AvtoVAZ>
<Mexico>	<Host_a_visit>	<Salvador_Sánchez_Cerén>
<Treasury/Finance_Ministry_(Nigeria)>	<MakeStatement>	<Government_(Nigeria)>
<Militant_(Taliban)>	<Use_unconventional_violence>	<Military_(United_Kingdom)>
<Armed_Band_(Philippines)>	<fight_with_small_arms_and_light_weapons>	<Military_(Philippines)>
<Citizen_(Mali)>	<MakeStatement>	<Foreign_Affairs_(United_States)>
<Student_Dissident_(Hong_Kong)>	<Consult>	<Police_(Hong_Kong)>
<Human_Rights_Watch>	<MakeStatement>	<China>
<Air_Force_(Iraq)>	<MakeStatement>	<Freedom_Fighter_(Zambia)>
<Police_(Costa_Rica)>	<MakeStatement>	<Party_Member_(Iraq)>
<Justice_Department/Ministery_(Libya)>	<MakeStatement>	<Cabinet_/_Council_of_Ministers_/_Advisors_(Libya)>
<Armed_Band_(South_Africa)>	<MakeStatement>	<Head_of_Government_(Germany)>
<Rebel_Group_(Abu_Sayyaf)>	<Return_release_person(s)>	<Citizen_(Germany)>
<Member_of_Parliament_(Iraq)>	<MakeStatement>	<Iran>
<Court_Judge_(India)>	<MakeStatement>	<Medical_Personnel_(India)>
<Tharman_Shanmugaratnam>	<MakeStatement>	<Ministry_(Iran)>
<Pierre_Laurent>	<MakeStatement>	<Criminal_(Argentina)>
<Domestic_Affairs_(Panama)>	<MakeStatement>	<Government_(Panama)>
<China>	<Express_intent_to_settle_dispute>	<Afghanistan>
<John_Kerry>	<MakeStatement>	<Sergey_Viktorovich_Lavrov>
<Business_(Uruguay)>	<Express_intent_to_cooperate>	<Labor_Union_(Uruguay)>
<Stephane_Le_Foll>	<MakeStatement>	<France>
<Court_Judge_(India)>	<Impose_administrative_sanctions>	<Citizen_(India)>
<Media_(Azerbaijan)>	<MakeStatement>	<Iran>
<Head_of_Government_(Nigeria)>	<MakeStatement>	<Indigenous_People_(Nigeria)>
<Vietnam>	<Express_intent_to_settle_dispute>	<China>
<Bahrain>	<Express_intent_to_cooperate>	<Thailand>
<Poland>	<MakeStatement>	<Kazakhstan>
<Japan>	<Express_intent_to_engage_in_diplomatic_cooperation_(such_as_policy_support)>	<Citizen_(Unidentified_State_Actor)>
<Luiz_Inacio_Lula_Da_Silva>	<Engage_in_diplomatic_cooperation>	<Colombia>
<Department_of_Transportation>	<MakeStatement>	<South_Korea>
<Government_Official_(Mali)>	<MakeStatement>	<Military_(Mali)>
<Robert_Pickersgill>	<MakeStatement>	<Government_(Jamaica)>
<Canada>	<MakeStatement>	<Justin_Trudeau>
<Government_(Nepal)>	<MakeStatement>	<Member_of_the_Judiciary_(Nigeria)>
<Haider_Al-Abadi>	<MakeStatement>	<Militant_(Iraq)>
<John_Kerry>	<MakeStatement>	<Iraq>
<Member_of_Legislative_(Govt)_(India)>	<MakeStatement>	<Business_(Tonga)>
<Ministry_(Nigeria)>	<MakeStatement>	<Medical_Personnel_(Nigeria)>
<Bahia_Hariri>	<Praise_or_endorse>	<Military_(Lebanon)>
<International_Court_of_Justice>	<MakeStatement>	<Japan>
<Nestor_Kirchner>	<MakeStatement>	<Civic_Group_(Argentina)>
<Military_Personnel_(Angola)>	<MakeStatement>	<Governor_(Angola)>
<Abdullah_Abdullah>	<MakeStatement>	<John_Kerry>
<Umar_al_Bashir>	<MakeStatement>	<Sudan>
<Uhuru_Muigai_Kenyatta>	<MakeStatement>	<Government_(Kenya)>
<Amason_Kingi>	<Demand_change_in_leadership>	<Police_(Kenya)>
<National_Directorate_of_Security>	<MakeStatement>	<Secret_Agent_(Afghanistan)>
<Militant_(Syria)>	<Use_unconventional_violence>	<Combatant_(Syrian_Kurds)>
<Court_Judge_(Iraq)>	<Threaten>	<Nuri_al-Maliki>
<Ministry_of_Public_Security_(Canada)>	<MakeStatement>	<Business_(Canada)>
<China>	<MakeStatement>	<Military_(China)>
<Military_Personnel_-_Special_(Afghanistan)>	<Arrest_detain_or_charge_with_legal_action>	<Military_Personnel_(Afghanistan)>
<Isaac_Kiprono_Ruto>	<MakeStatement>	<Uhuru_Muigai_Kenyatta>
<Foreign_Affairs_(Argentina)>	<Accuse>	<Jeremy_Clarkson>
<Congress_of_South_African_Trade_Unions>	<Praise_or_endorse>	<Evo_Morales>
<Catherine_Ashton>	<MakeStatement>	<Iran>
<Alexander_Lukashevich>	<MakeStatement>	<Representatives_(Iraq)>
<Media_(Africa)>	<MakeStatement>	<Businessperson_(Kenya)>
<Rajiv_Shah>	<MakeStatement>	<Nurse_(France)>
<Defense_/_Security_Ministry_(Iraq)>	<MakeStatement>	<Militant_(Iraq)>
<Klaus_Johannis>	<Make_an_appeal_or_request>	<Victor_Ponta>
<John_Kerry>	<MakeStatement>	<China>
<Benjamin_Netanyahu>	<MakeStatement>	<John_Kerry>
<Malaysia>	<Engage_in_diplomatic_cooperation>	<Thailand>
<Seoul_High_Court>	<Arrest_detain_or_charge_with_legal_action>	<Citizen_(South_Korea)>
<Jacek_Rostowski>	<MakeStatement>	<European_Parliament>
<Prayuth_Chan-ocha>	<MakeStatement>	<Thailand>
<Hashmat_Stanikzai>	<MakeStatement>	<Military_Personnel_-_Special_(Afghanistan)>
<David_Shear>	<Make_a_visit>	<Japan>
<Business_(Canada)>	<Praise_or_endorse>	<Joe_Oliver>
<Umar_al_Bashir>	<Consult>	<Royal_Administration_(Saudi_Arabia)>
<Other_Authorities_/_Officials_(Namibia)>	<MakeStatement>	<Police_(Rwanda)>
<Joe_Natuman>	<MakeStatement>	<Media_Personnel_(Australia)>
<Robert_Cazanciuc>	<MakeStatement>	<Romania>
<Terrorist_(Islamic_State_of_Iraq_and_the_Levant)>	<MakeStatement>	<UN_Security_Council>
<Pham_Binh_Minh>	<Praise_or_endorse>	<Canada>
<Lawyer/Attorney_(Cambodia)>	<MakeStatement>	<Police_(Cambodia)>
<Air_Force_Chief_(South_Korea)>	<MakeStatement>	<Canada>
<Student_(Iran)>	<MakeStatement>	<Election_Commission_(India)>
<Student_(Hong_Kong)>	<Demonstrate_or_rally>	<China>
<Armed_Band_(Philippines)>	<MakeStatement>	<RIA_Novosti>
<Sawarmi_Khaled_Saad>	<MakeStatement>	<Sudan>
<Local_Media_(Switzerland)>	<MakeStatement>	<Other_Authorities_/_Officials_(Switzerland)>
<Abdiweli_Sheikh_Ahmed>	<Consult>	<Pierre_Nkurunziza>
<Armed_Gang_(Lebanon)>	<Use_unconventional_violence>	<Military_(Lebanon)>
<Police_(Israel)>	<MakeStatement>	<Attacker_(Palestinian_Territory_Occupied)>
<Preneet_Kaur>	<MakeStatement>	<Aam_Aadmi_Party>
<Head_of_Government_(Colombia)>	<Praise_or_endorse>	<Foreign_Affairs_(Norway)>
<Micky_Rosenfeld>	<MakeStatement>	<Police_(Israel)>
<Police_(Canada)>	<MakeStatement>	<Employee_(Canada)>
<Reserve_Personnel_(Ukraine)>	<MakeStatement>	<Military_(Russia)>
<France>	<MakeStatement>	<Guinea>
<Agence_France-Presse>	<MakeStatement>	<Hamas>
<Angela_Merkel>	<MakeStatement>	<Iran>
<Barack_Obama>	<MakeStatement>	<Hamas>
<Bala_Abdulkadir_Mohammed>	<MakeStatement>	<Education_(Nigeria)>
<Lawyer/Attorney_(Kenya)>	<Appeal_for_easing_of_administrative_sanctions>	<The_Hague>
<Yulia_Tymoshenko>	<Consult>	<Victoria_Nuland>
<Treasury/Finance_Ministry_(Kyrgyzstan)>	<Praise_or_endorse>	<Iran>
<Media_Personnel_(Japan)>	<MakeStatement>	<China>
<Secretariat_(Nigeria)>	<MakeStatement>	<Foreign_Affairs_(United_States)>
<Prabowo_Subianto>	<MakeStatement>	<Member_of_Parliament_(Australia)>
<Nguyen_Xuan_Phuc>	<MakeStatement>	<Government_Official_(Afghanistan)>
<Militant_(Taliban)>	<MakeStatement>	<Government_Official_(Russia)>
<Efkan_Ala>	<MakeStatement>	<Main_Opposition_(Turkey)>
<Barack_Obama>	<MakeStatement>	<North_Korea>
<Combatant_(Iraqi_Kurds)>	<Mobilize_or_increase_armed_forces>	<Iraq>
<Levon_Ter-Petrosyan>	<MakeStatement>	<Gagik_Tsarukyan>
<Royal_Administration_(Jordan)>	<MakeStatement>	<Iran>
<Head_of_Government_(Ukraine)>	<Consult>	<Arseniy_Yatsenyuk>
<Tanzania>	<MakeStatement>	<Government_(Ecuador)>
<Police_(Australia)>	<Accuse>	<Citizen_(Australia)>
<Pham_Binh_Minh>	<MakeStatement>	<Ri_Su_Yong>
<Edwin_Lacierda>	<MakeStatement>	<Moro_National_Liberation_Front>
<Jens_Weidmann>	<MakeStatement>	<France>
<France>	<Mediate>	<Armenia>
<Catherine_Ashton>	<Sign_formal_agreement>	<John_Kerry>
<Xi_Jinping>	<Engage_in_negotiation>	<Ma_Ying_Jeou>
<Daniel_Ortega>	<MakeStatement>	<Mexico>
<Angela_Merkel>	<MakeStatement>	<Malaysia>
<Court_Judge_(Namibia)>	<Reject>	<Citizen_(Namibia)>
<Combatant_(Canada)>	<MakeStatement>	<Member_of_the_Judiciary_(Sierra_Leone)>
<Air_Force_Chief_(South_Korea)>	<Express_intent_to_meet_or_negotiate>	<Citizen_(United_Kingdom)>
<Uhuru_Muigai_Kenyatta>	<MakeStatement>	<Ethiopia>
<Ministry_(Nigeria)>	<Praise_or_endorse>	<Other_Authorities_/_Officials_(Nigeria)>
<Mohamed_Ould_Abdel_Aziz>	<MakeStatement>	<Militia_(Kenya)>
<Catherine_Ashton>	<Express_intent_to_meet_or_negotiate>	<John_Kerry>
<Phongthep_Thepkanjana>	<MakeStatement>	<Cabinet_/_Council_of_Ministers_/_Advisors_(Thailand)>
<Nicos_Anastasiades>	<Consult>	<Antonis_Samaras>
<Iraq>	<Host_a_visit>	<Military_Advisor_(United_States)>
<Police_(Libya)>	<MakeStatement>	<Mustafa_Abu_Shagur>
<Head_of_Government_(Sweden)>	<MakeStatement>	<Government_(Sweden)>
<Abdelkader_Taleb_Oumar>	<MakeStatement>	<Military_(Vietnam)>
<Milliyet>	<MakeStatement>	<Lawyer/Attorney_(Turkey)>
<Foreign_Affairs_(Rwanda)>	<MakeStatement>	<UN_Security_Council>
<Women_(Kenya)>	<Make_an_appeal_or_request>	<Government_(Kenya)>
<Aliyu_Mohammed_Gusau>	<Make_an_appeal_or_request>	<Nigerian_Navy>
<Abdullatif_Al-Zayani>	<MakeStatement>	<Government_(Sweden)>
<Valdis_Dombrovskis>	<MakeStatement>	<Head_of_Government_(Latvia)>
<Government_(Sudan)>	<MakeStatement>	<Riek_Machar>
<Myanmar>	<Express_intent_to_engage_in_diplomatic_cooperation_(such_as_policy_support)>	<Thailand>
<Omar_Abdullah>	<MakeStatement>	<Muhammadu_Buhari>
<Military_(Philippines)>	<MakeStatement>	<Criminal_(Philippines)>
<Justice_Department/Ministery_(India)>	<Consult>	<Court_Judge_(India)>
<Protester_(Hong_Kong)>	<Consult>	<Agence_France-Presse>
<Devlet_Bahçeli>	<MakeStatement>	<Nationalist_Movement_Party>
<Japan>	<MakeStatement>	<China>
<Mexico>	<MakeStatement>	<Indigenous_People_(India)>
<Protester_(United_Kingdom)>	<MakeStatement>	<Indigenous_People_(United_Kingdom)>
<Governor_(Kenya)>	<Express_intent_to_cooperate>	<Employee_(Kenya)>
<Armed_Rebel_(Syria)>	<Use_unconventional_violence>	<Hezbollah>
<Environment_Department/Ministry_(Kenya)>	<MakeStatement>	<Government_(Angola)>
<North_Korea>	<Provide_aid>	<Citizen_(North_Korea)>
<Prayuth_Chan-ocha>	<Demand>	<Ministry_(Thailand)>
<Citizen_(India)>	<fight_with_small_arms_and_light_weapons>	<Head_of_Government_(India)>
<Citizen_(Kenya)>	<Appeal_for_intelligence>	<Employee_(Kenya)>
<Citizen_(Nigeria)>	<Accuse>	<Muhammadu_Buhari>
<Admiral_(Iran)>	<MakeStatement>	<Fighter_Bomber_(Iran)>
<Canada>	<Host_a_visit>	<Sauli_Niinistö>
<China>	<Consult>	<Japan>
<Citizen_(India)>	<Accuse>	<Medical_Personnel_(India)>
<China>	<Express_intent_to_cooperate>	<Vietnam>
<Cabinet_/_Council_of_Ministers_/_Advisors_(Belarus)>	<Consult>	<Dmitry_Anatolyevich_Medvedev>
<Other_Authorities_/_Officials_(Jamaica)>	<MakeStatement>	<Criminal_(Jamaica)>
<Court_Judge_(Bahrain)>	<Arrest_detain_or_charge_with_legal_action>	<Opposition_Activist_(Bahrain)>
<Jean-Yves_Le_Drian>	<Make_a_visit>	<Ibrahim_Boubacar_Keïta>
<Justice_Department/Ministery_(Niger)>	<MakeStatement>	<Attacker_(Niger)>
<Member_of_Legislative_(Govt)_(India)>	<Criticize_or_denounce>	<Member_of_Parliament_(India)>
<Hamas>	<MakeStatement>	<Israeli_Defense_Forces>
<Nguyen_Xuan_Phuc>	<Make_a_visit>	<Iran>
<Sergey_Viktorovich_Lavrov>	<MakeStatement>	<John_Kerry>
<International_Court_of_Justice>	<MakeStatement>	<Police_(Rwanda)>
<Benjamin_Netanyahu>	<MakeStatement>	<Tzipi_Livni>
<Police_(Indonesia)>	<Arrest_detain_or_charge_with_legal_action>	<Citizen_(Indonesia)>
<Men_(Philippines)>	<MakeStatement>	<Industrial_/_Textiles_/_Mining_Ministry_(Azerbaijan)>
<Government_(Nigeria)>	<MakeStatement>	<Boko_Haram>
<William_Lukuvi>	<MakeStatement>	<Tanzania>
<Police_(Sudan)>	<MakeStatement>	<Dmitry_Anatolyevich_Medvedev>
<South_Africa>	<Express_intent_to_engage_in_diplomatic_cooperation_(such_as_policy_support)>	<Japan>
<Member_of_the_Judiciary_(Afghanistan)>	<MakeStatement>	<François_Hollande>
<China>	<MakeStatement>	<Myanmar>
<Lawyer/Attorney_(Kenya)>	<MakeStatement>	<Uhuru>
<Energy_Department/Ministry_(Philippines)>	<MakeStatement>	<Philippines>
<Boy_Rafli_Amar>	<MakeStatement>	<Police_(Indonesia)>
<Marco_Hausiku>	<Appeal_for_diplomatic_cooperation_(such_as_policy_support)>	<Citizen_(Namibia)>
<Nurse_(United_States)>	<MakeStatement>	<Government_Official_(Afghanistan)>
<Military_(South_Sudan)>	<MakeStatement>	<Imad_Mugniyah>
<South_Korea>	<Make_a_visit>	<Japan>
<Head_of_Government_(China)>	<Express_intent_to_meet_or_negotiate>	<China>
<Jonah_David_Jang>	<Accuse>	<Assemblies_(Nigeria)>
<Ministry_(Nigeria)>	<MakeStatement>	<Government_(Nigeria)>
<Citizen_(Indonesia)>	<Criticize_or_denounce>	<City_Mayor_(Indonesia)>
<Militant_(Iraq)>	<Occupy_territory>	<Iraq>
<TDC>	<MakeStatement>	<Al_Jazeera>
<Citizen_(India)>	<Conduct_suicide_car_or_other_non-military_bombing>	<Company_-_Owner_or_Operator_(India)>
<Najam_Sethi>	<MakeStatement>	<Raheel_Sharif>
<Evo_Morales>	<Make_optimistic_comment>	<Party_Member_(Bolivia)>
<Admiral_(Iran)>	<MakeStatement>	<Iran>
<Iran>	<Engage_in_material_cooperation>	<Iraq>
<Lawyer/Attorney_(Philippines)>	<MakeStatement>	<City_Mayor_(Philippines)>
<Foreign_Affairs_(United_States)>	<Sign_formal_agreement>	<Mohamad_Hanif_Atmar>
<Ashraf_Ghani_Ahmadzai>	<MakeStatement>	<Afghanistan>
<Benjamin_Netanyahu>	<MakeStatement>	<Angela_Merkel>
<Men_(Philippines)>	<Abduct_hijack_or_take_hostage>	<Police_(Philippines)>
<Member_of_the_Judiciary_(Bangladesh)>	<MakeStatement>	<Criminal_(El_Salvador)>
<Citizen_(South_Korea)>	<Use_unconventional_violence>	<Police_(South_Korea)>
<France>	<MakeStatement>	<Barack_Obama>
<Chuck_Hagel>	<MakeStatement>	<Iraq>
<Women_(Kenya)>	<MakeStatement>	<Kidnapper_(Afghanistan)>
<Tharit_Pengdit>	<MakeStatement>	<Protester_(Thailand)>
<Media_(Morocco)>	<MakeStatement>	<Morocco>
<Kazakhstan>	<MakeStatement>	<Government_(Nepal)>
<Court_Judge_(Nigeria)>	<Arrest_detain_or_charge_with_legal_action>	<Boko_Haram>
<Bala_Ngilari>	<MakeStatement>	<Member_of_the_Judiciary_(Nigeria)>
<Rajiv_Shah>	<Make_a_visit>	<Guinea>
<Vytenis_Povilas_Andriukaitis>	<MakeStatement>	<Algirdas_Butkevičius>
<Marziyeh_Afkham>	<Praise_or_endorse>	<Military_(Lebanon)>
<Soumeylou_Boubèye_Maiga>	<MakeStatement>	<Military_(Mali)>
<Bahia_Hariri>	<MakeStatement>	<Ivan_Gasparovic>
<China>	<Engage_in_diplomatic_cooperation>	<Vietnam>
<Other_Authorities_/_Officials_(Nigeria)>	<MakeStatement>	<Farm_Worker_(Nigeria)>
<Regional_Governor_(Japan)>	<MakeStatement>	<Military_Personnel_(Thailand)>
<North_Korea>	<MakeStatement>	<South_Korea>
<Tony_Blair>	<MakeStatement>	<Armed_Gang_(Egypt)>
<Undersecretary_(Bahrain)>	<MakeStatement>	<Labor_and_Employment_Ministry_(Bahrain)>
<Military_(Argentina)>	<MakeStatement>	<Thailand>
<Domestic_Affairs_(Mauritania)>	<Engage_in_negotiation>	<Mohamed_Hassad>
<Canada>	<Engage_in_symbolic_act>	<Canadian_Armed_Forces>
<Iran>	<MakeStatement>	<Morteza_Sarmadi>
<Undersecretary_(Kuwait)>	<MakeStatement>	<Kuwait>
<Armenia>	<MakeStatement>	<Cobra_Matata>
<Angela_Merkel>	<MakeStatement>	<Victoria_Nuland>
<Abdelilah_Benkirane>	<MakeStatement>	<Independence_Party>
<Luiz_Inacio_Lula_Da_Silva>	<MakeStatement>	<Fernando_Henrique_Cardoso>
<Other_Authorities_/_Officials_(Namibia)>	<Reject>	<Citizen_(Namibia)>
<Gambia>	<MakeStatement>	<City_Mayor_(Italy)>
<China>	<Engage_in_diplomatic_cooperation>	<Afghanistan>
<Jean-Michel_Baylet>	<MakeStatement>	<Foroyaa>
<Police_(Tanzania)>	<MakeStatement>	<Immigrants_(Sudan)>
<Fire_Brigade_(China)>	<MakeStatement>	<China>
<Defense_/_Security_Ministry_(Nigeria)>	<MakeStatement>	<Government_(Nigeria)>
<Bureaucrat_(India)>	<Consult>	<Anandiben_Patel>
<Botswana>	<MakeStatement>	<Air_Force_(Iraq)>
<Boko_Haram>	<Sign_formal_agreement>	<Hassan_Tukur>
<Anandiben_Patel>	<Express_intent_to_meet_or_negotiate>	<Citizen_(India)>
<National_Agency_for_Food_and_Drug_Administration_and_Control>	<Make_an_appeal_or_request>	<Farm_Worker_(Nigeria)>
<Cabinet_/_Council_of_Ministers_/_Advisors_(United_States)>	<MakeStatement>	<Fumio_Kishida>
<Uhuru>	<Make_a_visit>	<The_Hague>
<Congress_(Nigeria)>	<MakeStatement>	<Morteza_Sarmadi>
<Julie_Bishop>	<MakeStatement>	<UN_Security_Council>
<Planning_Commission_(Nigeria)>	<MakeStatement>	<Ministry_(Nigeria)>
<Head_of_Government_(Mauritania)>	<MakeStatement>	<Mauritania>
<Defense_/_Security_Ministry_(Ukraine)>	<MakeStatement>	<Militant_(Ukraine)>
<Meretz>	<MakeStatement>	<Tzipi_Livni>
<China>	<MakeStatement>	<Vietnam>
<Military_(Argentina)>	<Sexually_assault>	<Women_(Argentina)>
<Japan>	<Host_a_visit>	<Willem-Alexander>
<Sabah_Khaled_Al-Hamad_Al-Sabah>	<Make_a_visit>	<Iraq>
<Transparency_International>	<Make_an_appeal_or_request>	<Government_(Africa)>
<Attacker_(Al_Qaeda)>	<Use_unconventional_violence>	<Police_(Yemen)>
<Wendy_Sherman>	<Accuse>	<Iran>
<Iran>	<Express_intent_to_provide_economic_aid>	<Military_(Lebanon)>
<Barack_Obama>	<Make_a_visit>	<China>
<John_Kerry>	<MakeStatement>	<National_Coalition_for_Syrian_Revolutionary_and_Opposition_Forces>
<Military_Personnel_(Nigeria)>	<MakeStatement>	<Militant_(Boko_Haram)>
<Future_Movement>	<Engage_in_negotiation>	<François_Hollande>
<Valeriu_Troenco>	<Make_a_visit>	<Irakli_Alasania>
<Protester_(Hong_Kong)>	<MakeStatement>	<China>
<UN_Security_Council>	<Praise_or_endorse>	<Ministry_(Iraqi_Kurds)>
<Ashraf_Ghani_Ahmadzai>	<Make_pessimistic_comment>	<Afghanistan>
<Businessperson_(Kenya)>	<MakeStatement>	<Court_Judge_(Mexico)>
<High_Commission_for_Refugees>	<Praise_or_endorse>	<Tanzania>
<Civic_Group_(Croatia)>	<MakeStatement>	<City_Mayor_(Croatia)>
<Majid_Takht_Ravanchi>	<MakeStatement>	<Iran>
<Didmus_Noel_Edwin_Mutasa>	<MakeStatement>	<Employee_(Kenya)>
<Chuck_Hagel>	<MakeStatement>	<Al_Arabiya>
<High_Ranking_Military_Personnel_(Pakistan)>	<MakeStatement>	<Militant_(Taliban)>
<The_Hague>	<Host_a_visit>	<Uhuru>
<Philip_Hammond>	<MakeStatement>	<Legislature_(Libya)>
<South_Africa>	<MakeStatement>	<China>
<Vitaliy_Yarema>	<MakeStatement>	<Defense_/_Security_Ministry_(Ukraine)>
<Vietnam>	<Return_release_person(s)>	<Dissident_(Vietnam)>
<Prayuth_Chan-ocha>	<MakeStatement>	<Military_(Thailand)>
<Foreign_Affairs_(Czech_Republic)>	<Provide_humanitarian_aid>	<Doctors_Without_Borders>
<Businessperson_(Kenya)>	<Use_conventional_military_force>	<Student_(Kenya)>
<Police_(Canada)>	<MakeStatement>	<Canada>
<Labor_Union_(Nigeria)>	<MakeStatement>	<Guerrilla_(Revolutionary_Armed_Forces_of_Colombia)>
<Foreign_Affairs_(Russia)>	<MakeStatement>	<Iraq>
<Treasury/Finance_Ministry_(Kyrgyzstan)>	<MakeStatement>	<Emilio_Pérez_Touriño>
<Zeid_Ra'ad_Al_Hussein>	<Make_an_appeal_or_request>	<Other_Authorities_/_Officials_(Venezuela)>
<Congress_(Nigeria)>	<Make_an_appeal_or_request>	<Scholar_(Nigeria)>
<Makame_Mbarawa>	<MakeStatement>	<Tanzania>
<Ronnie_Mamoepa>	<Express_intent_to_meet_or_negotiate>	<Tom_Motsoahae_Thabane>
<Kazakhstan>	<Express_intent_to_cooperate>	<Malaysia>
<Police_(Israel)>	<Use_conventional_military_force>	<Armed_Gang_(Palestinian_Territory_Occupied)>
<Somali_National_Army>	<Occupy_territory>	<Al-Shabaab>
<Other_Authorities_/_Officials_(Nigeria)>	<MakeStatement>	<Ministry_(Nigeria)>
<Salvador_Sánchez_Cerén>	<MakeStatement>	<Guerrilla_(El_Salvador)>
<Sheikh_Hasina_Wajed>	<MakeStatement>	<Member_of_Parliament_(Bangladesh)>
<Dinh_Tien_Dung>	<MakeStatement>	<Ministry_(Vietnam)>
<Stavros_Lambrinidis>	<MakeStatement>	<Klaus_Johannis>
<Ayatollah_Seyyed_Ahmad_Alamolhoda>	<MakeStatement>	<Iran>
<John_Kerry>	<Discuss_by_telephone>	<Foreign_Affairs_(Russia)>
<Rebel_Group_(Abu_Sayyaf)>	<MakeStatement>	<Kazakhstan>
<Yulia_Tymoshenko>	<MakeStatement>	<Armed_Gang_(Lebanon)>
<Zeid_Ra'ad_Al_Hussein>	<MakeStatement>	<Franklin_Drilon>
<Ministry_(Nigeria)>	<MakeStatement>	<Media_(Africa)>
<Defense_/_Security_Ministry_(Ukraine)>	<MakeStatement>	<North_Atlantic_Treaty_Organization>
<Member_of_the_Judiciary_(Nigeria)>	<Arrest_detain_or_charge_with_legal_action>	<Boko_Haram>
<Ministry_(Morocco)>	<MakeStatement>	<Morocco>
<Yamfwa_Mukanga>	<MakeStatement>	<Government_(United_States)>
<Sebastian_Ndeitunga>	<MakeStatement>	<Police_(Namibia)>
<Saud_bin_Faisal_bin_Abdul-Aziz>	<MakeStatement>	<Member_of_Parliament_(Ukraine)>
<Citizen_(Kenya)>	<MakeStatement>	<Volvo>
<Health_Ministry_(Bangladesh)>	<MakeStatement>	<Military_(Lebanon)>
<Barack_Obama>	<MakeStatement>	<Government_(Nigeria)>
<Daniel_Russel>	<Engage_in_negotiation>	<Foreign_Affairs_(South_Korea)>
<Police_(Costa_Rica)>	<Arrest_detain_or_charge_with_legal_action>	<Criminal_(Costa_Rica)>
<Muhammadu_Buhari>	<Make_an_appeal_or_request>	<Citizen_(Nigeria)>
<Transport_(Canada)>	<MakeStatement>	<Nigerian_Bar_Association>
<Citizen_(India)>	<Use_unconventional_violence>	<Court_Judge_(India)>
<Head_of_Government_(Kenya)>	<Express_intent_to_meet_or_negotiate>	<Citizen_(Kenya)>
<Citizen_(Yemen)>	<Make_an_appeal_or_request>	<Political_Parties_(Yemen)>
<Ma_Ying_Jeou>	<Halt_negotiations>	<Xi_Jinping>
<Human_Rights_Watch>	<MakeStatement>	<Cambodia>
<Vera_Jourova>	<MakeStatement>	<Milos_Zeman>
<Student_(Hong_Kong)>	<MakeStatement>	<Protester_(Hong_Kong)>
<Citizen_(India)>	<MakeStatement>	<Education_(Nigeria)>
<Ashraf_Ghani_Ahmadzai>	<Praise_or_endorse>	<Head_of_Government_(Pakistan)>
<High_Ranking_Military_Personnel_(Jordan)>	<MakeStatement>	<Police_(Jordan)>
<South_Korea>	<fight_with_small_arms_and_light_weapons>	<North_Korea>
<Cabinet_/_Council_of_Ministers_/_Advisors_(Yemen)>	<MakeStatement>	<Detainee_(Lebanon)>
<Chuck_Hagel>	<MakeStatement>	<Lawmaker_(Turkey)>
<Dunya_Maumoon>	<MakeStatement>	<Maldives>
<Head_of_Government_(Afghanistan)>	<Express_intent_to_meet_or_negotiate>	<China>
<Pier_Ferdinando_Casini>	<MakeStatement>	<Iran>
<UN_Security_Council>	<MakeStatement>	<Sudan>
<Combatant_(Cameroon)>	<Use_unconventional_violence>	<Cameroon>
<Anandiben_Patel>	<MakeStatement>	<Combatant_(Islamic_State_of_Iraq_and_the_Levant)>
<Daniel_Russel>	<Express_intent_to_meet_or_negotiate>	<Japan>
<Caitlin_Hayden>	<MakeStatement>	<Imad_Mugniyah>
<Police_(El_Salvador)>	<MakeStatement>	<Criminal_(El_Salvador)>
<Amnesty_International>	<MakeStatement>	<Media_Personnel_(Thailand)>
<Militant_(Ukraine)>	<Abduct_hijack_or_take_hostage>	<Women_(Ukraine)>
<Jakaya_Mrisho_Kikwete>	<Express_intent_to_meet_or_negotiate>	<China>
<Agriculture_/_Fishing_/_Forestry_Ministry_(Sudan)>	<MakeStatement>	<Sudan>
<Combatant_(Islamic_State_of_Iraq_and_the_Levant)>	<MakeStatement>	<Government_(Germany)>
<Government_(Nigeria)>	<MakeStatement>	<Fula_people>
<Court_Judge_(India)>	<Consult>	<Justice_Department/Ministery_(India)>
<Behrouz_Kamalvandi>	<MakeStatement>	<Iran>
<Qassim_Atta>	<MakeStatement>	<Air_Force_(Iraq)>
<Toru_Hashimoto>	<MakeStatement>	<Newspaper_(Japan)>
<Vietnam>	<Praise_or_endorse>	<Tanzania>
<Michael_Sata>	<Make_empathetic_comment>	<Citizen_(Zambia)>
<Benjamin_Netanyahu>	<MakeStatement>	<Police_(Israel)>
<Archbishop_(Australia)>	<MakeStatement>	<Lawyer/Attorney_(Australia)>
<Military_Personnel_-_Special_(Nigeria)>	<MakeStatement>	<Raj_Thackeray>
<Bradesco>	<MakeStatement>	<Government_Affiliated_Bank_(Brazil)>
<Uhuru_Muigai_Kenyatta>	<Make_an_appeal_or_request>	<Citizen_(Kenya)>
<Police_(Indonesia)>	<MakeStatement>	<New_Zealand>
<Barack_Obama>	<MakeStatement>	<Raúl_Castro>
<Afghanistan>	<Make_a_visit>	<China>
<Susana_Villaran>	<MakeStatement>	<Business_(Peru)>
<Emal_Faizi>	<MakeStatement>	<Afghanistan>
<Milos_Zeman>	<MakeStatement>	<Jan_Kohout>
<Combatant_(Islamic_State_of_Iraq_and_the_Levant)>	<Kill_by_physical_assault>	<Citizen_(United_Kingdom)>
<Amnesty_International>	<Accuse>	<Other_Authorities_/_Officials_(Russia)>
<Qatar>	<Engage_in_diplomatic_cooperation>	<Iran>
<Lawyer/Attorney_(Sierra_Leone)>	<MakeStatement>	<Member_of_the_Judiciary_(Sierra_Leone)>
<Citizen_(Nigeria)>	<Make_an_appeal_or_request>	<Oversight_Court_(Nigeria)>
<Abdullah_Abdullah>	<MakeStatement>	<Afghanistan>
<Government_(Kenya)>	<Engage_in_diplomatic_cooperation>	<Employee_(Kenya)>
<Health_Ministry_(Bangladesh)>	<Express_intent_to_meet_or_negotiate>	<Citizen_(Bangladesh)>
<Nathan_Cirillo>	<Praise_or_endorse>	<Canadian_Armed_Forces>
<High_Ranking_Military_Personnel_(Pakistan)>	<MakeStatement>	<Criminal_(Pakistan)>
<Sue-Ellen_Kovack>	<Make_a_visit>	<Sierra_Leone>
<Thailand>	<MakeStatement>	<Cambodia>
<Geng_Yansheng>	<MakeStatement>	<Japan>
<Security_Council_(Russia)>	<Consult>	<Defense_/_Security_Ministry_(Russia)>
<Angus_Houston>	<MakeStatement>	<Associated_Press>
<Alexander_Lukashevich>	<MakeStatement>	<Canada>
<Isaac_Kiprono_Ruto>	<MakeStatement>	<Member_of_Legislative_(Govt)_(Kenya)>
<Somali_National_Army>	<Use_conventional_military_force>	<Al-Shabaab>
<John_Kerry>	<MakeStatement>	<UN_Security_Council>
<Guatemala>	<Make_an_appeal_or_request>	<Other_Authorities_/_Officials_(Guatemala)>
<UN_Security_Council>	<MakeStatement>	<Government_(Syria)>
<Military_Personnel_(Nigeria)>	<Consult>	<Daily_Trust>
<Veterans_(Croatia)>	<MakeStatement>	<Lawmaker_(Turkey)>
<Marziyeh_Afkham>	<MakeStatement>	<Iran>
<Treasury/Finance_Ministry_(Nigeria)>	<MakeStatement>	<Boko_Haram>
<Veterans_(Croatia)>	<Demand_change_in_leadership>	<Citizen_(Croatia)>
<Algirdas_Butkevičius>	<MakeStatement>	<Social_Democratic_Party_(Lithuania)>
<Militant_(Iraq)>	<MakeStatement>	<Military_Personnel_-_Special_(Nigeria)>
<Police_(Kenya)>	<MakeStatement>	<Immigrants_(Ethiopia)>
<Benjamin_Netanyahu>	<MakeStatement>	<Israeli_Defense_Forces>
<Citizen_(Kenya)>	<Make_an_appeal_or_request>	<Head_of_Government_(Kenya)>
<Philip_Hammond>	<Consult>	<John_Kerry>
<Human_Rights_Watch>	<MakeStatement>	<Lawyer/Attorney_(Australia)>
<France>	<Host_a_visit>	<Mohamed_Ould_Abdel_Aziz>
<Cabinet_/_Council_of_Ministers_/_Advisors_(Yemen)>	<Make_an_appeal_or_request>	<Political_Parties_(Yemen)>
<Government_(Croatia)>	<MakeStatement>	<Ministry_(Croatia)>
<Other_Authorities_/_Officials_(Nigeria)>	<Criticize_or_denounce>	<Citizen_(Nigeria)>
<Police_(Philippines)>	<MakeStatement>	<Philippines>
<Court_Judge_(Namibia)>	<Arrest_detain_or_charge_with_legal_action>	<Citizen_(Namibia)>
<City_Mayor_(South_Africa)>	<MakeStatement>	<Government_(South_Africa)>
<Royal_Air_Force>	<MakeStatement>	<Attack_Craft_(United_Kingdom)>
<Canadian_Armed_Forces>	<Increase_military_alert_status>	<Canada>
<Abdel_Fattah_Al-Sisi>	<MakeStatement>	<Secretariat_(Egypt)>
<Police_(Indonesia)>	<Accuse>	<Women_(Indonesia)>
<Tomislav_Nikolić>	<MakeStatement>	<European_Parliament>
<Vietnam>	<MakeStatement>	<Military_(Vietnam)>
<Chris_Alexander>	<MakeStatement>	<Canada>
<Foreign_Affairs_(Russia)>	<MakeStatement>	<North_Atlantic_Treaty_Organization>
<David_Choquehuanca>	<MakeStatement>	<Bolivia>
<Government_(Nigeria)>	<MakeStatement>	<Ogbeni_Rauf_Aregbesola>
<Prayuth_Chan-ocha>	<MakeStatement>	<National_Council_for_Peace_and_Order_of_Thailand>
<Government_(Kenya)>	<Refuse_to_yield>	<Citizen_(Kenya)>
<France>	<MakeStatement>	<South_Korea>
<Iran>	<MakeStatement>	<Edgars_Rinkevics>
<Salah_al-Bardawil>	<MakeStatement>	<Government_(Palestinian_Territory_Occupied)>
<Police_(Philippines)>	<Arrest_detain_or_charge_with_legal_action>	<Thief_(Philippines)>
<Foreign_Affairs_(Denmark)>	<MakeStatement>	<Sue-Ellen_Kovack>
<Head_of_Government_(Nigeria)>	<Appeal_for_diplomatic_cooperation_(such_as_policy_support)>	<Citizen_(Nigeria)>
<Government_(Syria)>	<Reject_request_for_military_aid>	<Militant_(Syria)>
<Pham_Binh_Minh>	<MakeStatement>	<Japan>
<Iran>	<Express_intent_to_engage_in_diplomatic_cooperation_(such_as_policy_support)>	<Iraq>
<Sadiq_al-Mahdi>	<MakeStatement>	<Government_(Sudan)>
<North_Korea>	<MakeStatement>	<Japan>
<Afghanistan>	<MakeStatement>	<Armed_Band_(Afghanistan)>
<Customs_Official_(India)>	<MakeStatement>	<Employee_(Liberia)>
<Head_of_Government_(Afghanistan)>	<Make_a_visit>	<China>
<Commando_(India)>	<Express_intent_to_meet_or_negotiate>	<Citizen_(India)>
<Nhial_Deng_Nhial>	<MakeStatement>	<Ethiopia>
<Militant_(Libya)>	<Use_unconventional_violence>	<Military_(Lebanon)>
<Court_Judge_(Namibia)>	<MakeStatement>	<African_Union>
<Sudan>	<MakeStatement>	<Benazir_Bhutto>
<Joseph_Robinette_Biden>	<Apologize>	<Royal_Administration_(Saudi_Arabia)>
<Reza_Najafi>	<Make_pessimistic_comment>	<Iran>
<Military_(China)>	<MakeStatement>	<Iran>
<Brownie_Samukai>	<Consult>	<Military_Personnel_(Liberia)>
<Military_Personnel_(Nigeria)>	<Make_an_appeal_or_request>	<Citizen_(Nigeria)>
<Media_Personnel_(Somalia)>	<MakeStatement>	<Al-Shabaab>
<Ashraf_Ghani_Ahmadzai>	<Express_intent_to_meet_or_negotiate>	<Xi_Jinping>
<People_Associated_with_the_Opposition_(Argentina)>	<Reject>	<Government_(Argentina)>
<Sudan>	<Host_a_visit>	<High_Commission_for_Refugees>
<Sierra_Leone>	<Host_a_visit>	<Sue-Ellen_Kovack>
<France>	<Express_intent_to_meet_or_negotiate>	<Kazakhstan>
<Citizen_(Norway)>	<MakeStatement>	<Lawmaker_(Turkey)>
<Foreign_Affairs_(Libya)>	<MakeStatement>	<Other_Authorities_/_Officials_(Libya)>
<Melissa_Fleming>	<MakeStatement>	<Asylum_Seeker_(Sudan)>
<Iran>	<Express_intent_to_provide_military_aid>	<Military_(Lebanon)>
<Xi_Jinping>	<MakeStatement>	<Tanzania>
<Mohammad_Reza_Naqdi>	<MakeStatement>	<Iran>
<Chongwadai>	<MakeStatement>	<Government_(United_States)>
<Foreign_Affairs_(Russia)>	<Express_intent_to_engage_in_diplomatic_cooperation_(such_as_policy_support)>	<UN_Security_Council>
<Algirdas_Butkevičius>	<Criticize_or_denounce>	<Citizen_(Lithuania)>
<Security_Council_(Russia)>	<MakeStatement>	<Malawi_Electoral_Commission>
<Activist_(France)>	<MakeStatement>	<France>
<Philipp_Rösler>	<MakeStatement>	<Vietnam>
<Transport_(Canada)>	<Express_intent_to_meet_or_negotiate>	<Canada>
<Brownie_Samukai>	<MakeStatement>	<National_Council_for_Peace_and_Order_of_Thailand>
<Alexander_Lukashevich>	<MakeStatement>	<Sergey_Viktorovich_Lavrov>
<Iran>	<MakeStatement>	<Barack_Obama>
<Abdol-Reza_Mesri>	<MakeStatement>	<European_Parliament>
<North_Korea>	<Engage_in_negotiation>	<Ryoo_Kihl-jae>
<Trinidad_and_Tobago>	<Arrest_detain_or_charge_with_legal_action>	<Criminal_(Trinidad_and_Tobago)>
<Yves-Fran_Francois_Blanchet>	<MakeStatement>	<Canada>
<Justice_Department/Ministery_(India)>	<MakeStatement>	<Ministry_(Thailand)>
<Head_of_Government_(Ecuador)>	<MakeStatement>	<Government_(Ecuador)>
<Al_Arabiya>	<MakeStatement>	<Royal_Administration_(Saudi_Arabia)>
<Cabinet_/_Council_of_Ministers_/_Advisors_(United_States)>	<Express_intent_to_cooperate>	<Sergey_Viktorovich_Lavrov>
<People_Associated_with_the_Opposition_(Argentina)>	<MakeStatement>	<Party_Member_(Malawi)>
<Military_Personnel_-_Special_(Afghanistan)>	<Use_conventional_military_force>	<Militant_(Taliban)>
<Kaci_Hickox>	<MakeStatement>	<Nurse_(United_States)>
<Head_of_Government_(Ukraine)>	<MakeStatement>	<Verkhovna_Rada>
<United_Arab_Emirates>	<Praise_or_endorse>	<Morocco>
<Member_of_the_Judiciary_(Nigeria)>	<MakeStatement>	<Cristina_Fernández_de_Kirchner>
<Justice_Department/Ministery_(Libya)>	<MakeStatement>	<Ahmed_Abu_Khatallah>
<Uhuru_Muigai_Kenyatta>	<MakeStatement>	<Qatar>
<Afghanistan>	<Consult>	<Ashraf_Ghani_Ahmadzai>
<Defense_/_Security_Ministry_(United_States)>	<MakeStatement>	<Iraq>
<African_Union>	<Praise_or_endorse>	<Angola>
<China>	<MakeStatement>	<Iran>
<South_Korea>	<Host_a_visit>	<North_Korea>
<Domestic_Affairs_(France)>	<MakeStatement>	<France>
<Police_(Philippines)>	<MakeStatement>	<Military_(Philippines)>
<Ruhakana_Rugunda>	<MakeStatement>	<Military_(Philippines)>
<Director_General_(Russia)>	<MakeStatement>	<Business_(Russia)>
<France>	<Praise_or_endorse>	<Malaysia>
<China>	<Express_intent_to_provide_material_aid>	<Afghanistan>
<Ministry_(Nigeria)>	<MakeStatement>	<Farm_Worker_(Nigeria)>
<Member_of_the_Judiciary_(Afghanistan)>	<Reject>	<Ashraf_Ghani_Ahmadzai>
<Media_Personnel_(Honduras)>	<MakeStatement>	<Court_Judge_(Honduras)>
<James_Ongwae>	<MakeStatement>	<Media_(Africa)>
<Algirdas_Butkevičius>	<MakeStatement>	<European_Parliament>
<Hamas>	<fight_with_artillery_and_tanks>	<Israeli_Defense_Forces>
<Party_President_(Romania)>	<MakeStatement>	<Klaus_Johannis>
<James_Selfe>	<MakeStatement>	<Media_Personnel_(United_States)>
<Angela_Merkel>	<MakeStatement>	<Government_(Germany)>
<John_Kerry>	<MakeStatement>	<Angola>
<Prayuth_Chan-ocha>	<MakeStatement>	<Government_(Qatar)>
<Head_of_Government_(China)>	<MakeStatement>	<Businessperson_(China)>
<Sean_Edwards>	<MakeStatement>	<Police_(United_States)>
<Citizen_(Hungary)>	<Demand>	<Viktor_Orban>
<Head_of_Government_(Chile)>	<MakeStatement>	<City_Mayor_(Chile)>
<Sheikh_Hasina_Wajed>	<Consult>	<Sultan_Ahmed_bin_Sulayem>
<Secretariat_(Nigeria)>	<Accuse>	<Citizen_(Nigeria)>
<Haider_Al-Abadi>	<Consult>	<Iran>
<Lawyer/Attorney_(Philippines)>	<MakeStatement>	<Justice_Department/Ministery_(Philippines)>
<Opposition_Force_(Syria)>	<MakeStatement>	<United_Arab_Emirates>
<UN_Security_Council>	<MakeStatement>	<Other_Authorities_/_Officials_(Russia)>
<Senate_(Argentina)>	<Reject>	<Cristina_Fernández_de_Kirchner>
<Abu_Azmi>	<MakeStatement>	<Education_(Nigeria)>
<Daniel_Russel>	<MakeStatement>	<Armed_Gang_(United_States)>
<National_Coalition_Party>	<MakeStatement>	<Alexander_Stubb>
<Amit_Shah>	<MakeStatement>	<Criminal_(Argentina)>
<Ethiopia>	<MakeStatement>	<Al-Shabaab>
<Abu_Sayyaf>	<Threaten_with_military_force>	<Citizen_(Germany)>
<Blogger_(Australia)>	<MakeStatement>	<Police_(Australia)>
<Governor_(Kenya)>	<MakeStatement>	<James_Ongwae>
<Foreign_Affairs_(United_States)>	<MakeStatement>	<Angola>
<Liu_Jieyi>	<MakeStatement>	<China>
<Ministry_(Russia)>	<Provide_humanitarian_aid>	<Iraq>
<Media_Personnel_(Iran)>	<MakeStatement>	<Militant_(Somalia)>
<Malaysia>	<MakeStatement>	<Armed_Rebel_(Ukraine)>
<Micky_Rosenfeld>	<MakeStatement>	<Tourist_(United_States)>
<Kazakhstan>	<Host_a_visit>	<Vesna_Pusić>
<Samuel_Sarr>	<MakeStatement>	<Madeleine_Albright>
<David_Shear>	<MakeStatement>	<Emilio_Pérez_Touriño>
<Ministry_(Iran)>	<MakeStatement>	<Iran>
<Abdiweli_Sheikh_Ahmed>	<MakeStatement>	<Cabinet_/_Council_of_Ministers_/_Advisors_(Somalia)>
<Media_Personnel_(New_Zealand)>	<MakeStatement>	<Government_(New_Zealand)>
<Juan_Antonio_Coloma>	<MakeStatement>	<Foreign_Affairs_(Chile)>
<Jonah_David_Jang>	<MakeStatement>	<Government_(Nigeria)>
<Jubo_League>	<Use_unconventional_violence>	<Citizen_(Bangladesh)>
<North_American_Aerospace_Defense_Command>	<MakeStatement>	<Military_(Russia)>
<Militant_(Libya)>	<MakeStatement>	<Jan_Kohout>
<Bam_Dev_Gautam>	<MakeStatement>	<Government_(Nepal)>
<Prabowo_Subianto>	<Engage_in_symbolic_act>	<Men_(Indonesia)>
<Sergey_Viktorovich_Lavrov>	<MakeStatement>	<RIA_Novosti>
<Barack_Obama>	<MakeStatement>	<Government_(Syria)>
<Media_Personnel_(Pakistan)>	<MakeStatement>	<Abdul_Aziz>
<United_Arab_Emirates>	<MakeStatement>	<Raúl_Castro>
<Ravi_Shankar_Prasad>	<MakeStatement>	<Head_of_Government_(India)>
<Protester_(Hong_Kong)>	<Consult>	<Police_(Hong_Kong)>
<Military_Personnel_(Taiwan)>	<Express_intent_to_meet_or_negotiate>	<Air_Force_(Taiwan)>
<China>	<Host_a_visit>	<Yasuo_Fukuda>
<Citizen_(Yemen)>	<Make_an_appeal_or_request>	<Military_Police_(Yemen)>
<Lawyer/Attorney_(Kenya)>	<Coerce>	<Men_(Kenya)>
<Police_(Tanzania)>	<fight_with_small_arms_and_light_weapons>	<Citizen_(Tanzania)>
<North_Atlantic_Treaty_Organization>	<Praise_or_endorse>	<Poland>
<Monastery_(Thailand)>	<MakeStatement>	<Head_of_Government_(Greece)>
<Xi_Jinping>	<Appeal_for_diplomatic_cooperation_(such_as_policy_support)>	<Military_(China)>
<Citizen_(Indonesia)>	<MakeStatement>	<Imad_Mugniyah>
<European_Central_Bank>	<MakeStatement>	<Head_of_Government_(Bahrain)>
<Taufa'ahau_Tupou_IV>	<MakeStatement>	<Tonga>
<European_Central_Bank>	<Consult>	<Portugal>
<Legislature_(Turkey)>	<Mobilize_or_increase_armed_forces>	<Iraq>
<South_Korea>	<Host_a_visit>	<Xi_Jinping>
<Foreign_Affairs_(Portugal)>	<Express_intent_to_meet_or_negotiate>	<Indigenous_People_(Portugal)>
<Jean-Michel_Baylet>	<Consult>	<François_Hollande>
<Trinidad_and_Tobago>	<MakeStatement>	<Other_Authorities_/_Officials_(Zimbabwe)>
<Scientist_(France)>	<MakeStatement>	<Environmentalist_(France)>
<High_Ranking_Military_Personnel_(Jordan)>	<MakeStatement>	<Ministry_(Jordan)>
<Cheng_Yonghua>	<MakeStatement>	<China>
<Iran>	<MakeStatement>	<Mohammad_Javad_Zarif>
<Immigrants_(Myanmar)>	<MakeStatement>	<African_Union>
<Reza_Najafi>	<MakeStatement>	<Kidnapper_(Mexico)>
<Armed_Rebel_(Syria)>	<MakeStatement>	<United_Progressive_Alliance>
<Edwin_Kanguatjivi>	<MakeStatement>	<Police_(Namibia)>
<Vietnam>	<Host_a_visit>	<Joe_Natuman>
<Yoon_Sang-jick>	<MakeStatement>	<South_Korea>
<Omar_Abdullah>	<Consult>	<Labor_Union_(India)>
<Air_Force_(Iraq)>	<Use_conventional_military_force>	<Iraq>
<Philippines>	<Arrest_detain_or_charge_with_legal_action>	<Citizen_(South_Korea)>
<Lawmaker_(Hong_Kong)>	<MakeStatement>	<Villager_(Hong_Kong)>
<Election_Commission_(Fiji)>	<MakeStatement>	<Political_Parties_(Fiji)>
<Other_Authorities_/_Officials_(Zimbabwe)>	<MakeStatement>	<Federal_Police>
<Afghanistan>	<Ease_administrative_sanctions>	<Media_Personnel_(United_States)>
<Miguel_Ángel_Osorio_Chong>	<MakeStatement>	<Government_(Mexico)>
<Gambia>	<Arrest_detain_or_charge_with_legal_action>	<Mambury_Njie>
<Foreign_Affairs_(United_States)>	<MakeStatement>	<South_Sudan>
<Police_(Australia)>	<Make_an_appeal_or_request>	<Citizen_(Australia)>
<Sergey_Viktorovich_Lavrov>	<Consult>	<Milos_Zeman>
<Alfred_Romualdez>	<MakeStatement>	<Philippines>
<Noh_Kwang-il>	<MakeStatement>	<South_Korea>
<Police_(Tanzania)>	<Use_conventional_military_force>	<Business_(Tanzania)>
<Activist_(Colombia)>	<MakeStatement>	<Lawyer/Attorney_(Colombia)>
<Industrial_/_Textiles_/_Mining_Ministry_(China)>	<MakeStatement>	<China>
<UN_Security_Council>	<Rally_support_on_behalf_of>	<Employee_(Ukraine)>
<Sergey_Viktorovich_Lavrov>	<MakeStatement>	<Joseph_Robinette_Biden>
<Combatant_(Cameroon)>	<MakeStatement>	<Oluṣẹgun_Ọbasanjọ>
<Head_of_Government_(Bahamas)>	<MakeStatement>	<Government_(Bahamas)>
<Benjamin_Netanyahu>	<MakeStatement>	<Iran>
<John_Kerry>	<Sign_formal_agreement>	<Sergey_Viktorovich_Lavrov>
<Congress_(Argentina)>	<MakeStatement>	<Guy_Scott>
<Majid_Takht_Ravanchi>	<MakeStatement>	<Benjamin_Netanyahu>
<Associated_Press>	<Consult>	<Police_(Yemen)>
<John_Kerry>	<MakeStatement>	<North_Korea>
<Foreign_Affairs_(United_States)>	<Praise_or_endorse>	<Manuel_Zelaya>
<Congress_(Argentina)>	<Consult>	<Presidential_Candidate_(Argentina)>
<South_Africa>	<Arrest_detain_or_charge_with_legal_action>	<Citizen_(Nigeria)>
<Combatant_(Yemen)>	<Use_unconventional_violence>	<Armed_Rebel_(Yemen)>
<Media_Personnel_(Pakistan)>	<MakeStatement>	<Cleric_(Pakistan)>
<South_Korea>	<Engage_in_negotiation>	<China>
<Foreign_Affairs_(Czech_Republic)>	<MakeStatement>	<Other_Authorities_/_Officials_(Russia)>
<Bala_Abdulkadir_Mohammed>	<Praise_or_endorse>	<Citizen_(Nigeria)>
<Combatant_(Canada)>	<Make_a_visit>	<Iraq>
<Japan>	<Reject_plan_agreement_to_settle_dispute>	<South_Korea>
<Thaksin_Shinawatra>	<MakeStatement>	<Tamerlan_Tsarnaev>
<Marco_Hausiku>	<MakeStatement>	<Cobra_Matata>
<Student_(Iran)>	<Demonstrate_or_rally>	<Terrorist_(Islamic_State_of_Iraq_and_the_Levant)>
<Wang_Anshun>	<MakeStatement>	<China>
<Virgin_Atlantic_Airways>	<MakeStatement>	<Air_France>
<Uhuru>	<Express_intent_to_meet_or_negotiate>	<The_Hague>
<Nikos_Christodoulides>	<MakeStatement>	<Nicos_Anastasiades>
<Ministry_(La_Francophonie)>	<MakeStatement>	<Canada>
<Aliyu_Mohammed_Gusau>	<MakeStatement>	<Government_(Nigeria)>
<Police_(Kenya)>	<MakeStatement>	<The_Standard>
<Bala_Abdulkadir_Mohammed>	<MakeStatement>	<Government_(Nigeria)>
<Government_(Nigeria)>	<Declare_truce_ceasefire>	<Boko_Haram>
<Congress_(Argentina)>	<Praise_or_endorse>	<Lawyer/Attorney_(Argentina)>
<Media_Personnel_(Saudi_Arabia)>	<MakeStatement>	<Media_(Saudi_Arabia)>
<Guatemala>	<MakeStatement>	<Bala_Abdulkadir_Mohammed>
<Marou_Amadou>	<MakeStatement>	<Attacker_(Niger)>
<Citizen_(Nigeria)>	<Demand_diplomatic_cooperation_(such_as_policy_support)>	<Government_(Nigeria)>
<Xi_Jinping>	<MakeStatement>	<Military_(China)>
<Cabinet_/_Council_of_Ministers_/_Advisors_(United_States)>	<Consult>	<Ashraf_Ghani_Ahmadzai>
<Serbia>	<Express_intent_to_engage_in_diplomatic_cooperation_(such_as_policy_support)>	<Armenia>
<Police_(Kenya)>	<MakeStatement>	<Mob_(Kenya)>
<Gilles_Jaron>	<MakeStatement>	<Military_(France)>
<Criminal_(Bangladesh)>	<Physically_assault>	<Shahid_Khan>
<Evo_Morales>	<MakeStatement>	<Vietnam>
<Joe_Natuman>	<Express_intent_to_meet_or_negotiate>	<Vietnam>
<Foreign_Affairs_(United_States)>	<Consult>	<Abdelkader_Messahel>
<Ministry/Department_of_Technology_(Iraq)>	<MakeStatement>	<Militant_(Iraq)>
<Supreme_Council_(Iraq)>	<MakeStatement>	<Court_Judge_(Iraq)>
<Klaus_Johannis>	<MakeStatement>	<National_Liberal_Party>
<Royal_Administration_(Iraq)>	<MakeStatement>	<Iraq>
<Jens_Stoltenberg>	<MakeStatement>	<North_Atlantic_Treaty_Organization>
<Malawi_Electoral_Commission>	<MakeStatement>	<Political_Parties_(Malawi)>
<Barack_Obama>	<MakeStatement>	<Xi_Jinping>
<Abdelilah_Benkirane>	<Host_a_visit>	<Head_of_Government_(Chad)>
<Police_(Israel)>	<Use_conventional_military_force>	<Children_(Palestinian_Territory_Occupied)>
<Greenpeace>	<MakeStatement>	<Activist_(United_States)>
<Abdallah_al-Maatouq>	<Make_a_visit>	<Sudan>
<Governor_(India)>	<Make_an_appeal_or_request>	<Head_of_Government_(India)>
<Angela_Merkel>	<MakeStatement>	<Head_of_Government_(Bulgaria)>
<Joseph_Ole_Lenku>	<MakeStatement>	<High_Commission_for_Refugees>
<Qatar>	<MakeStatement>	<Abdel_Fattah_Al-Sisi>
<Joe_Oliver>	<MakeStatement>	<Barack_Obama>
<Armed_Gang_(Somalia)>	<MakeStatement>	<Mustafa_Dzhemilev>
<Villager_(India)>	<Provide_aid>	<Citizen_(India)>
<Military_Personnel_(Nigeria)>	<MakeStatement>	<Government_(Nigeria)>
<Media_Personnel_(Iran)>	<Express_intent_to_meet_or_negotiate>	<Iran>
<Director_General_(Cambodia)>	<MakeStatement>	<Cambodia>
<Legislature_(China)>	<MakeStatement>	<China>
<Domestic_Affairs_(Spain)>	<MakeStatement>	<Civil_Guard>
<Saud_bin_Faisal_bin_Abdul-Aziz>	<Consult>	<Foreign_Affairs_(United_States)>
<Abdullatif_Al-Zayani>	<Make_empathetic_comment>	<Citizen_(Yemen)>
<Government_(Syria)>	<Use_conventional_military_force>	<Armed_Rebel_(Syria)>
<Government_(Nigeria)>	<Provide_aid>	<Citizen_(Nigeria)>
<Japan>	<MakeStatement>	<North_Korea>
<Mahamat_Saleh_Annadif>	<MakeStatement>	<African_Union>
<Villager_(India)>	<MakeStatement>	<Protester_(Hong_Kong)>
<Police_(Poland)>	<MakeStatement>	<Thief_(Poland)>
<Dinka>	<MakeStatement>	<Riek_Machar>
<Afghanistan>	<MakeStatement>	<Abdullah_Abdullah>
<Citizen_(Nigeria)>	<Appeal_for_economic_aid>	<Government_(Nigeria)>
<John_Kerry>	<MakeStatement>	<Haider_Al-Abadi>
<Police_(Australia)>	<MakeStatement>	<Media_Personnel_(Australia)>
<Foreign_Affairs_(United_States)>	<MakeStatement>	<Political_Parties_(Kosovo)>
<Nguyen_Phu_Trong>	<MakeStatement>	<Vietnam>
<China>	<MakeStatement>	<Japan>
<Business_(Netherlands)>	<MakeStatement>	<France>
<Barack_Obama>	<MakeStatement>	<Military_(Russia)>
<Saud_bin_Faisal_bin_Abdul-Aziz>	<Make_an_appeal_or_request>	<Iran>
<Chaturon_Chaisang>	<MakeStatement>	<Ministry_(Thailand)>
<Media_Personnel_(Somalia)>	<MakeStatement>	<Media_(Africa)>
<Media_(Africa)>	<Consult>	<Bishop_(South_Africa)>
<Ministry_(Bosnia_and_Herzegovina)>	<MakeStatement>	<Employee_(Bosnia_and_Herzegovina)>
<Government_(Sudan)>	<Grant_diplomatic_recognition>	<Iran>
<Samuel_Sarr>	<Accuse>	<Abdoulaye_Wade>
<Paul_Kagame>	<MakeStatement>	<Associated_Press>
<Court_Judge_(Nigeria)>	<MakeStatement>	<Bala_Abdulkadir_Mohammed>
<Justice_Department/Ministery_(Senegal)>	<MakeStatement>	<Karim_Wade>
<Student_(Hong_Kong)>	<Consult>	<Carrie_Lam>
<Citizen_(United_Kingdom)>	<Use_unconventional_violence>	<Iraq>
<Sergey_Viktorovich_Lavrov>	<MakeStatement>	<Iran>
<Somen_Mitra>	<MakeStatement>	<United_Progressive_Alliance>
<Police_(Sudan)>	<Arrest_detain_or_charge_with_legal_action>	<Criminal_(Sudan)>
<Bismillah_Khan_Mohammadi>	<MakeStatement>	<Afghanistan>
<Mohamed_Osman_Jawari>	<MakeStatement>	<Iran>
<Hamas>	<MakeStatement>	<Benjamin_Netanyahu>
<Government_(Singapore)>	<MakeStatement>	<Foreign_Affairs_(Syria)>
<Head_of_Government_(Mauritania)>	<MakeStatement>	<Government_(Mauritania)>
<Ibrahim_Boubacar_Keïta>	<MakeStatement>	<France>
<Citizen_(Nigeria)>	<MakeStatement>	<Employee_(Kuwait)>
<Member_of_the_Judiciary_(Nigeria)>	<Arrest_detain_or_charge_with_legal_action>	<Criminal_(Boko_Haram)>
<Portia_Simpson_Miller>	<MakeStatement>	<Farm_Worker_(Nigeria)>
<China>	<Express_intent_to_provide_economic_aid>	<Afghanistan>
<Bam_Dev_Gautam>	<Engage_in_negotiation>	<Other_Authorities_/_Officials_(China)>
<Gabriel_Torwua_Suswam>	<Make_an_appeal_or_request>	<Citizen_(Nigeria)>
<Military_Personnel_(Nigeria)>	<Make_an_appeal_or_request>	<Indigenous_People_(Nigeria)>
<Trade_Official_(Iran)>	<MakeStatement>	<Iran>
<Epeli_Nailatikau>	<MakeStatement>	<James_Ongwae>
<Head_of_Government_(Latvia)>	<Make_optimistic_comment>	<Jens_Stoltenberg>
<Yoani_Sánchez>	<MakeStatement>	<Government_(United_States)>
<Manuel_Monteiro_de_Castro>	<MakeStatement>	<Police_(Dominican_Republic)>
<Yemi_Osinbajo>	<MakeStatement>	<Muhammadu_Buhari>
<Somali_National_Army>	<MakeStatement>	<Nurse_(United_States)>
<Defense_/_Security_Ministry_(Iraq)>	<Use_conventional_military_force>	<Iraq>
<Police_(Yemen)>	<Return_release_person(s)>	<Citizen_(Yemen)>
<Ronnie_Mamoepa>	<MakeStatement>	<Civic_Group_(Argentina)>
<Tahirul_Qadri>	<MakeStatement>	<Government_(Pakistan)>
<Military_Personnel_-_Special_(Nigeria)>	<Use_conventional_military_force>	<Boko_Haram>
<Didmus_Noel_Edwin_Mutasa>	<Make_a_visit>	<Angola>
<Foreign_Affairs_(Russia)>	<MakeStatement>	<Terrorist_Leader_(Syria)>
<Maxon_Mbendera>	<MakeStatement>	<Malawi_Electoral_Commission>
<John_Walker>	<MakeStatement>	<Thief_(United_States)>
<Representatives_(Nigeria)>	<MakeStatement>	<Criminal_(Jamaica)>
<Court_Judge_(India)>	<Arrest_detain_or_charge_with_legal_action>	<Indigenous_People_(India)>
<Citizen_(India)>	<Make_an_appeal_or_request>	<Military_Personnel_(India)>
<Head_of_Government_(Nigeria)>	<MakeStatement>	<Court_Judge_(Nigeria)>
<Haider_Al-Abadi>	<Make_an_appeal_or_request>	<Legislature_(Iraq)>
<Environment_Department/Ministry_(Malaysia)>	<MakeStatement>	<Malaysia>
<Angela_Merkel>	<Consult>	<John_Kerry>
<Military_Personnel_-_Special_(Nigeria)>	<Use_conventional_military_force>	<Citizen_(Nigeria)>
<Naval_(United_States)>	<MakeStatement>	<China>
<Ministry_(Iran)>	<MakeStatement>	<Morocco>
<Police_(Kenya)>	<Confiscate_property>	<Citizen_(Kenya)>
<Defense_/_Security_Ministry_(United_States)>	<MakeStatement>	<Malaysia>
<Sue-Ellen_Kovack>	<Engage_in_diplomatic_cooperation>	<International_Federation_of_Red_Cross_and_Red_Crescent_Societies>
<Media_Personnel_(Pakistan)>	<MakeStatement>	<Imran_Khan>
<Pol_Gen_Somyot_Poompanmoung>	<MakeStatement>	<Police_(Hong_Kong)>
<Foreign_Affairs_(Russia)>	<MakeStatement>	<Sergey_Viktorovich_Lavrov>
<China>	<Express_intent_to_cooperate>	<France>
<Paul_Kagame>	<Demand>	<Citizen_(Kenya)>
<Lawmaker_(Spain)>	<MakeStatement>	<Governor_(Spain)>
<Abu_Azmi>	<Make_an_appeal_or_request>	<Akhilesh_Yadav>
<Epeli_Nailatikau>	<Express_intent_to_meet_or_negotiate>	<Cabinet_/_Council_of_Ministers_/_Advisors_(Fiji)>
<Government_(Nigeria)>	<Sign_formal_agreement>	<Boko_Haram>
<France>	<MakeStatement>	<Benjamin_Netanyahu>
<Jens_Stoltenberg>	<Consult>	<Mevlut_Cavusoglu>
<Governor_(Somalia)>	<MakeStatement>	<Combatant_(Al-Shabaab)>
<Serbia>	<MakeStatement>	<International_Monetary_Fund>
<Ashraf_Ghani_Ahmadzai>	<MakeStatement>	<North_Atlantic_Treaty_Organization>
<Armed_Opposition_(Nigeria)>	<Use_unconventional_violence>	<Citizen_(Nigeria)>
<Meng_Jianzhu>	<Consult>	<Government_(Nepal)>
<Air_Force_(Iraq)>	<Use_conventional_military_force>	<Militant_(Iraq)>
<Nguyen_Phu_Trong>	<Make_a_visit>	<South_Korea>
<Member_of_the_Judiciary_(Nigeria)>	<Refuse_to_ease_administrative_sanctions>	<Education_(Nigeria)>
<Uhuru>	<Accede_to_demands_for_change_in_leadership>	<William_Ruto>
<Public_Prosecutor_(New_Zealand)>	<MakeStatement>	<Business_(New_Zealand)>
<Jakaya_Mrisho_Kikwete>	<MakeStatement>	<Tanzania>
<Tsvetlin_Yovchev>	<MakeStatement>	<Police_(Bulgaria)>
<Ministry_(Nigeria)>	<Make_an_appeal_or_request>	<Government_(Nigeria)>
<Yi_Xianliang>	<MakeStatement>	<China>
<Barack_Obama>	<MakeStatement>	<Military_(China)>
<Chiang_Wei-ling>	<MakeStatement>	<Education_Ministry_(Taiwan)>
<Government_(Nigeria)>	<Express_intent_to_meet_or_negotiate>	<Citizen_(Nigeria)>
<Police_(El_Salvador)>	<MakeStatement>	<Antonio_Guerrero_Rodríguez>
<Senate_(Argentina)>	<MakeStatement>	<Employee_(Philippines)>
<Civic_Group_(Afghanistan)>	<MakeStatement>	<Election_Commission_(Afghanistan)>
<Behrouz_Kamalvandi>	<Make_optimistic_comment>	<Iran>
<Government_(Mexico)>	<MakeStatement>	<Mexico>
<Legislature_(Mongolia)>	<MakeStatement>	<Chimed_Saikhanbileg>
<Human_Rights_Watch>	<Criticize_or_denounce>	<Citizen_(Nigeria)>
<Japan>	<Express_intent_to_meet_or_negotiate>	<South_Korea>
<Oleh_Lyashko>	<MakeStatement>	<Angola>
<Shining_Path>	<MakeStatement>	<Pope_Francis>
<Cleric_(Nigeria)>	<MakeStatement>	<Boko_Haram>
<Iraq>	<MakeStatement>	<Business_(Iraq)>
<Vietnam>	<Engage_in_diplomatic_cooperation>	<North_Korea>
<Royal_Bank_of_Scotland>	<MakeStatement>	<Barclays_PLC>
<City_Mayor_(Somalia)>	<MakeStatement>	<Cabinet_/_Council_of_Ministers_/_Advisors_(Somalia)>
<Terrorist_(Islamic_State_of_Iraq_and_the_Levant)>	<Threaten>	<Iraq>
<Japan>	<Make_an_appeal_or_request>	<North_Korea>
<Tanzania>	<Consult>	<Burundi>
<Legislature_(Turkey)>	<MakeStatement>	<Associated_Press>
<Angola>	<MakeStatement>	<Congo>
<Governor_(Kenya)>	<MakeStatement>	<Government_(Kenya)>
<John_Boehner>	<MakeStatement>	<Iraq>
<Head_of_Government_(Nigeria)>	<MakeStatement>	<Government_(Nigeria)>
<Paolo_Gentiloni>	<MakeStatement>	<Iran>
<South_Korea>	<MakeStatement>	<North_Korea>
<William_Ruto>	<MakeStatement>	<Military_Personnel_-_Special_(Kenya)>
<Ahmad_Zahid_Hamidi>	<MakeStatement>	<Police_(Malaysia)>
<Other_Authorities_/_Officials_(Nigeria)>	<MakeStatement>	<Education_(Nigeria)>
<Other_Authorities_/_Officials_(Venezuela)>	<MakeStatement>	<Social_Democratic_Union>
<Citizen_(Nigeria)>	<Criticize_or_denounce>	<Niger_Delta_Development_Commission>
<Yasuo_Fukuda>	<MakeStatement>	<Japan>
<Uighur_(China)>	<MakeStatement>	<China>
<Government_(Nigeria)>	<Express_intent_to_cooperate>	<Boko_Haram>
<Joselito_Atienza>	<MakeStatement>	<Police_(Philippines)>
<Philip_Hammond>	<Threaten>	<North_Atlantic_Treaty_Organization>
<Sergey_Viktorovich_Lavrov>	<MakeStatement>	<UN_Security_Council>
<Portia_Simpson_Miller>	<Consult>	<Legislature_(Jamaica)>
<Sergey_Viktorovich_Lavrov>	<Discuss_by_telephone>	<John_Kerry>
<David_Hanson>	<MakeStatement>	<France>
<Police_(Tanzania)>	<Accuse>	<Criminal_(Tanzania)>
<Nigerian_Bar_Association>	<MakeStatement>	<Okey_Wali>
<Military_(Philippines)>	<Accuse>	<Armed_Band_(Philippines)>
<Lawmaker_(Hong_Kong)>	<MakeStatement>	<Other_Authorities_/_Officials_(Hong_Kong)>
<Ministry_of_Women_(India)>	<MakeStatement>	<Bhupinder_Singh_Hooda>
<Abdullah_Abdullah>	<MakeStatement>	<Party_Member_(Afghanistan)>
<Nigerian_Bar_Association>	<Make_empathetic_comment>	<Okey_Wali>
<Barack_Obama>	<Engage_in_negotiation>	<Iran>
<Japan>	<Express_intent_to_cooperate>	<South_Korea>
<Employee_(India)>	<MakeStatement>	<Thief_(India)>
<Majid_Takht_Ravanchi>	<Consult>	<Undersecretary_(United_States)>
<Sergey_Viktorovich_Lavrov>	<MakeStatement>	<Victoria_Nuland>
<Thailand>	<Cooperate_economically>	<Cambodia>
<Commando_(India)>	<MakeStatement>	<Mark_Lyall_Grant>
<Agence_France-Presse>	<MakeStatement>	<Abdel_Fattah_Al-Sisi>
<Civil_Aviation_Authority>	<MakeStatement>	<Vietnam>
<France>	<MakeStatement>	<Military_Personnel_(Mali)>
<Xi_Jinping>	<MakeStatement>	<Vietnam>
<East_African_Community>	<MakeStatement>	<Student_(Tanzania)>
<Court_Judge_(Bahrain)>	<MakeStatement>	<Industrial_/_Textiles_/_Mining_Ministry_(Azerbaijan)>
<Benjamin_Netanyahu>	<MakeStatement>	<Haaretz>
<Military_(Cuba)>	<MakeStatement>	<Defense_/_Security_Ministry_(Malaysia)>
<John_Kerry>	<Demand_release_of_persons_or_property>	<North_Korea>
<Citizen_(Hungary)>	<MakeStatement>	<Rupiah_Banda>
<Reserve_Personnel_(Philippines)>	<MakeStatement>	<Mauritius>
<Tahirul_Qadri>	<Consult>	<Media_(Pakistan)>
<Thailand>	<Express_intent_to_cooperate>	<Bahrain>
<Customs_Official_(India)>	<Arrest_detain_or_charge_with_legal_action>	<Citizen_(India)>
<Member_of_the_Judiciary_(Brazil)>	<MakeStatement>	<Joaquim_Barbosa>
<Democratic_Party_(Nigeria)>	<MakeStatement>	<Raúl_Castro>
<Government_(Mexico)>	<MakeStatement>	<Military_(Mexico)>
<Ukrinform>	<MakeStatement>	<Member_of_Parliament_(Ukraine)>
<Farooq_Abdullah>	<MakeStatement>	<Holy_See>
<Reserve_Personnel_(Philippines)>	<Consult>	<City_Mayor_(Philippines)>
<Government_(Mexico)>	<MakeStatement>	<Criminal_(Mexico)>
<Meng_Jianzhu>	<MakeStatement>	<China>
<Police_(Qatar)>	<Arrest_detain_or_charge_with_legal_action>	<Student_(Qatar)>
<Foreign_Affairs_(Denmark)>	<Make_an_appeal_or_request>	<Swaziland>
<Ignazio_Marino>	<MakeStatement>	<City_Mayor_(Italy)>
<Military_Personnel_-_Special_(Sierra_Leone)>	<MakeStatement>	<Argentine_Naval_Prefecture>
<Human_Rights_Commission_(Nigeria)>	<Criticize_or_denounce>	<Citizen_(Nigeria)>
<Foreign_Affairs_(Russia)>	<MakeStatement>	<North_Korea>
<Marwan_Charbel>	<MakeStatement>	<Armed_Gang_(Lebanon)>
<People_Associated_with_the_Opposition_(Bahrain)>	<MakeStatement>	<Indigenous_People_(United_Kingdom)>
<Tsai_Ing-wen>	<MakeStatement>	<Islamic_(India)>
<Algirdas_Butkevičius>	<MakeStatement>	<Vytenis_Povilas_Andriukaitis>
<Citizen_(Brazil)>	<MakeStatement>	<Dalbir_Singh>
<Military_Personnel_(Algeria)>	<MakeStatement>	<Al_Jazeera>
<Student_Dissident_(Hong_Kong)>	<MakeStatement>	<Armed_Gang_(Benin)>
<Other_Authorities_/_Officials_(Nigeria)>	<Sign_formal_agreement>	<Boko_Haram>
<Yuriy_Lutsenko>	<MakeStatement>	<Head_of_Government_(Ukraine)>
<High_Commission_(United_Kingdom)>	<MakeStatement>	<Afghanistan>
<Civic_Group_(Kenya)>	<MakeStatement>	<Criminal_(Argentina)>
<Energy_Department/Ministry_(Zimbabwe)>	<MakeStatement>	<Ministry_(Zimbabwe)>
<Jakaya_Mrisho_Kikwete>	<Make_empathetic_comment>	<Michael_Sata>
<People_Associated_with_the_Opposition_(Bahrain)>	<Express_intent_to_engage_in_diplomatic_cooperation_(such_as_policy_support)>	<Detainee_(Bahrain)>
<Other_Authorities_/_Officials_(Vietnam)>	<MakeStatement>	<Government_Official_(Afghanistan)>
<Japan>	<Consult>	<North_Korea>
<People_Associated_with_the_Opposition_(Mauritania)>	<MakeStatement>	<Government_(Mauritania)>
<Media_Personnel_(Saudi_Arabia)>	<MakeStatement>	<Agence_France-Presse>
<Eduardo_Buzzi>	<MakeStatement>	<Government_(Argentina)>
<Afghanistan>	<Arrest_detain_or_charge_with_legal_action>	<Indigenous_People_(Pakistan)>
<Head_of_Government_(Ukraine)>	<MakeStatement>	<Military_(Russia)>
<Wendy_Sherman>	<MakeStatement>	<Iran>
<Lawyer/Attorney_(Kenya)>	<MakeStatement>	<William_Ruto>
<Member_of_Legislative_(Govt)_(Kenya)>	<MakeStatement>	<Government_(Kenya)>
<Antonis_Samaras>	<MakeStatement>	<Coalition_of_the_Radical_Left>
<Naval_(United_States)>	<Express_intent_to_meet_or_negotiate>	<Maldives>
<Media_(China)>	<Make_an_appeal_or_request>	<North_Korea>
<Iran>	<MakeStatement>	<Morocco>
<North_Korea>	<MakeStatement>	<Tourist_(United_States)>
<John_Kerry>	<Express_intent_to_meet_or_negotiate>	<Mohamed_al-Dairi>
<Government_(Kenya)>	<MakeStatement>	<Rights_Activist_(Kenya)>
<Hannes_Swoboda>	<MakeStatement>	<European_Parliament>
<Iran>	<Engage_in_diplomatic_cooperation>	<Iraq>
<Citizen_(Hungary)>	<Make_an_appeal_or_request>	<Viktor_Orban>
<Frank_Mba>	<MakeStatement>	<Military_Personnel_-_Special_(Nigeria)>
<Citizen_(Turkey)>	<MakeStatement>	<Government_(France)>
<Lawyer/Attorney_(Indonesia)>	<MakeStatement>	<Police_(Indonesia)>
<Xi_Jinping>	<MakeStatement>	<Michael_Sata>
<Abdel_Fattah_Al-Sisi>	<MakeStatement>	<Army_Personnel_(Egypt)>
<Ministry_(Nigeria)>	<MakeStatement>	<Yemi_Osinbajo>
<Other_Authorities_/_Officials_(Jamaica)>	<MakeStatement>	<Police_(Jamaica)>
<Foreign_Affairs_(South_Korea)>	<Make_an_appeal_or_request>	<Party_Member_(Japan)>
<Militant_(Ukraine)>	<MakeStatement>	<Legislature_(Iraq)>
<Media_Personnel_(Uganda)>	<MakeStatement>	<Lawyer/Attorney_(Uganda)>
<Defense_/_Security_Ministry_(United_States)>	<Consult>	<Bismillah_Khan_Mohammadi>
<Medical_Personnel_(Cyprus)>	<MakeStatement>	<Defense_/_Security_Ministry_(Cyprus)>
<Xi_Jinping>	<Consult>	<Yasuo_Fukuda>
<Amason_Kingi>	<MakeStatement>	<Head_of_Government_(Latvia)>
<Ministry_(Kuwait)>	<MakeStatement>	<Employee_(Kuwait)>
<Foreign_Affairs_(Russia)>	<MakeStatement>	<Head_of_Government_(Ukraine)>
<Steven_Chu>	<MakeStatement>	<New_Zealand>
<Citizen_(Norway)>	<Express_intent_to_meet_or_negotiate>	<Iraq>
<Sergey_Viktorovich_Lavrov>	<MakeStatement>	<Pavel_Gubarev>
<Immigrants_(Myanmar)>	<Use_unconventional_violence>	<Citizen_(United_Kingdom)>
<Abdelkader_Taleb_Oumar>	<Host_a_visit>	<Labor_Party_(Norway)>
<Professor_(Senegal)>	<MakeStatement>	<Abdoulaye_Wade>
<Iran>	<MakeStatement>	<Iraq>
<Muhammadu_Buhari>	<MakeStatement>	<Air_Force_(Iraq)>
<Citizen_(India)>	<Criticize_or_denounce>	<Medical_Association_(India)>
<Gabriel_Torwua_Suswam>	<MakeStatement>	<Government_(Nigeria)>
<Benjamin_Netanyahu>	<MakeStatement>	<Hamas>
<Zakir_Hasanov>	<Engage_in_negotiation>	<Sergey_Kuzhugetovich_Shoygu>
<Vietnam>	<Host_a_visit>	<China>
<Admiral_(Latvia)>	<MakeStatement>	<North_Atlantic_Treaty_Organization>
<Police_(Japan)>	<Investigate>	<Men_(Japan)>
<Alfred_Romualdez>	<MakeStatement>	<Franklin_Drilon>
<Scientist_(France)>	<MakeStatement>	<Mwai_Kibaki>
<Citizen_(Nigeria)>	<Make_an_appeal_or_request>	<Human_Rights_Commission_(Nigeria)>
<Foreign_Affairs_(Malaysia)>	<MakeStatement>	<Iran>
<Civic_Party_(Hungary)>	<MakeStatement>	<Media_(Romania)>
<Head_of_Government_(Afghanistan)>	<MakeStatement>	<Movement_for_Democratic_Change>
<Nicos_Anastasiades>	<MakeStatement>	<Police_(Dominican_Republic)>
<Overseas_Development_Institute>	<Praise_or_endorse>	<Farm_Worker_(Burkina_Faso)>
<Mohamad_Hanif_Atmar>	<MakeStatement>	<Hezbollah>
<Armed_Gang_(Somalia)>	<fight_with_small_arms_and_light_weapons>	<Media_Personnel_(Somalia)>
<Cabinet_/_Council_of_Ministers_/_Advisors_(Belarus)>	<MakeStatement>	<New_Democracy>
<Court_Judge_(India)>	<Accuse>	<Medical_Personnel_(India)>
<Vojtěch_Filip>	<MakeStatement>	<Communist_Party_of_Bohemia_and_Moravia>
<Government_Official_(Mali)>	<MakeStatement>	<Armed_Rebel_(Mali)>
<Congress_(Nigeria)>	<Make_pessimistic_comment>	<Government_(Nigeria)>
<Oleh_Lyashko>	<Express_intent_to_meet_or_negotiate>	<Freedom_Party_(Ukraine)>
<Emrullah_Isler>	<MakeStatement>	<Turkish_Airlines>
<Ministry_(Jamaica)>	<MakeStatement>	<Owen_Ellington>
<Professor_(France)>	<MakeStatement>	<Military_(France)>
<Court_Judge_(Iraq)>	<MakeStatement>	<Indigenous_People_(Nigeria)>
<Dawa_Khan_Minapal>	<MakeStatement>	<Armed_Band_(Afghanistan)>
<Foreign_Affairs_(Malaysia)>	<MakeStatement>	<Malaysia>
<Agence_France-Presse>	<MakeStatement>	<François_Hollande>
<Ashraf_Ghani_Ahmadzai>	<MakeStatement>	<Election_Commission_(Afghanistan)>
<Olajide_Laleye>	<MakeStatement>	<Boko_Haram>
<Tony_Blair>	<Praise_or_endorse>	<Mexico>
<Militant_(Taliban)>	<Use_unconventional_violence>	<Military_Personnel_-_Special_(Afghanistan)>
<Kayode_Aderanti>	<Make_an_appeal_or_request>	<Citizen_(Nigeria)>
<Micky_Rosenfeld>	<MakeStatement>	<Criminal_(Israel)>
<Opposition_Force_(Syria)>	<Use_unconventional_violence>	<Government_(Syria)>
<Ministry_(Iran)>	<Host_a_visit>	<Haider_Al-Abadi>
<Head_of_Government_(Latvia)>	<MakeStatement>	<Valdis_Dombrovskis>
<Environment_Department/Ministry_(Bangladesh)>	<MakeStatement>	<Oil_Tanker_(Bangladesh)>
<Ali_Jannati>	<MakeStatement>	<Iran>
<Representatives_(Nigeria)>	<Sign_formal_agreement>	<Government_(Nigeria)>
<Sabah_Khaled_Al-Hamad_Al-Sabah>	<MakeStatement>	<Kuwait>
<Future_Movement>	<Make_a_visit>	<France>
<Eduardo_Montealegre>	<MakeStatement>	<Guerrilla_(Revolutionary_Armed_Forces_of_Colombia)>
<Raghuram_Rajan>	<Express_intent_to_meet_or_negotiate>	<Associated_Press>
<Domestic_Affairs_(Mauritania)>	<MakeStatement>	<Guerrilla_(Revolutionary_Armed_Forces_of_Colombia)>
<Human_Rights_Watch>	<MakeStatement>	<Immigrants_(Sudan)>
<Police_(South_Korea)>	<fight_with_small_arms_and_light_weapons>	<Citizen_(South_Korea)>
<Japan>	<Sign_formal_agreement>	<China>
<Citizen_(Malaysia)>	<MakeStatement>	<Foreign_Affairs_(Chile)>
<Milos_Zeman>	<Share_intelligence_or_information>	<Milan_Chovanec>
<Leon_Panetta>	<MakeStatement>	<Education_(Nigeria)>
<Defense_/_Security_Ministry_(Armenia)>	<MakeStatement>	<Defense_/_Security_Ministry_(Azerbaijan)>
<Sheikh_Hasina_Wajed>	<MakeStatement>	<Japan>
<Regional_Governor_(Japan)>	<Consult>	<China>
<Government_(Guyana)>	<Criticize_or_denounce>	<The_Chronicle>
<Zimbabwe_Union_of_Journalists>	<MakeStatement>	<Other_Authorities_/_Officials_(Zimbabwe)>
<Afghanistan>	<MakeStatement>	<Armed_Gang_(Afghanistan)>
<Military_Personnel_(Algeria)>	<MakeStatement>	<Gendermarie_(Algeria)>
<Iraq>	<MakeStatement>	<Iran>
<National_Security_Advisor_(Thailand)>	<MakeStatement>	<Malaysia>
<Bill_English>	<MakeStatement>	<Government_(New_Zealand)>
<Police_(Tanzania)>	<Seize_or_damage_property>	<Tanzania>
<Human_Rights_Watch>	<Appeal_for_intelligence>	<Other_Authorities_/_Officials_(United_States)>
<China>	<MakeStatement>	<Media_(Nigeria)>
<The_Hague>	<Host_a_visit>	<Paul_Kagame>
<Treasury/Finance_Ministry_(Czech_Republic)>	<MakeStatement>	<Ministry_(Czech_Republic)>
<Anifah_Aman>	<MakeStatement>	<Government_(New_Zealand)>
<Foreign_Affairs_(Rwanda)>	<MakeStatement>	<South_Africa>
<Barack_Obama>	<MakeStatement>	<China>
<Police_(Japan)>	<MakeStatement>	<Medical_Personnel_(Japan)>
<Labor_and_Employment_Ministry_(Nigeria)>	<MakeStatement>	<Government_(Nigeria)>
<Umar_al_Bashir>	<MakeStatement>	<Government_(Sudan)>
<Mexico>	<Grant_diplomatic_recognition>	<Angola>
<Seoul_High_Court>	<MakeStatement>	<Legislature_(Libya)>
<Mohamad_Hanif_Atmar>	<Sign_formal_agreement>	<Foreign_Affairs_(United_States)>
<Sergey_Viktorovich_Lavrov>	<Consult>	<Ri_Su_Yong>
<Citizen_(Thailand)>	<Use_unconventional_violence>	<Monastery_(Thailand)>
<Member_of_the_Judiciary_(Bangladesh)>	<Appeal_for_de-escalation_of_military_engagement>	<Bangladesh_Nationalist_Party>
<Business_(Canada)>	<MakeStatement>	<Head_of_Government_(Bulgaria)>
<Head_of_Government_(China)>	<MakeStatement>	<China>
<Haider_Al-Abadi>	<Consult>	<Philip_Hammond>
<Airline_(Libya)>	<MakeStatement>	<Other_Authorities_/_Officials_(Libya)>
<Iraq>	<Host_a_visit>	<Julie_Bishop>
<Other_Authorities_/_Officials_(Venezuela)>	<Arrest_detain_or_charge_with_legal_action>	<Men_(Venezuela)>
<Treasury/Finance_Ministry_(Bangladesh)>	<MakeStatement>	<Employee_(Bangladesh)>
<Main_Opposition_(Bahrain)>	<MakeStatement>	<Sheikh_Ali_Salman>
<Abdullatif_Al-Zayani>	<Use_conventional_military_force>	<Citizen_(Yemen)>
<Energy_Corp_(Russia)>	<MakeStatement>	<Iran>
<Zakir_Hasanov>	<MakeStatement>	<Armed_Forces_of_the_Republic_of_Armenia>
<Bala_Abdulkadir_Mohammed>	<MakeStatement>	<Ministry_(Nigeria)>
<John_Kerry>	<Express_intent_to_meet_or_negotiate>	<John_Baird>
<High_Commission_for_Refugees>	<MakeStatement>	<Iran>
<Joseph_Ole_Lenku>	<MakeStatement>	<Police_(Kenya)>
<Citizen_(Brazil)>	<Make_optimistic_comment>	<People_Associated_with_the_Opposition_(Brazil)>
<Citizen_(Mali)>	<Use_unconventional_violence>	<Military_(Mali)>
<Japan>	<MakeStatement>	<Thailand>
<Villager_(Hong_Kong)>	<MakeStatement>	<Protester_(Hong_Kong)>
<Afghanistan>	<Host_a_visit>	<Indigenous_People_(India)>
<Mohamed_Ould_Abdel_Aziz>	<Make_a_visit>	<France>
<Opposition_Supporter_(National_Umma_Party)>	<MakeStatement>	<Indigenous_People_(India)>
<Head_of_Government_(Ukraine)>	<MakeStatement>	<Police_(Ukraine)>
<Mutembo_Nchito>	<MakeStatement>	<Michael_Sata>
<Samuel_Sitta>	<MakeStatement>	<East_African_Community>
<Military_Personnel_(Somalia)>	<MakeStatement>	<Militant_(Somalia)>
<Foreign_Affairs_(United_States)>	<MakeStatement>	<Afghanistan>
<National_Union_Party_(Kenya)>	<MakeStatement>	<Employee_(Kenya)>
<Citizen_(Kenya)>	<Make_an_appeal_or_request>	<Police_(Kenya)>
<Morocco>	<MakeStatement>	<Tamerlan_Tsarnaev>
<Head_of_Government_(New_Zealand)>	<MakeStatement>	<Philippines>
<House_of_Representatives_(Malaysia)>	<MakeStatement>	<Malaysia>
<Farm_Worker_(Nigeria)>	<Make_an_appeal_or_request>	<Government_(Nigeria)>
<Citizen_(Australia)>	<Carry_out_suicide_bombing>	<Iraq>
<Government_(Nepal)>	<Engage_in_negotiation>	<Other_Authorities_/_Officials_(China)>
<Cabinet_/_Council_of_Ministers_/_Advisors_(United_States)>	<MakeStatement>	<Iran>
